time_h,signal_name,value,unit
0.0,DO,98.0,%
0.0,feed_rate,0.0,mL/h
0.0,pH,6.51,-
0.0,temp,29.986,degC
0.0167,DO,98.052,%
0.0167,feed_rate,0.0,mL/h
0.0167,pH,6.496,-
0.0167,temp,29.929,degC
0.0333,DO,98.271,%
0.0333,feed_rate,0.0,mL/h
0.0333,pH,6.493,-
0.0333,temp,29.962,degC
0.05,DO,98.798,%
0.05,feed_rate,0.0,mL/h
0.05,pH,6.496,-
0.05,temp,30.126,degC
0.0667,DO,99.129,%
0.0667,feed_rate,0.0,mL/h
0.0667,pH,6.495,-
0.0667,temp,30.116,degC
0.0833,DO,99.246,%
0.0833,feed_rate,0.0,mL/h
0.0833,pH,6.483,-
0.0833,temp,29.919,degC
0.1,DO,99.513,%
0.1,feed_rate,0.0,mL/h
0.1,pH,6.479,-
0.1,temp,30.04,degC
0.1167,DO,98.677,%
0.1167,feed_rate,0.0,mL/h
0.1167,pH,6.485,-
0.1167,temp,30.063,degC
0.1333,DO,99.162,%
0.1333,feed_rate,0.0,mL/h
0.1333,pH,6.501,-
0.1333,temp,29.985,degC
0.15,DO,98.956,%
0.15,feed_rate,0.0,mL/h
0.15,pH,6.491,-
0.15,temp,30.034,degC
0.1667,DO,98.577,%
0.1667,feed_rate,0.0,mL/h
0.1667,pH,6.494,-
0.1667,temp,29.947,degC
0.1833,DO,98.858,%
0.1833,feed_rate,0.0,mL/h
0.1833,pH,6.527,-
0.1833,temp,29.982,degC
0.2,DO,99.209,%
0.2,feed_rate,0.0,mL/h
0.2,pH,6.509,-
0.2,temp,30.053,degC
0.2167,DO,99.146,%
0.2167,feed_rate,0.0,mL/h
0.2167,pH,6.496,-
0.2167,temp,29.996,degC
0.2333,DO,98.905,%
0.2333,feed_rate,0.0,mL/h
0.2333,pH,6.491,-
0.2333,temp,29.991,degC
0.25,DO,99.043,%
0.25,feed_rate,0.0,mL/h
0.25,pH,6.511,-
0.25,temp,29.986,degC
0.2667,DO,99.129,%
0.2667,feed_rate,0.0,mL/h
0.2667,pH,6.49,-
0.2667,temp,29.929,degC
0.2833,DO,99.635,%
0.2833,feed_rate,0.0,mL/h
0.2833,pH,6.51,-
0.2833,temp,29.946,degC
0.3,DO,99.842,%
0.3,feed_rate,0.0,mL/h
0.3,pH,6.503,-
0.3,temp,29.971,degC
0.3167,DO,99.84,%
0.3167,feed_rate,0.0,mL/h
0.3167,pH,6.511,-
0.3167,temp,29.991,degC
0.3333,DO,100.0,%
0.3333,feed_rate,0.0,mL/h
0.3333,pH,6.49,-
0.3333,temp,29.953,degC
0.35,DO,99.938,%
0.35,feed_rate,0.0,mL/h
0.35,pH,6.506,-
0.35,temp,30.095,degC
0.3667,DO,99.58,%
0.3667,feed_rate,0.0,mL/h
0.3667,pH,6.479,-
0.3667,temp,29.908,degC
0.3833,DO,99.746,%
0.3833,feed_rate,0.0,mL/h
0.3833,pH,6.495,-
0.3833,temp,29.942,degC
0.4,DO,99.878,%
0.4,feed_rate,0.0,mL/h
0.4,pH,6.508,-
0.4,temp,29.965,degC
0.4167,DO,99.744,%
0.4167,feed_rate,0.0,mL/h
0.4167,pH,6.504,-
0.4167,temp,30.025,degC
0.4333,DO,99.466,%
0.4333,feed_rate,0.0,mL/h
0.4333,pH,6.479,-
0.4333,temp,29.924,degC
0.45,DO,99.546,%
0.45,feed_rate,0.0,mL/h
0.45,pH,6.504,-
0.45,temp,30.011,degC
0.4667,DO,98.793,%
0.4667,feed_rate,0.0,mL/h
0.4667,pH,6.501,-
0.4667,temp,29.954,degC
0.4833,DO,99.145,%
0.4833,feed_rate,0.0,mL/h
0.4833,pH,6.496,-
0.4833,temp,29.957,degC
0.5,DO,99.367,%
0.5,feed_rate,0.0,mL/h
0.5,pH,6.489,-
0.5,temp,30.02,degC
0.5167,DO,98.905,%
0.5167,feed_rate,0.0,mL/h
0.5167,pH,6.494,-
0.5167,temp,30.04,degC
0.5333,DO,99.044,%
0.5333,feed_rate,0.0,mL/h
0.5333,pH,6.491,-
0.5333,temp,30.051,degC
0.55,DO,98.848,%
0.55,feed_rate,0.0,mL/h
0.55,pH,6.506,-
0.55,temp,29.937,degC
0.5667,DO,99.207,%
0.5667,feed_rate,0.0,mL/h
0.5667,pH,6.501,-
0.5667,temp,30.051,degC
0.5833,DO,98.656,%
0.5833,feed_rate,0.0,mL/h
0.5833,pH,6.507,-
0.5833,temp,30.052,degC
0.6,DO,98.55,%
0.6,feed_rate,0.0,mL/h
0.6,pH,6.503,-
0.6,temp,30.015,degC
0.6167,DO,98.953,%
0.6167,feed_rate,0.0,mL/h
0.6167,pH,6.483,-
0.6167,temp,30.022,degC
0.6333,DO,99.408,%
0.6333,feed_rate,0.0,mL/h
0.6333,pH,6.497,-
0.6333,temp,30.001,degC
0.65,DO,98.777,%
0.65,feed_rate,0.0,mL/h
0.65,pH,6.517,-
0.65,temp,29.991,degC
0.6667,DO,98.77,%
0.6667,feed_rate,0.0,mL/h
0.6667,pH,6.485,-
0.6667,temp,30.043,degC
0.6833,DO,99.012,%
0.6833,feed_rate,0.0,mL/h
0.6833,pH,6.499,-
0.6833,temp,30.085,degC
0.7,DO,98.924,%
0.7,feed_rate,0.0,mL/h
0.7,pH,6.488,-
0.7,temp,29.986,degC
0.7167,DO,99.512,%
0.7167,feed_rate,0.0,mL/h
0.7167,pH,6.487,-
0.7167,temp,30.018,degC
0.7333,DO,99.148,%
0.7333,feed_rate,0.0,mL/h
0.7333,pH,6.498,-
0.7333,temp,30.048,degC
0.75,DO,99.32,%
0.75,feed_rate,0.0,mL/h
0.75,pH,6.505,-
0.75,temp,29.928,degC
0.7667,DO,99.036,%
0.7667,feed_rate,0.0,mL/h
0.7667,pH,6.503,-
0.7667,temp,30.084,degC
0.7833,DO,99.544,%
0.7833,feed_rate,0.0,mL/h
0.7833,pH,6.5,-
0.7833,temp,30.019,degC
0.8,DO,99.522,%
0.8,feed_rate,0.0,mL/h
0.8,pH,6.505,-
0.8,temp,30.075,degC
0.8167,DO,99.399,%
0.8167,feed_rate,0.0,mL/h
0.8167,pH,6.479,-
0.8167,temp,29.986,degC
0.8333,DO,98.896,%
0.8333,feed_rate,0.0,mL/h
0.8333,pH,6.503,-
0.8333,temp,29.955,degC
0.85,DO,99.513,%
0.85,feed_rate,0.0,mL/h
0.85,pH,6.499,-
0.85,temp,29.993,degC
0.8667,DO,99.727,%
0.8667,feed_rate,0.0,mL/h
0.8667,pH,6.493,-
0.8667,temp,30.016,degC
0.8833,DO,99.898,%
0.8833,feed_rate,0.0,mL/h
0.8833,pH,6.495,-
0.8833,temp,29.953,degC
0.9,DO,100.0,%
0.9,feed_rate,0.0,mL/h
0.9,pH,6.486,-
0.9,temp,30.048,degC
0.9167,DO,100.0,%
0.9167,feed_rate,0.0,mL/h
0.9167,pH,6.507,-
0.9167,temp,30.015,degC
0.9333,DO,99.787,%
0.9333,feed_rate,0.0,mL/h
0.9333,pH,6.487,-
0.9333,temp,29.946,degC
0.95,DO,99.478,%
0.95,feed_rate,0.0,mL/h
0.95,pH,6.48,-
0.95,temp,30.026,degC
0.9667,DO,99.229,%
0.9667,feed_rate,0.0,mL/h
0.9667,pH,6.495,-
0.9667,temp,29.993,degC
0.9833,DO,99.681,%
0.9833,feed_rate,0.0,mL/h
0.9833,pH,6.489,-
0.9833,temp,30.003,degC
1.0,DO,99.193,%
1.0,feed_rate,0.0,mL/h
1.0,pH,6.494,-
1.0,temp,29.981,degC
1.0167,DO,99.061,%
1.0167,feed_rate,0.0,mL/h
1.0167,pH,6.51,-
1.0167,temp,29.965,degC
1.0333,DO,99.037,%
1.0333,feed_rate,0.0,mL/h
1.0333,pH,6.493,-
1.0333,temp,29.939,degC
1.05,DO,99.181,%
1.05,feed_rate,0.0,mL/h
1.05,pH,6.496,-
1.05,temp,30.008,degC
1.0667,DO,99.401,%
1.0667,feed_rate,0.0,mL/h
1.0667,pH,6.517,-
1.0667,temp,30.004,degC
1.0833,DO,99.029,%
1.0833,feed_rate,0.0,mL/h
1.0833,pH,6.48,-
1.0833,temp,30.027,degC
1.1,DO,98.586,%
1.1,feed_rate,0.0,mL/h
1.1,pH,6.498,-
1.1,temp,29.965,degC
1.1167,DO,98.749,%
1.1167,feed_rate,0.0,mL/h
1.1167,pH,6.506,-
1.1167,temp,30.025,degC
1.1333,DO,99.244,%
1.1333,feed_rate,0.0,mL/h
1.1333,pH,6.509,-
1.1333,temp,30.045,degC
1.15,DO,99.503,%
1.15,feed_rate,0.0,mL/h
1.15,pH,6.517,-
1.15,temp,29.942,degC
1.1667,DO,99.547,%
1.1667,feed_rate,0.0,mL/h
1.1667,pH,6.487,-
1.1667,temp,30.012,degC
1.1833,DO,99.421,%
1.1833,feed_rate,0.0,mL/h
1.1833,pH,6.5,-
1.1833,temp,30.116,degC
1.2,DO,99.503,%
1.2,feed_rate,0.0,mL/h
1.2,pH,6.493,-
1.2,temp,29.976,degC
1.2167,DO,99.407,%
1.2167,feed_rate,0.0,mL/h
1.2167,pH,6.489,-
1.2167,temp,29.985,degC
1.2333,DO,99.648,%
1.2333,feed_rate,0.0,mL/h
1.2333,pH,6.486,-
1.2333,temp,29.999,degC
1.25,DO,99.356,%
1.25,feed_rate,0.0,mL/h
1.25,pH,6.479,-
1.25,temp,29.974,degC
1.2667,DO,99.401,%
1.2667,feed_rate,0.0,mL/h
1.2667,pH,6.497,-
1.2667,temp,30.046,degC
1.2833,DO,99.362,%
1.2833,feed_rate,0.0,mL/h
1.2833,pH,6.501,-
1.2833,temp,29.997,degC
1.3,DO,99.527,%
1.3,feed_rate,0.0,mL/h
1.3,pH,6.483,-
1.3,temp,29.995,degC
1.3167,DO,99.562,%
1.3167,feed_rate,0.0,mL/h
1.3167,pH,6.501,-
1.3167,temp,29.961,degC
1.3333,DO,100.0,%
1.3333,feed_rate,0.0,mL/h
1.3333,pH,6.488,-
1.3333,temp,30.029,degC
1.35,DO,100.0,%
1.35,feed_rate,0.0,mL/h
1.35,pH,6.483,-
1.35,temp,29.996,degC
1.3667,DO,100.0,%
1.3667,feed_rate,0.0,mL/h
1.3667,pH,6.467,-
1.3667,temp,29.98,degC
1.3833,DO,99.868,%
1.3833,feed_rate,0.0,mL/h
1.3833,pH,6.504,-
1.3833,temp,29.984,degC
1.4,DO,99.663,%
1.4,feed_rate,0.0,mL/h
1.4,pH,6.5,-
1.4,temp,30.082,degC
1.4167,DO,99.417,%
1.4167,feed_rate,0.0,mL/h
1.4167,pH,6.49,-
1.4167,temp,30.0,degC
1.4333,DO,99.562,%
1.4333,feed_rate,0.0,mL/h
1.4333,pH,6.489,-
1.4333,temp,30.014,degC
1.45,DO,98.834,%
1.45,feed_rate,0.0,mL/h
1.45,pH,6.48,-
1.45,temp,30.07,degC
1.4667,DO,99.286,%
1.4667,feed_rate,0.0,mL/h
1.4667,pH,6.498,-
1.4667,temp,29.995,degC
1.4833,DO,99.616,%
1.4833,feed_rate,0.0,mL/h
1.4833,pH,6.492,-
1.4833,temp,30.05,degC
1.5,DO,99.167,%
1.5,feed_rate,0.0,mL/h
1.5,pH,6.498,-
1.5,temp,29.949,degC
1.5167,DO,98.905,%
1.5167,feed_rate,0.0,mL/h
1.5167,pH,6.494,-
1.5167,temp,30.034,degC
1.5333,DO,98.748,%
1.5333,feed_rate,0.0,mL/h
1.5333,pH,6.478,-
1.5333,temp,29.892,degC
1.55,DO,98.875,%
1.55,feed_rate,0.0,mL/h
1.55,pH,6.477,-
1.55,temp,30.008,degC
1.5667,DO,99.155,%
1.5667,feed_rate,0.0,mL/h
1.5667,pH,6.497,-
1.5667,temp,29.978,degC
1.5833,DO,99.8,%
1.5833,feed_rate,0.0,mL/h
1.5833,pH,6.475,-
1.5833,temp,29.964,degC
1.6,DO,99.642,%
1.6,feed_rate,0.0,mL/h
1.6,pH,6.495,-
1.6,temp,30.056,degC
1.6167,DO,99.804,%
1.6167,feed_rate,0.0,mL/h
1.6167,pH,6.502,-
1.6167,temp,30.038,degC
1.6333,DO,99.75,%
1.6333,feed_rate,0.0,mL/h
1.6333,pH,6.479,-
1.6333,temp,30.044,degC
1.65,DO,100.0,%
1.65,feed_rate,0.0,mL/h
1.65,pH,6.499,-
1.65,temp,30.077,degC
1.6667,DO,100.0,%
1.6667,feed_rate,0.0,mL/h
1.6667,pH,6.493,-
1.6667,temp,30.027,degC
1.6833,DO,100.0,%
1.6833,feed_rate,0.0,mL/h
1.6833,pH,6.498,-
1.6833,temp,30.03,degC
1.7,DO,99.895,%
1.7,feed_rate,0.0,mL/h
1.7,pH,6.486,-
1.7,temp,29.997,degC
1.7167,DO,99.714,%
1.7167,feed_rate,0.0,mL/h
1.7167,pH,6.492,-
1.7167,temp,30.097,degC
1.7333,DO,99.382,%
1.7333,feed_rate,0.0,mL/h
1.7333,pH,6.496,-
1.7333,temp,30.046,degC
1.75,DO,99.811,%
1.75,feed_rate,0.0,mL/h
1.75,pH,6.511,-
1.75,temp,29.96,degC
1.7667,DO,99.9,%
1.7667,feed_rate,0.0,mL/h
1.7667,pH,6.5,-
1.7667,temp,29.956,degC
1.7833,DO,99.681,%
1.7833,feed_rate,0.0,mL/h
1.7833,pH,6.497,-
1.7833,temp,29.962,degC
1.8,DO,99.461,%
1.8,feed_rate,0.0,mL/h
1.8,pH,6.479,-
1.8,temp,29.962,degC
1.8167,DO,99.565,%
1.8167,feed_rate,0.0,mL/h
1.8167,pH,6.495,-
1.8167,temp,30.066,degC
1.8333,DO,99.292,%
1.8333,feed_rate,0.0,mL/h
1.8333,pH,6.485,-
1.8333,temp,30.015,degC
1.85,DO,99.003,%
1.85,feed_rate,0.0,mL/h
1.85,pH,6.491,-
1.85,temp,30.054,degC
1.8667,DO,99.196,%
1.8667,feed_rate,0.0,mL/h
1.8667,pH,6.495,-
1.8667,temp,29.961,degC
1.8833,DO,99.943,%
1.8833,feed_rate,0.0,mL/h
1.8833,pH,6.502,-
1.8833,temp,29.961,degC
1.9,DO,99.727,%
1.9,feed_rate,0.0,mL/h
1.9,pH,6.498,-
1.9,temp,30.062,degC
1.9167,DO,99.461,%
1.9167,feed_rate,0.0,mL/h
1.9167,pH,6.494,-
1.9167,temp,29.897,degC
1.9333,DO,99.063,%
1.9333,feed_rate,0.0,mL/h
1.9333,pH,6.491,-
1.9333,temp,29.939,degC
1.95,DO,98.694,%
1.95,feed_rate,0.0,mL/h
1.95,pH,6.505,-
1.95,temp,29.892,degC
1.9667,DO,98.956,%
1.9667,feed_rate,0.0,mL/h
1.9667,pH,6.483,-
1.9667,temp,29.965,degC
1.9833,DO,99.263,%
1.9833,feed_rate,0.0,mL/h
1.9833,pH,6.492,-
1.9833,temp,30.131,degC
2.0,DO,99.255,%
2.0,feed_rate,0.0,mL/h
2.0,pH,6.505,-
2.0,temp,29.96,degC
2.0167,DO,99.344,%
2.0167,feed_rate,0.0,mL/h
2.0167,pH,6.49,-
2.0167,temp,30.053,degC
2.0333,DO,99.35,%
2.0333,feed_rate,0.0,mL/h
2.0333,pH,6.5,-
2.0333,temp,30.083,degC
2.05,DO,99.361,%
2.05,feed_rate,0.0,mL/h
2.05,pH,6.5,-
2.05,temp,29.965,degC
2.0667,DO,98.869,%
2.0667,feed_rate,0.0,mL/h
2.0667,pH,6.511,-
2.0667,temp,29.963,degC
2.0833,DO,98.795,%
2.0833,feed_rate,0.0,mL/h
2.0833,pH,6.503,-
2.0833,temp,30.016,degC
2.1,DO,98.906,%
2.1,feed_rate,0.0,mL/h
2.1,pH,6.475,-
2.1,temp,30.034,degC
2.1167,DO,98.725,%
2.1167,feed_rate,0.0,mL/h
2.1167,pH,6.491,-
2.1167,temp,29.919,degC
2.1333,DO,98.672,%
2.1333,feed_rate,0.0,mL/h
2.1333,pH,6.494,-
2.1333,temp,29.958,degC
2.15,DO,98.526,%
2.15,feed_rate,0.0,mL/h
2.15,pH,6.499,-
2.15,temp,30.083,degC
2.1667,DO,98.553,%
2.1667,feed_rate,0.0,mL/h
2.1667,pH,6.495,-
2.1667,temp,29.958,degC
2.1833,DO,98.931,%
2.1833,feed_rate,0.0,mL/h
2.1833,pH,6.51,-
2.1833,temp,30.018,degC
2.2,DO,98.853,%
2.2,feed_rate,0.0,mL/h
2.2,pH,6.502,-
2.2,temp,30.052,degC
2.2167,DO,98.867,%
2.2167,feed_rate,0.0,mL/h
2.2167,pH,6.479,-
2.2167,temp,29.982,degC
2.2333,DO,99.167,%
2.2333,feed_rate,0.0,mL/h
2.2333,pH,6.484,-
2.2333,temp,29.99,degC
2.25,DO,99.355,%
2.25,feed_rate,0.0,mL/h
2.25,pH,6.47,-
2.25,temp,29.971,degC
2.2667,DO,99.82,%
2.2667,feed_rate,0.0,mL/h
2.2667,pH,6.508,-
2.2667,temp,29.966,degC
2.2833,DO,99.055,%
2.2833,feed_rate,0.0,mL/h
2.2833,pH,6.489,-
2.2833,temp,29.968,degC
2.3,DO,99.327,%
2.3,feed_rate,0.0,mL/h
2.3,pH,6.489,-
2.3,temp,29.916,degC
2.3167,DO,99.141,%
2.3167,feed_rate,0.0,mL/h
2.3167,pH,6.474,-
2.3167,temp,29.974,degC
2.3333,DO,99.177,%
2.3333,feed_rate,0.0,mL/h
2.3333,pH,6.485,-
2.3333,temp,29.988,degC
2.35,DO,99.415,%
2.35,feed_rate,0.0,mL/h
2.35,pH,6.494,-
2.35,temp,30.036,degC
2.3667,DO,99.679,%
2.3667,feed_rate,0.0,mL/h
2.3667,pH,6.485,-
2.3667,temp,29.978,degC
2.3833,DO,99.875,%
2.3833,feed_rate,0.0,mL/h
2.3833,pH,6.485,-
2.3833,temp,29.966,degC
2.4,DO,99.766,%
2.4,feed_rate,0.0,mL/h
2.4,pH,6.483,-
2.4,temp,30.096,degC
2.4167,DO,100.0,%
2.4167,feed_rate,0.0,mL/h
2.4167,pH,6.509,-
2.4167,temp,29.999,degC
2.4333,DO,99.824,%
2.4333,feed_rate,0.0,mL/h
2.4333,pH,6.483,-
2.4333,temp,29.988,degC
2.45,DO,99.634,%
2.45,feed_rate,0.0,mL/h
2.45,pH,6.474,-
2.45,temp,29.973,degC
2.4667,DO,99.763,%
2.4667,feed_rate,0.0,mL/h
2.4667,pH,6.483,-
2.4667,temp,29.999,degC
2.4833,DO,99.459,%
2.4833,feed_rate,0.0,mL/h
2.4833,pH,6.485,-
2.4833,temp,29.955,degC
2.5,DO,100.0,%
2.5,feed_rate,0.0,mL/h
2.5,pH,6.487,-
2.5,temp,29.973,degC
2.5167,DO,100.0,%
2.5167,feed_rate,0.0,mL/h
2.5167,pH,6.486,-
2.5167,temp,29.956,degC
2.5333,DO,100.0,%
2.5333,feed_rate,0.0,mL/h
2.5333,pH,6.477,-
2.5333,temp,29.938,degC
2.55,DO,100.0,%
2.55,feed_rate,0.0,mL/h
2.55,pH,6.486,-
2.55,temp,29.977,degC
2.5667,DO,99.906,%
2.5667,feed_rate,0.0,mL/h
2.5667,pH,6.492,-
2.5667,temp,29.929,degC
2.5833,DO,99.784,%
2.5833,feed_rate,0.0,mL/h
2.5833,pH,6.474,-
2.5833,temp,30.087,degC
2.6,DO,99.855,%
2.6,feed_rate,0.0,mL/h
2.6,pH,6.508,-
2.6,temp,29.941,degC
2.6167,DO,99.514,%
2.6167,feed_rate,0.0,mL/h
2.6167,pH,6.505,-
2.6167,temp,30.089,degC
2.6333,DO,99.53,%
2.6333,feed_rate,0.0,mL/h
2.6333,pH,6.469,-
2.6333,temp,30.016,degC
2.65,DO,99.424,%
2.65,feed_rate,0.0,mL/h
2.65,pH,6.484,-
2.65,temp,30.044,degC
2.6667,DO,99.827,%
2.6667,feed_rate,0.0,mL/h
2.6667,pH,6.498,-
2.6667,temp,30.073,degC
2.6833,DO,99.465,%
2.6833,feed_rate,0.0,mL/h
2.6833,pH,6.501,-
2.6833,temp,29.916,degC
2.7,DO,99.687,%
2.7,feed_rate,0.0,mL/h
2.7,pH,6.505,-
2.7,temp,30.083,degC
2.7167,DO,99.356,%
2.7167,feed_rate,0.0,mL/h
2.7167,pH,6.468,-
2.7167,temp,30.025,degC
2.7333,DO,98.996,%
2.7333,feed_rate,0.0,mL/h
2.7333,pH,6.476,-
2.7333,temp,29.975,degC
2.75,DO,98.781,%
2.75,feed_rate,0.0,mL/h
2.75,pH,6.482,-
2.75,temp,29.962,degC
2.7667,DO,98.465,%
2.7667,feed_rate,0.0,mL/h
2.7667,pH,6.493,-
2.7667,temp,30.018,degC
2.7833,DO,98.611,%
2.7833,feed_rate,0.0,mL/h
2.7833,pH,6.476,-
2.7833,temp,29.919,degC
2.8,DO,98.993,%
2.8,feed_rate,0.0,mL/h
2.8,pH,6.491,-
2.8,temp,30.091,degC
2.8167,DO,99.037,%
2.8167,feed_rate,0.0,mL/h
2.8167,pH,6.491,-
2.8167,temp,29.992,degC
2.8333,DO,99.209,%
2.8333,feed_rate,0.0,mL/h
2.8333,pH,6.494,-
2.8333,temp,30.041,degC
2.85,DO,99.648,%
2.85,feed_rate,0.0,mL/h
2.85,pH,6.474,-
2.85,temp,30.007,degC
2.8667,DO,99.589,%
2.8667,feed_rate,0.0,mL/h
2.8667,pH,6.489,-
2.8667,temp,29.98,degC
2.8833,DO,99.519,%
2.8833,feed_rate,0.0,mL/h
2.8833,pH,6.487,-
2.8833,temp,29.983,degC
2.9,DO,99.32,%
2.9,feed_rate,0.0,mL/h
2.9,pH,6.482,-
2.9,temp,29.958,degC
2.9167,DO,98.76,%
2.9167,feed_rate,0.0,mL/h
2.9167,pH,6.5,-
2.9167,temp,30.066,degC
2.9333,DO,99.022,%
2.9333,feed_rate,0.0,mL/h
2.9333,pH,6.484,-
2.9333,temp,30.002,degC
2.95,DO,98.474,%
2.95,feed_rate,0.0,mL/h
2.95,pH,6.501,-
2.95,temp,30.029,degC
2.9667,DO,98.758,%
2.9667,feed_rate,0.0,mL/h
2.9667,pH,6.481,-
2.9667,temp,30.026,degC
2.9833,DO,98.784,%
2.9833,feed_rate,0.0,mL/h
2.9833,pH,6.504,-
2.9833,temp,30.037,degC
3.0,DO,99.146,%
3.0,feed_rate,0.0,mL/h
3.0,pH,6.503,-
3.0,temp,30.026,degC
3.0167,DO,99.076,%
3.0167,feed_rate,0.0,mL/h
3.0167,pH,6.478,-
3.0167,temp,30.067,degC
3.0333,DO,98.792,%
3.0333,feed_rate,0.0,mL/h
3.0333,pH,6.49,-
3.0333,temp,29.971,degC
3.05,DO,98.918,%
3.05,feed_rate,0.0,mL/h
3.05,pH,6.49,-
3.05,temp,29.953,degC
3.0667,DO,98.742,%
3.0667,feed_rate,0.0,mL/h
3.0667,pH,6.477,-
3.0667,temp,29.997,degC
3.0833,DO,98.714,%
3.0833,feed_rate,0.0,mL/h
3.0833,pH,6.494,-
3.0833,temp,29.987,degC
3.1,DO,98.757,%
3.1,feed_rate,0.0,mL/h
3.1,pH,6.492,-
3.1,temp,30.006,degC
3.1167,DO,98.738,%
3.1167,feed_rate,0.0,mL/h
3.1167,pH,6.478,-
3.1167,temp,30.063,degC
3.1333,DO,98.704,%
3.1333,feed_rate,0.0,mL/h
3.1333,pH,6.487,-
3.1333,temp,30.052,degC
3.15,DO,98.484,%
3.15,feed_rate,0.0,mL/h
3.15,pH,6.495,-
3.15,temp,30.032,degC
3.1667,DO,98.499,%
3.1667,feed_rate,0.0,mL/h
3.1667,pH,6.485,-
3.1667,temp,29.965,degC
3.1833,DO,97.925,%
3.1833,feed_rate,0.0,mL/h
3.1833,pH,6.479,-
3.1833,temp,30.03,degC
3.2,DO,98.058,%
3.2,feed_rate,0.0,mL/h
3.2,pH,6.503,-
3.2,temp,30.013,degC
3.2167,DO,97.852,%
3.2167,feed_rate,0.0,mL/h
3.2167,pH,6.476,-
3.2167,temp,30.042,degC
3.2333,DO,98.381,%
3.2333,feed_rate,0.0,mL/h
3.2333,pH,6.49,-
3.2333,temp,30.004,degC
3.25,DO,98.848,%
3.25,feed_rate,0.0,mL/h
3.25,pH,6.498,-
3.25,temp,29.984,degC
3.2667,DO,98.254,%
3.2667,feed_rate,0.0,mL/h
3.2667,pH,6.494,-
3.2667,temp,30.011,degC
3.2833,DO,98.406,%
3.2833,feed_rate,0.0,mL/h
3.2833,pH,6.467,-
3.2833,temp,29.968,degC
3.3,DO,98.445,%
3.3,feed_rate,0.0,mL/h
3.3,pH,6.483,-
3.3,temp,29.96,degC
3.3167,DO,98.199,%
3.3167,feed_rate,0.0,mL/h
3.3167,pH,6.485,-
3.3167,temp,30.016,degC
3.3333,DO,98.474,%
3.3333,feed_rate,0.0,mL/h
3.3333,pH,6.484,-
3.3333,temp,30.004,degC
3.35,DO,98.395,%
3.35,feed_rate,0.0,mL/h
3.35,pH,6.492,-
3.35,temp,30.054,degC
3.3667,DO,97.939,%
3.3667,feed_rate,0.0,mL/h
3.3667,pH,6.491,-
3.3667,temp,30.012,degC
3.3833,DO,98.023,%
3.3833,feed_rate,0.0,mL/h
3.3833,pH,6.487,-
3.3833,temp,29.945,degC
3.4,DO,98.124,%
3.4,feed_rate,0.0,mL/h
3.4,pH,6.489,-
3.4,temp,30.073,degC
3.4167,DO,98.28,%
3.4167,feed_rate,0.0,mL/h
3.4167,pH,6.496,-
3.4167,temp,30.086,degC
3.4333,DO,98.002,%
3.4333,feed_rate,0.0,mL/h
3.4333,pH,6.499,-
3.4333,temp,29.949,degC
3.45,DO,98.333,%
3.45,feed_rate,0.0,mL/h
3.45,pH,6.467,-
3.45,temp,29.974,degC
3.4667,DO,98.632,%
3.4667,feed_rate,0.0,mL/h
3.4667,pH,6.508,-
3.4667,temp,30.053,degC
3.4833,DO,98.305,%
3.4833,feed_rate,0.0,mL/h
3.4833,pH,6.48,-
3.4833,temp,30.013,degC
3.5,DO,98.188,%
3.5,feed_rate,0.0,mL/h
3.5,pH,6.494,-
3.5,temp,29.93,degC
3.5167,DO,98.267,%
3.5167,feed_rate,0.0,mL/h
3.5167,pH,6.469,-
3.5167,temp,30.06,degC
3.5333,DO,98.183,%
3.5333,feed_rate,0.0,mL/h
3.5333,pH,6.48,-
3.5333,temp,30.008,degC
3.55,DO,98.808,%
3.55,feed_rate,0.0,mL/h
3.55,pH,6.473,-
3.55,temp,30.02,degC
3.5667,DO,98.845,%
3.5667,feed_rate,0.0,mL/h
3.5667,pH,6.497,-
3.5667,temp,30.062,degC
3.5833,DO,98.508,%
3.5833,feed_rate,0.0,mL/h
3.5833,pH,6.494,-
3.5833,temp,29.97,degC
3.6,DO,98.303,%
3.6,feed_rate,0.0,mL/h
3.6,pH,6.485,-
3.6,temp,29.967,degC
3.6167,DO,98.358,%
3.6167,feed_rate,0.0,mL/h
3.6167,pH,6.484,-
3.6167,temp,30.036,degC
3.6333,DO,99.106,%
3.6333,feed_rate,0.0,mL/h
3.6333,pH,6.489,-
3.6333,temp,30.049,degC
3.65,DO,98.96,%
3.65,feed_rate,0.0,mL/h
3.65,pH,6.476,-
3.65,temp,30.008,degC
3.6667,DO,98.934,%
3.6667,feed_rate,0.0,mL/h
3.6667,pH,6.479,-
3.6667,temp,30.06,degC
3.6833,DO,99.028,%
3.6833,feed_rate,0.0,mL/h
3.6833,pH,6.477,-
3.6833,temp,30.024,degC
3.7,DO,98.935,%
3.7,feed_rate,0.0,mL/h
3.7,pH,6.493,-
3.7,temp,30.057,degC
3.7167,DO,99.556,%
3.7167,feed_rate,0.0,mL/h
3.7167,pH,6.485,-
3.7167,temp,29.962,degC
3.7333,DO,99.207,%
3.7333,feed_rate,0.0,mL/h
3.7333,pH,6.472,-
3.7333,temp,29.992,degC
3.75,DO,99.309,%
3.75,feed_rate,0.0,mL/h
3.75,pH,6.488,-
3.75,temp,30.055,degC
3.7667,DO,99.214,%
3.7667,feed_rate,0.0,mL/h
3.7667,pH,6.49,-
3.7667,temp,29.96,degC
3.7833,DO,99.275,%
3.7833,feed_rate,0.0,mL/h
3.7833,pH,6.499,-
3.7833,temp,29.962,degC
3.8,DO,98.783,%
3.8,feed_rate,0.0,mL/h
3.8,pH,6.479,-
3.8,temp,30.009,degC
3.8167,DO,99.271,%
3.8167,feed_rate,0.0,mL/h
3.8167,pH,6.489,-
3.8167,temp,29.988,degC
3.8333,DO,99.093,%
3.8333,feed_rate,0.0,mL/h
3.8333,pH,6.506,-
3.8333,temp,29.955,degC
3.85,DO,98.996,%
3.85,feed_rate,0.0,mL/h
3.85,pH,6.481,-
3.85,temp,29.92,degC
3.8667,DO,98.626,%
3.8667,feed_rate,0.0,mL/h
3.8667,pH,6.481,-
3.8667,temp,30.069,degC
3.8833,DO,98.39,%
3.8833,feed_rate,0.0,mL/h
3.8833,pH,6.489,-
3.8833,temp,30.004,degC
3.9,DO,98.588,%
3.9,feed_rate,0.0,mL/h
3.9,pH,6.479,-
3.9,temp,30.072,degC
3.9167,DO,98.871,%
3.9167,feed_rate,0.0,mL/h
3.9167,pH,6.484,-
3.9167,temp,29.957,degC
3.9333,DO,99.026,%
3.9333,feed_rate,0.0,mL/h
3.9333,pH,6.479,-
3.9333,temp,30.005,degC
3.95,DO,99.285,%
3.95,feed_rate,0.0,mL/h
3.95,pH,6.476,-
3.95,temp,29.993,degC
3.9667,DO,99.343,%
3.9667,feed_rate,0.0,mL/h
3.9667,pH,6.493,-
3.9667,temp,30.006,degC
3.9833,DO,99.181,%
3.9833,feed_rate,0.0,mL/h
3.9833,pH,6.48,-
3.9833,temp,29.923,degC
4.0,DO,99.293,%
4.0,feed_rate,0.0,mL/h
4.0,pH,6.474,-
4.0,temp,30.062,degC
4.0167,DO,99.308,%
4.0167,feed_rate,0.0,mL/h
4.0167,pH,6.481,-
4.0167,temp,29.987,degC
4.0333,DO,99.109,%
4.0333,feed_rate,0.0,mL/h
4.0333,pH,6.482,-
4.0333,temp,30.012,degC
4.05,DO,99.197,%
4.05,feed_rate,0.0,mL/h
4.05,pH,6.487,-
4.05,temp,29.952,degC
4.0667,DO,99.434,%
4.0667,feed_rate,0.0,mL/h
4.0667,pH,6.493,-
4.0667,temp,30.077,degC
4.0833,DO,99.306,%
4.0833,feed_rate,0.0,mL/h
4.0833,pH,6.501,-
4.0833,temp,29.925,degC
4.1,DO,99.025,%
4.1,feed_rate,0.0,mL/h
4.1,pH,6.471,-
4.1,temp,30.095,degC
4.1167,DO,99.121,%
4.1167,feed_rate,0.0,mL/h
4.1167,pH,6.481,-
4.1167,temp,29.98,degC
4.1333,DO,99.551,%
4.1333,feed_rate,0.0,mL/h
4.1333,pH,6.465,-
4.1333,temp,29.983,degC
4.15,DO,99.259,%
4.15,feed_rate,0.0,mL/h
4.15,pH,6.485,-
4.15,temp,29.966,degC
4.1667,DO,99.06,%
4.1667,feed_rate,0.0,mL/h
4.1667,pH,6.488,-
4.1667,temp,30.07,degC
4.1833,DO,98.885,%
4.1833,feed_rate,0.0,mL/h
4.1833,pH,6.476,-
4.1833,temp,29.957,degC
4.2,DO,99.152,%
4.2,feed_rate,0.0,mL/h
4.2,pH,6.474,-
4.2,temp,29.957,degC
4.2167,DO,98.445,%
4.2167,feed_rate,0.0,mL/h
4.2167,pH,6.473,-
4.2167,temp,29.953,degC
4.2333,DO,98.539,%
4.2333,feed_rate,0.0,mL/h
4.2333,pH,6.467,-
4.2333,temp,30.024,degC
4.25,DO,98.861,%
4.25,feed_rate,0.0,mL/h
4.25,pH,6.489,-
4.25,temp,30.027,degC
4.2667,DO,98.514,%
4.2667,feed_rate,0.0,mL/h
4.2667,pH,6.502,-
4.2667,temp,29.964,degC
4.2833,DO,98.926,%
4.2833,feed_rate,0.0,mL/h
4.2833,pH,6.471,-
4.2833,temp,30.025,degC
4.3,DO,98.968,%
4.3,feed_rate,0.0,mL/h
4.3,pH,6.499,-
4.3,temp,30.076,degC
4.3167,DO,98.674,%
4.3167,feed_rate,0.0,mL/h
4.3167,pH,6.481,-
4.3167,temp,30.034,degC
4.3333,DO,98.663,%
4.3333,feed_rate,0.0,mL/h
4.3333,pH,6.468,-
4.3333,temp,30.019,degC
4.35,DO,98.131,%
4.35,feed_rate,0.0,mL/h
4.35,pH,6.488,-
4.35,temp,29.949,degC
4.3667,DO,97.994,%
4.3667,feed_rate,0.0,mL/h
4.3667,pH,6.49,-
4.3667,temp,30.077,degC
4.3833,DO,98.6,%
4.3833,feed_rate,0.0,mL/h
4.3833,pH,6.486,-
4.3833,temp,30.033,degC
4.4,DO,98.268,%
4.4,feed_rate,0.0,mL/h
4.4,pH,6.479,-
4.4,temp,29.929,degC
4.4167,DO,98.821,%
4.4167,feed_rate,0.0,mL/h
4.4167,pH,6.499,-
4.4167,temp,29.963,degC
4.4333,DO,98.684,%
4.4333,feed_rate,0.0,mL/h
4.4333,pH,6.479,-
4.4333,temp,29.863,degC
4.45,DO,98.895,%
4.45,feed_rate,0.0,mL/h
4.45,pH,6.488,-
4.45,temp,30.025,degC
4.4667,DO,98.777,%
4.4667,feed_rate,0.0,mL/h
4.4667,pH,6.488,-
4.4667,temp,29.938,degC
4.4833,DO,97.995,%
4.4833,feed_rate,0.0,mL/h
4.4833,pH,6.472,-
4.4833,temp,29.986,degC
4.5,DO,97.869,%
4.5,feed_rate,0.0,mL/h
4.5,pH,6.463,-
4.5,temp,30.068,degC
4.5167,DO,97.994,%
4.5167,feed_rate,0.0,mL/h
4.5167,pH,6.464,-
4.5167,temp,29.928,degC
4.5333,DO,97.69,%
4.5333,feed_rate,0.0,mL/h
4.5333,pH,6.477,-
4.5333,temp,30.041,degC
4.55,DO,97.386,%
4.55,feed_rate,0.0,mL/h
4.55,pH,6.485,-
4.55,temp,29.983,degC
4.5667,DO,97.655,%
4.5667,feed_rate,0.0,mL/h
4.5667,pH,6.463,-
4.5667,temp,29.944,degC
4.5833,DO,97.564,%
4.5833,feed_rate,0.0,mL/h
4.5833,pH,6.474,-
4.5833,temp,30.062,degC
4.6,DO,97.175,%
4.6,feed_rate,0.0,mL/h
4.6,pH,6.496,-
4.6,temp,30.018,degC
4.6167,DO,97.165,%
4.6167,feed_rate,0.0,mL/h
4.6167,pH,6.462,-
4.6167,temp,29.963,degC
4.6333,DO,97.619,%
4.6333,feed_rate,0.0,mL/h
4.6333,pH,6.485,-
4.6333,temp,30.024,degC
4.65,DO,97.58,%
4.65,feed_rate,0.0,mL/h
4.65,pH,6.484,-
4.65,temp,29.968,degC
4.6667,DO,97.969,%
4.6667,feed_rate,0.0,mL/h
4.6667,pH,6.488,-
4.6667,temp,29.955,degC
4.6833,DO,98.456,%
4.6833,feed_rate,0.0,mL/h
4.6833,pH,6.465,-
4.6833,temp,29.979,degC
4.7,DO,98.395,%
4.7,feed_rate,0.0,mL/h
4.7,pH,6.484,-
4.7,temp,30.047,degC
4.7167,DO,97.996,%
4.7167,feed_rate,0.0,mL/h
4.7167,pH,6.466,-
4.7167,temp,29.918,degC
4.7333,DO,97.623,%
4.7333,feed_rate,0.0,mL/h
4.7333,pH,6.494,-
4.7333,temp,29.932,degC
4.75,DO,97.705,%
4.75,feed_rate,0.0,mL/h
4.75,pH,6.471,-
4.75,temp,30.041,degC
4.7667,DO,98.041,%
4.7667,feed_rate,0.0,mL/h
4.7667,pH,6.484,-
4.7667,temp,29.927,degC
4.7833,DO,98.124,%
4.7833,feed_rate,0.0,mL/h
4.7833,pH,6.472,-
4.7833,temp,29.987,degC
4.8,DO,98.272,%
4.8,feed_rate,0.0,mL/h
4.8,pH,6.481,-
4.8,temp,29.982,degC
4.8167,DO,98.091,%
4.8167,feed_rate,0.0,mL/h
4.8167,pH,6.464,-
4.8167,temp,29.933,degC
4.8333,DO,98.167,%
4.8333,feed_rate,0.0,mL/h
4.8333,pH,6.483,-
4.8333,temp,29.96,degC
4.85,DO,97.994,%
4.85,feed_rate,0.0,mL/h
4.85,pH,6.486,-
4.85,temp,29.99,degC
4.8667,DO,97.898,%
4.8667,feed_rate,0.0,mL/h
4.8667,pH,6.479,-
4.8667,temp,29.993,degC
4.8833,DO,97.528,%
4.8833,feed_rate,0.0,mL/h
4.8833,pH,6.496,-
4.8833,temp,30.028,degC
4.9,DO,97.147,%
4.9,feed_rate,0.0,mL/h
4.9,pH,6.483,-
4.9,temp,30.008,degC
4.9167,DO,97.166,%
4.9167,feed_rate,0.0,mL/h
4.9167,pH,6.487,-
4.9167,temp,30.042,degC
4.9333,DO,96.992,%
4.9333,feed_rate,0.0,mL/h
4.9333,pH,6.484,-
4.9333,temp,30.007,degC
4.95,DO,96.895,%
4.95,feed_rate,0.0,mL/h
4.95,pH,6.498,-
4.95,temp,29.975,degC
4.9667,DO,97.305,%
4.9667,feed_rate,0.0,mL/h
4.9667,pH,6.472,-
4.9667,temp,30.028,degC
4.9833,DO,97.396,%
4.9833,feed_rate,0.0,mL/h
4.9833,pH,6.476,-
4.9833,temp,30.019,degC
5.0,DO,98.374,%
5.0,feed_rate,0.0,mL/h
5.0,pH,6.477,-
5.0,temp,30.04,degC
5.0167,DO,98.558,%
5.0167,feed_rate,0.0,mL/h
5.0167,pH,6.485,-
5.0167,temp,29.99,degC
5.0333,DO,98.234,%
5.0333,feed_rate,0.0,mL/h
5.0333,pH,6.482,-
5.0333,temp,29.99,degC
5.05,DO,98.397,%
5.05,feed_rate,0.0,mL/h
5.05,pH,6.487,-
5.05,temp,29.991,degC
5.0667,DO,98.398,%
5.0667,feed_rate,0.0,mL/h
5.0667,pH,6.482,-
5.0667,temp,29.923,degC
5.0833,DO,98.084,%
5.0833,feed_rate,0.0,mL/h
5.0833,pH,6.474,-
5.0833,temp,30.02,degC
5.1,DO,98.367,%
5.1,feed_rate,0.0,mL/h
5.1,pH,6.478,-
5.1,temp,29.964,degC
5.1167,DO,98.028,%
5.1167,feed_rate,0.0,mL/h
5.1167,pH,6.483,-
5.1167,temp,29.96,degC
5.1333,DO,97.07,%
5.1333,feed_rate,0.0,mL/h
5.1333,pH,6.455,-
5.1333,temp,29.979,degC
5.15,DO,97.456,%
5.15,feed_rate,0.0,mL/h
5.15,pH,6.493,-
5.15,temp,30.101,degC
5.1667,DO,97.34,%
5.1667,feed_rate,0.0,mL/h
5.1667,pH,6.473,-
5.1667,temp,29.958,degC
5.1833,DO,97.875,%
5.1833,feed_rate,0.0,mL/h
5.1833,pH,6.475,-
5.1833,temp,30.072,degC
5.2,DO,97.661,%
5.2,feed_rate,0.0,mL/h
5.2,pH,6.481,-
5.2,temp,29.893,degC
5.2167,DO,97.327,%
5.2167,feed_rate,0.0,mL/h
5.2167,pH,6.476,-
5.2167,temp,29.983,degC
5.2333,DO,97.877,%
5.2333,feed_rate,0.0,mL/h
5.2333,pH,6.464,-
5.2333,temp,30.093,degC
5.25,DO,97.527,%
5.25,feed_rate,0.0,mL/h
5.25,pH,6.476,-
5.25,temp,30.006,degC
5.2667,DO,97.629,%
5.2667,feed_rate,0.0,mL/h
5.2667,pH,6.492,-
5.2667,temp,30.017,degC
5.2833,DO,98.081,%
5.2833,feed_rate,0.0,mL/h
5.2833,pH,6.489,-
5.2833,temp,29.97,degC
5.3,DO,98.04,%
5.3,feed_rate,0.0,mL/h
5.3,pH,6.491,-
5.3,temp,29.901,degC
5.3167,DO,97.947,%
5.3167,feed_rate,0.0,mL/h
5.3167,pH,6.473,-
5.3167,temp,30.024,degC
5.3333,DO,97.924,%
5.3333,feed_rate,0.0,mL/h
5.3333,pH,6.476,-
5.3333,temp,30.044,degC
5.35,DO,98.125,%
5.35,feed_rate,0.0,mL/h
5.35,pH,6.489,-
5.35,temp,30.051,degC
5.3667,DO,97.789,%
5.3667,feed_rate,0.0,mL/h
5.3667,pH,6.493,-
5.3667,temp,30.094,degC
5.3833,DO,97.943,%
5.3833,feed_rate,0.0,mL/h
5.3833,pH,6.478,-
5.3833,temp,29.995,degC
5.4,DO,98.054,%
5.4,feed_rate,0.0,mL/h
5.4,pH,6.468,-
5.4,temp,30.025,degC
5.4167,DO,98.667,%
5.4167,feed_rate,0.0,mL/h
5.4167,pH,6.458,-
5.4167,temp,29.893,degC
5.4333,DO,98.354,%
5.4333,feed_rate,0.0,mL/h
5.4333,pH,6.492,-
5.4333,temp,29.982,degC
5.45,DO,97.927,%
5.45,feed_rate,0.0,mL/h
5.45,pH,6.462,-
5.45,temp,30.006,degC
5.4667,DO,98.079,%
5.4667,feed_rate,0.0,mL/h
5.4667,pH,6.482,-
5.4667,temp,30.062,degC
5.4833,DO,97.858,%
5.4833,feed_rate,0.0,mL/h
5.4833,pH,6.487,-
5.4833,temp,30.091,degC
5.5,DO,97.884,%
5.5,feed_rate,0.0,mL/h
5.5,pH,6.511,-
5.5,temp,30.08,degC
5.5167,DO,97.856,%
5.5167,feed_rate,0.0,mL/h
5.5167,pH,6.48,-
5.5167,temp,30.022,degC
5.5333,DO,98.141,%
5.5333,feed_rate,0.0,mL/h
5.5333,pH,6.476,-
5.5333,temp,29.993,degC
5.55,DO,97.819,%
5.55,feed_rate,0.0,mL/h
5.55,pH,6.482,-
5.55,temp,29.996,degC
5.5667,DO,97.728,%
5.5667,feed_rate,0.0,mL/h
5.5667,pH,6.483,-
5.5667,temp,29.997,degC
5.5833,DO,96.915,%
5.5833,feed_rate,0.0,mL/h
5.5833,pH,6.491,-
5.5833,temp,30.007,degC
5.6,DO,96.761,%
5.6,feed_rate,0.0,mL/h
5.6,pH,6.484,-
5.6,temp,30.058,degC
5.6167,DO,97.362,%
5.6167,feed_rate,0.0,mL/h
5.6167,pH,6.47,-
5.6167,temp,29.99,degC
5.6333,DO,97.176,%
5.6333,feed_rate,0.0,mL/h
5.6333,pH,6.456,-
5.6333,temp,29.917,degC
5.65,DO,97.018,%
5.65,feed_rate,0.0,mL/h
5.65,pH,6.48,-
5.65,temp,29.94,degC
5.6667,DO,96.734,%
5.6667,feed_rate,0.0,mL/h
5.6667,pH,6.47,-
5.6667,temp,30.146,degC
5.6833,DO,97.043,%
5.6833,feed_rate,0.0,mL/h
5.6833,pH,6.492,-
5.6833,temp,30.067,degC
5.7,DO,97.167,%
5.7,feed_rate,0.0,mL/h
5.7,pH,6.464,-
5.7,temp,29.975,degC
5.7167,DO,96.855,%
5.7167,feed_rate,0.0,mL/h
5.7167,pH,6.479,-
5.7167,temp,29.987,degC
5.7333,DO,97.158,%
5.7333,feed_rate,0.0,mL/h
5.7333,pH,6.47,-
5.7333,temp,30.036,degC
5.75,DO,97.276,%
5.75,feed_rate,0.0,mL/h
5.75,pH,6.468,-
5.75,temp,30.015,degC
5.7667,DO,97.515,%
5.7667,feed_rate,0.0,mL/h
5.7667,pH,6.494,-
5.7667,temp,30.016,degC
5.7833,DO,97.285,%
5.7833,feed_rate,0.0,mL/h
5.7833,pH,6.479,-
5.7833,temp,29.902,degC
5.8,DO,97.813,%
5.8,feed_rate,0.0,mL/h
5.8,pH,6.475,-
5.8,temp,29.931,degC
5.8167,DO,97.833,%
5.8167,feed_rate,0.0,mL/h
5.8167,pH,6.484,-
5.8167,temp,30.007,degC
5.8333,DO,97.689,%
5.8333,feed_rate,0.0,mL/h
5.8333,pH,6.469,-
5.8333,temp,30.035,degC
5.85,DO,97.45,%
5.85,feed_rate,0.0,mL/h
5.85,pH,6.473,-
5.85,temp,30.016,degC
5.8667,DO,97.338,%
5.8667,feed_rate,0.0,mL/h
5.8667,pH,6.47,-
5.8667,temp,30.078,degC
5.8833,DO,97.577,%
5.8833,feed_rate,0.0,mL/h
5.8833,pH,6.497,-
5.8833,temp,30.003,degC
5.9,DO,97.426,%
5.9,feed_rate,0.0,mL/h
5.9,pH,6.48,-
5.9,temp,30.013,degC
5.9167,DO,97.708,%
5.9167,feed_rate,0.0,mL/h
5.9167,pH,6.483,-
5.9167,temp,30.003,degC
5.9333,DO,97.78,%
5.9333,feed_rate,0.0,mL/h
5.9333,pH,6.488,-
5.9333,temp,30.049,degC
5.95,DO,98.065,%
5.95,feed_rate,0.0,mL/h
5.95,pH,6.474,-
5.95,temp,29.97,degC
5.9667,DO,98.131,%
5.9667,feed_rate,0.0,mL/h
5.9667,pH,6.475,-
5.9667,temp,30.102,degC
5.9833,DO,97.917,%
5.9833,feed_rate,0.0,mL/h
5.9833,pH,6.459,-
5.9833,temp,29.947,degC
6.0,DO,97.189,%
6.0,feed_rate,0.0,mL/h
6.0,pH,6.481,-
6.0,temp,30.039,degC
6.0167,DO,97.266,%
6.0167,feed_rate,0.0,mL/h
6.0167,pH,6.479,-
6.0167,temp,30.036,degC
6.0333,DO,97.472,%
6.0333,feed_rate,0.0,mL/h
6.0333,pH,6.472,-
6.0333,temp,30.079,degC
6.05,DO,97.446,%
6.05,feed_rate,0.0,mL/h
6.05,pH,6.488,-
6.05,temp,29.944,degC
6.0667,DO,97.54,%
6.0667,feed_rate,0.0,mL/h
6.0667,pH,6.457,-
6.0667,temp,29.955,degC
6.0833,DO,97.304,%
6.0833,feed_rate,0.0,mL/h
6.0833,pH,6.48,-
6.0833,temp,29.986,degC
6.1,DO,97.139,%
6.1,feed_rate,0.0,mL/h
6.1,pH,6.461,-
6.1,temp,30.036,degC
6.1167,DO,96.836,%
6.1167,feed_rate,0.0,mL/h
6.1167,pH,6.464,-
6.1167,temp,30.043,degC
6.1333,DO,97.281,%
6.1333,feed_rate,0.0,mL/h
6.1333,pH,6.473,-
6.1333,temp,29.872,degC
6.15,DO,97.273,%
6.15,feed_rate,0.0,mL/h
6.15,pH,6.489,-
6.15,temp,29.985,degC
6.1667,DO,97.069,%
6.1667,feed_rate,0.0,mL/h
6.1667,pH,6.463,-
6.1667,temp,30.012,degC
6.1833,DO,96.65,%
6.1833,feed_rate,0.0,mL/h
6.1833,pH,6.465,-
6.1833,temp,30.017,degC
6.2,DO,96.666,%
6.2,feed_rate,0.0,mL/h
6.2,pH,6.463,-
6.2,temp,30.018,degC
6.2167,DO,97.154,%
6.2167,feed_rate,0.0,mL/h
6.2167,pH,6.496,-
6.2167,temp,29.993,degC
6.2333,DO,97.247,%
6.2333,feed_rate,0.0,mL/h
6.2333,pH,6.48,-
6.2333,temp,30.005,degC
6.25,DO,96.962,%
6.25,feed_rate,0.0,mL/h
6.25,pH,6.479,-
6.25,temp,29.906,degC
6.2667,DO,97.377,%
6.2667,feed_rate,0.0,mL/h
6.2667,pH,6.496,-
6.2667,temp,30.043,degC
6.2833,DO,97.706,%
6.2833,feed_rate,0.0,mL/h
6.2833,pH,6.477,-
6.2833,temp,29.879,degC
6.3,DO,97.832,%
6.3,feed_rate,0.0,mL/h
6.3,pH,6.453,-
6.3,temp,29.99,degC
6.3167,DO,97.871,%
6.3167,feed_rate,0.0,mL/h
6.3167,pH,6.469,-
6.3167,temp,29.953,degC
6.3333,DO,98.01,%
6.3333,feed_rate,0.0,mL/h
6.3333,pH,6.462,-
6.3333,temp,30.015,degC
6.35,DO,97.933,%
6.35,feed_rate,0.0,mL/h
6.35,pH,6.496,-
6.35,temp,29.95,degC
6.3667,DO,97.938,%
6.3667,feed_rate,0.0,mL/h
6.3667,pH,6.46,-
6.3667,temp,30.042,degC
6.3833,DO,97.473,%
6.3833,feed_rate,0.0,mL/h
6.3833,pH,6.478,-
6.3833,temp,30.016,degC
6.4,DO,97.781,%
6.4,feed_rate,0.0,mL/h
6.4,pH,6.469,-
6.4,temp,30.029,degC
6.4167,DO,97.643,%
6.4167,feed_rate,0.0,mL/h
6.4167,pH,6.47,-
6.4167,temp,30.052,degC
6.4333,DO,98.068,%
6.4333,feed_rate,0.0,mL/h
6.4333,pH,6.474,-
6.4333,temp,30.055,degC
6.45,DO,97.184,%
6.45,feed_rate,0.0,mL/h
6.45,pH,6.473,-
6.45,temp,29.989,degC
6.4667,DO,97.298,%
6.4667,feed_rate,0.0,mL/h
6.4667,pH,6.467,-
6.4667,temp,30.039,degC
6.4833,DO,97.469,%
6.4833,feed_rate,0.0,mL/h
6.4833,pH,6.461,-
6.4833,temp,30.022,degC
6.5,DO,97.205,%
6.5,feed_rate,0.0,mL/h
6.5,pH,6.467,-
6.5,temp,30.036,degC
6.5167,DO,97.229,%
6.5167,feed_rate,0.0,mL/h
6.5167,pH,6.463,-
6.5167,temp,30.006,degC
6.5333,DO,97.333,%
6.5333,feed_rate,0.0,mL/h
6.5333,pH,6.464,-
6.5333,temp,29.872,degC
6.55,DO,97.362,%
6.55,feed_rate,0.0,mL/h
6.55,pH,6.475,-
6.55,temp,29.985,degC
6.5667,DO,97.046,%
6.5667,feed_rate,0.0,mL/h
6.5667,pH,6.472,-
6.5667,temp,29.997,degC
6.5833,DO,96.909,%
6.5833,feed_rate,0.0,mL/h
6.5833,pH,6.479,-
6.5833,temp,29.973,degC
6.6,DO,97.145,%
6.6,feed_rate,0.0,mL/h
6.6,pH,6.471,-
6.6,temp,29.962,degC
6.6167,DO,97.407,%
6.6167,feed_rate,0.0,mL/h
6.6167,pH,6.493,-
6.6167,temp,30.005,degC
6.6333,DO,97.26,%
6.6333,feed_rate,0.0,mL/h
6.6333,pH,6.466,-
6.6333,temp,29.963,degC
6.65,DO,97.132,%
6.65,feed_rate,0.0,mL/h
6.65,pH,6.463,-
6.65,temp,30.03,degC
6.6667,DO,97.063,%
6.6667,feed_rate,0.0,mL/h
6.6667,pH,6.484,-
6.6667,temp,30.059,degC
6.6833,DO,97.256,%
6.6833,feed_rate,0.0,mL/h
6.6833,pH,6.466,-
6.6833,temp,29.998,degC
6.7,DO,96.778,%
6.7,feed_rate,0.0,mL/h
6.7,pH,6.474,-
6.7,temp,30.04,degC
6.7167,DO,96.31,%
6.7167,feed_rate,0.0,mL/h
6.7167,pH,6.483,-
6.7167,temp,29.938,degC
6.7333,DO,96.369,%
6.7333,feed_rate,0.0,mL/h
6.7333,pH,6.472,-
6.7333,temp,29.948,degC
6.75,DO,96.042,%
6.75,feed_rate,0.0,mL/h
6.75,pH,6.469,-
6.75,temp,29.981,degC
6.7667,DO,95.933,%
6.7667,feed_rate,0.0,mL/h
6.7667,pH,6.483,-
6.7667,temp,29.95,degC
6.7833,DO,96.044,%
6.7833,feed_rate,0.0,mL/h
6.7833,pH,6.476,-
6.7833,temp,30.0,degC
6.8,DO,96.248,%
6.8,feed_rate,0.0,mL/h
6.8,pH,6.467,-
6.8,temp,30.001,degC
6.8167,DO,95.941,%
6.8167,feed_rate,0.0,mL/h
6.8167,pH,6.46,-
6.8167,temp,30.076,degC
6.8333,DO,96.254,%
6.8333,feed_rate,0.0,mL/h
6.8333,pH,6.469,-
6.8333,temp,29.971,degC
6.85,DO,95.728,%
6.85,feed_rate,0.0,mL/h
6.85,pH,6.455,-
6.85,temp,30.06,degC
6.8667,DO,95.999,%
6.8667,feed_rate,0.0,mL/h
6.8667,pH,6.463,-
6.8667,temp,29.947,degC
6.8833,DO,95.575,%
6.8833,feed_rate,0.0,mL/h
6.8833,pH,6.461,-
6.8833,temp,29.986,degC
6.9,DO,95.323,%
6.9,feed_rate,0.0,mL/h
6.9,pH,6.475,-
6.9,temp,30.039,degC
6.9167,DO,95.693,%
6.9167,feed_rate,0.0,mL/h
6.9167,pH,6.48,-
6.9167,temp,30.014,degC
6.9333,DO,95.67,%
6.9333,feed_rate,0.0,mL/h
6.9333,pH,6.465,-
6.9333,temp,29.877,degC
6.95,DO,95.531,%
6.95,feed_rate,0.0,mL/h
6.95,pH,6.467,-
6.95,temp,29.996,degC
6.9667,DO,95.521,%
6.9667,feed_rate,0.0,mL/h
6.9667,pH,6.46,-
6.9667,temp,30.021,degC
6.9833,DO,95.783,%
6.9833,feed_rate,0.0,mL/h
6.9833,pH,6.458,-
6.9833,temp,29.924,degC
7.0,DO,95.832,%
7.0,feed_rate,0.0,mL/h
7.0,pH,6.467,-
7.0,temp,29.976,degC
7.0167,DO,95.875,%
7.0167,feed_rate,0.0,mL/h
7.0167,pH,6.478,-
7.0167,temp,29.983,degC
7.0333,DO,96.231,%
7.0333,feed_rate,0.0,mL/h
7.0333,pH,6.477,-
7.0333,temp,30.018,degC
7.05,DO,95.98,%
7.05,feed_rate,0.0,mL/h
7.05,pH,6.478,-
7.05,temp,30.061,degC
7.0667,DO,95.848,%
7.0667,feed_rate,0.0,mL/h
7.0667,pH,6.469,-
7.0667,temp,29.931,degC
7.0833,DO,95.724,%
7.0833,feed_rate,0.0,mL/h
7.0833,pH,6.443,-
7.0833,temp,29.954,degC
7.1,DO,96.128,%
7.1,feed_rate,0.0,mL/h
7.1,pH,6.481,-
7.1,temp,30.076,degC
7.1167,DO,96.394,%
7.1167,feed_rate,0.0,mL/h
7.1167,pH,6.485,-
7.1167,temp,30.057,degC
7.1333,DO,96.691,%
7.1333,feed_rate,0.0,mL/h
7.1333,pH,6.481,-
7.1333,temp,30.083,degC
7.15,DO,96.529,%
7.15,feed_rate,0.0,mL/h
7.15,pH,6.481,-
7.15,temp,29.997,degC
7.1667,DO,93.579,%
7.1667,feed_rate,6.947,mL/h
7.1667,pH,6.483,-
7.1667,temp,30.049,degC
7.1833,DO,91.518,%
7.1833,feed_rate,6.947,mL/h
7.1833,pH,6.499,-
7.1833,temp,29.88,degC
7.2,DO,89.49,%
7.2,feed_rate,6.947,mL/h
7.2,pH,6.474,-
7.2,temp,30.021,degC
7.2167,DO,88.232,%
7.2167,feed_rate,6.947,mL/h
7.2167,pH,6.487,-
7.2167,temp,29.951,degC
7.2333,DO,87.189,%
7.2333,feed_rate,6.947,mL/h
7.2333,pH,6.479,-
7.2333,temp,29.929,degC
7.25,DO,85.924,%
7.25,feed_rate,6.947,mL/h
7.25,pH,6.478,-
7.25,temp,29.945,degC
7.2667,DO,85.092,%
7.2667,feed_rate,6.947,mL/h
7.2667,pH,6.47,-
7.2667,temp,30.048,degC
7.2833,DO,84.411,%
7.2833,feed_rate,6.947,mL/h
7.2833,pH,6.467,-
7.2833,temp,30.072,degC
7.3,DO,84.418,%
7.3,feed_rate,6.947,mL/h
7.3,pH,6.459,-
7.3,temp,29.975,degC
7.3167,DO,84.676,%
7.3167,feed_rate,6.947,mL/h
7.3167,pH,6.477,-
7.3167,temp,29.981,degC
7.3333,DO,84.072,%
7.3333,feed_rate,6.947,mL/h
7.3333,pH,6.467,-
7.3333,temp,30.057,degC
7.35,DO,83.618,%
7.35,feed_rate,6.947,mL/h
7.35,pH,6.458,-
7.35,temp,29.966,degC
7.3667,DO,82.562,%
7.3667,feed_rate,6.947,mL/h
7.3667,pH,6.463,-
7.3667,temp,30.012,degC
7.3833,DO,82.461,%
7.3833,feed_rate,6.947,mL/h
7.3833,pH,6.458,-
7.3833,temp,30.03,degC
7.4,DO,82.31,%
7.4,feed_rate,6.947,mL/h
7.4,pH,6.487,-
7.4,temp,30.058,degC
7.4167,DO,81.865,%
7.4167,feed_rate,6.947,mL/h
7.4167,pH,6.468,-
7.4167,temp,29.985,degC
7.4333,DO,82.062,%
7.4333,feed_rate,6.947,mL/h
7.4333,pH,6.471,-
7.4333,temp,29.861,degC
7.45,DO,81.51,%
7.45,feed_rate,6.947,mL/h
7.45,pH,6.458,-
7.45,temp,29.989,degC
7.4667,DO,81.469,%
7.4667,feed_rate,6.947,mL/h
7.4667,pH,6.459,-
7.4667,temp,30.033,degC
7.4833,DO,81.538,%
7.4833,feed_rate,6.947,mL/h
7.4833,pH,6.481,-
7.4833,temp,29.976,degC
7.5,DO,81.172,%
7.5,feed_rate,6.947,mL/h
7.5,pH,6.468,-
7.5,temp,29.971,degC
7.5167,DO,81.507,%
7.5167,feed_rate,6.947,mL/h
7.5167,pH,6.472,-
7.5167,temp,29.952,degC
7.5333,DO,81.83,%
7.5333,feed_rate,6.947,mL/h
7.5333,pH,6.489,-
7.5333,temp,30.02,degC
7.55,DO,81.351,%
7.55,feed_rate,6.947,mL/h
7.55,pH,6.491,-
7.55,temp,30.007,degC
7.5667,DO,80.957,%
7.5667,feed_rate,6.947,mL/h
7.5667,pH,6.477,-
7.5667,temp,30.013,degC
7.5833,DO,81.24,%
7.5833,feed_rate,6.947,mL/h
7.5833,pH,6.475,-
7.5833,temp,29.999,degC
7.6,DO,81.272,%
7.6,feed_rate,6.947,mL/h
7.6,pH,6.472,-
7.6,temp,30.062,degC
7.6167,DO,80.939,%
7.6167,feed_rate,6.947,mL/h
7.6167,pH,6.467,-
7.6167,temp,30.016,degC
7.6333,DO,80.942,%
7.6333,feed_rate,6.947,mL/h
7.6333,pH,6.49,-
7.6333,temp,29.996,degC
7.65,DO,80.997,%
7.65,feed_rate,6.947,mL/h
7.65,pH,6.457,-
7.65,temp,29.944,degC
7.6667,DO,81.025,%
7.6667,feed_rate,6.947,mL/h
7.6667,pH,6.468,-
7.6667,temp,29.979,degC
7.6833,DO,81.334,%
7.6833,feed_rate,6.947,mL/h
7.6833,pH,6.449,-
7.6833,temp,29.999,degC
7.7,DO,81.444,%
7.7,feed_rate,6.947,mL/h
7.7,pH,6.456,-
7.7,temp,30.072,degC
7.7167,DO,81.942,%
7.7167,feed_rate,6.947,mL/h
7.7167,pH,6.473,-
7.7167,temp,30.023,degC
7.7333,DO,82.217,%
7.7333,feed_rate,6.947,mL/h
7.7333,pH,6.474,-
7.7333,temp,29.983,degC
7.75,DO,82.224,%
7.75,feed_rate,6.947,mL/h
7.75,pH,6.472,-
7.75,temp,30.037,degC
7.7667,DO,82.344,%
7.7667,feed_rate,6.947,mL/h
7.7667,pH,6.466,-
7.7667,temp,30.031,degC
7.7833,DO,82.51,%
7.7833,feed_rate,6.947,mL/h
7.7833,pH,6.462,-
7.7833,temp,29.977,degC
7.8,DO,82.452,%
7.8,feed_rate,6.947,mL/h
7.8,pH,6.463,-
7.8,temp,30.022,degC
7.8167,DO,81.821,%
7.8167,feed_rate,6.947,mL/h
7.8167,pH,6.465,-
7.8167,temp,29.946,degC
7.8333,DO,81.937,%
7.8333,feed_rate,6.947,mL/h
7.8333,pH,6.48,-
7.8333,temp,30.005,degC
7.85,DO,81.789,%
7.85,feed_rate,6.947,mL/h
7.85,pH,6.484,-
7.85,temp,30.099,degC
7.8667,DO,82.129,%
7.8667,feed_rate,6.947,mL/h
7.8667,pH,6.473,-
7.8667,temp,30.048,degC
7.8833,DO,81.939,%
7.8833,feed_rate,6.947,mL/h
7.8833,pH,6.463,-
7.8833,temp,30.031,degC
7.9,DO,81.911,%
7.9,feed_rate,6.947,mL/h
7.9,pH,6.459,-
7.9,temp,30.043,degC
7.9167,DO,81.826,%
7.9167,feed_rate,6.947,mL/h
7.9167,pH,6.471,-
7.9167,temp,30.035,degC
7.9333,DO,82.157,%
7.9333,feed_rate,6.947,mL/h
7.9333,pH,6.466,-
7.9333,temp,29.943,degC
7.95,DO,81.966,%
7.95,feed_rate,6.947,mL/h
7.95,pH,6.449,-
7.95,temp,29.978,degC
7.9667,DO,81.675,%
7.9667,feed_rate,6.947,mL/h
7.9667,pH,6.482,-
7.9667,temp,29.966,degC
7.9833,DO,81.61,%
7.9833,feed_rate,6.947,mL/h
7.9833,pH,6.468,-
7.9833,temp,30.023,degC
8.0,DO,81.328,%
8.0,feed_rate,6.947,mL/h
8.0,pH,6.465,-
8.0,temp,30.045,degC
8.0167,DO,81.278,%
8.0167,feed_rate,6.947,mL/h
8.0167,pH,6.459,-
8.0167,temp,30.1,degC
8.0333,DO,81.182,%
8.0333,feed_rate,6.947,mL/h
8.0333,pH,6.459,-
8.0333,temp,29.993,degC
8.05,DO,81.184,%
8.05,feed_rate,6.947,mL/h
8.05,pH,6.477,-
8.05,temp,29.945,degC
8.0667,DO,81.675,%
8.0667,feed_rate,6.947,mL/h
8.0667,pH,6.458,-
8.0667,temp,30.015,degC
8.0833,DO,81.365,%
8.0833,feed_rate,6.947,mL/h
8.0833,pH,6.469,-
8.0833,temp,29.999,degC
8.1,DO,81.244,%
8.1,feed_rate,6.947,mL/h
8.1,pH,6.474,-
8.1,temp,30.013,degC
8.1167,DO,81.071,%
8.1167,feed_rate,6.947,mL/h
8.1167,pH,6.487,-
8.1167,temp,30.002,degC
8.1333,DO,81.189,%
8.1333,feed_rate,6.947,mL/h
8.1333,pH,6.474,-
8.1333,temp,30.025,degC
8.15,DO,80.722,%
8.15,feed_rate,6.947,mL/h
8.15,pH,6.467,-
8.15,temp,29.972,degC
8.1667,DO,80.489,%
8.1667,feed_rate,6.947,mL/h
8.1667,pH,6.463,-
8.1667,temp,30.015,degC
8.1833,DO,80.494,%
8.1833,feed_rate,6.947,mL/h
8.1833,pH,6.476,-
8.1833,temp,30.049,degC
8.2,DO,80.668,%
8.2,feed_rate,6.947,mL/h
8.2,pH,6.478,-
8.2,temp,30.01,degC
8.2167,DO,80.624,%
8.2167,feed_rate,6.947,mL/h
8.2167,pH,6.463,-
8.2167,temp,30.028,degC
8.2333,DO,80.447,%
8.2333,feed_rate,6.947,mL/h
8.2333,pH,6.473,-
8.2333,temp,29.97,degC
8.25,DO,80.19,%
8.25,feed_rate,6.947,mL/h
8.25,pH,6.466,-
8.25,temp,30.043,degC
8.2667,DO,80.393,%
8.2667,feed_rate,6.947,mL/h
8.2667,pH,6.45,-
8.2667,temp,29.996,degC
8.2833,DO,80.829,%
8.2833,feed_rate,6.947,mL/h
8.2833,pH,6.456,-
8.2833,temp,29.968,degC
8.3,DO,80.836,%
8.3,feed_rate,6.947,mL/h
8.3,pH,6.475,-
8.3,temp,29.99,degC
8.3167,DO,80.796,%
8.3167,feed_rate,6.947,mL/h
8.3167,pH,6.482,-
8.3167,temp,29.982,degC
8.3333,DO,80.835,%
8.3333,feed_rate,6.947,mL/h
8.3333,pH,6.474,-
8.3333,temp,29.993,degC
8.35,DO,80.445,%
8.35,feed_rate,6.947,mL/h
8.35,pH,6.464,-
8.35,temp,29.974,degC
8.3667,DO,80.316,%
8.3667,feed_rate,6.947,mL/h
8.3667,pH,6.459,-
8.3667,temp,30.084,degC
8.3833,DO,80.221,%
8.3833,feed_rate,6.947,mL/h
8.3833,pH,6.472,-
8.3833,temp,30.045,degC
8.4,DO,80.308,%
8.4,feed_rate,6.947,mL/h
8.4,pH,6.47,-
8.4,temp,30.024,degC
8.4167,DO,80.273,%
8.4167,feed_rate,6.947,mL/h
8.4167,pH,6.45,-
8.4167,temp,30.023,degC
8.4333,DO,79.885,%
8.4333,feed_rate,6.947,mL/h
8.4333,pH,6.473,-
8.4333,temp,29.996,degC
8.45,DO,80.271,%
8.45,feed_rate,6.947,mL/h
8.45,pH,6.459,-
8.45,temp,30.041,degC
8.4667,DO,80.744,%
8.4667,feed_rate,6.947,mL/h
8.4667,pH,6.473,-
8.4667,temp,29.989,degC
8.4833,DO,80.53,%
8.4833,feed_rate,6.947,mL/h
8.4833,pH,6.472,-
8.4833,temp,29.997,degC
8.5,DO,80.552,%
8.5,feed_rate,6.947,mL/h
8.5,pH,6.474,-
8.5,temp,29.963,degC
8.5167,DO,80.524,%
8.5167,feed_rate,6.947,mL/h
8.5167,pH,6.477,-
8.5167,temp,30.06,degC
8.5333,DO,80.651,%
8.5333,feed_rate,6.947,mL/h
8.5333,pH,6.473,-
8.5333,temp,30.058,degC
8.55,DO,80.067,%
8.55,feed_rate,6.947,mL/h
8.55,pH,6.455,-
8.55,temp,30.054,degC
8.5667,DO,80.523,%
8.5667,feed_rate,6.947,mL/h
8.5667,pH,6.455,-
8.5667,temp,30.055,degC
8.5833,DO,80.256,%
8.5833,feed_rate,6.947,mL/h
8.5833,pH,6.476,-
8.5833,temp,29.884,degC
8.6,DO,80.557,%
8.6,feed_rate,6.947,mL/h
8.6,pH,6.471,-
8.6,temp,30.005,degC
8.6167,DO,80.437,%
8.6167,feed_rate,6.947,mL/h
8.6167,pH,6.449,-
8.6167,temp,30.05,degC
8.6333,DO,80.193,%
8.6333,feed_rate,6.947,mL/h
8.6333,pH,6.445,-
8.6333,temp,30.024,degC
8.65,DO,80.067,%
8.65,feed_rate,6.947,mL/h
8.65,pH,6.475,-
8.65,temp,29.923,degC
8.6667,DO,80.272,%
8.6667,feed_rate,6.947,mL/h
8.6667,pH,6.488,-
8.6667,temp,30.014,degC
8.6833,DO,79.901,%
8.6833,feed_rate,6.947,mL/h
8.6833,pH,6.474,-
8.6833,temp,30.033,degC
8.7,DO,79.745,%
8.7,feed_rate,6.947,mL/h
8.7,pH,6.463,-
8.7,temp,29.973,degC
8.7167,DO,79.582,%
8.7167,feed_rate,6.947,mL/h
8.7167,pH,6.468,-
8.7167,temp,29.943,degC
8.7333,DO,79.075,%
8.7333,feed_rate,6.947,mL/h
8.7333,pH,6.437,-
8.7333,temp,29.97,degC
8.75,DO,79.569,%
8.75,feed_rate,6.947,mL/h
8.75,pH,6.455,-
8.75,temp,29.854,degC
8.7667,DO,79.741,%
8.7667,feed_rate,6.947,mL/h
8.7667,pH,6.475,-
8.7667,temp,30.011,degC
8.7833,DO,79.692,%
8.7833,feed_rate,6.947,mL/h
8.7833,pH,6.474,-
8.7833,temp,29.957,degC
8.8,DO,80.003,%
8.8,feed_rate,6.947,mL/h
8.8,pH,6.443,-
8.8,temp,29.983,degC
8.8167,DO,79.609,%
8.8167,feed_rate,6.947,mL/h
8.8167,pH,6.477,-
8.8167,temp,29.99,degC
8.8333,DO,79.552,%
8.8333,feed_rate,6.947,mL/h
8.8333,pH,6.47,-
8.8333,temp,29.993,degC
8.85,DO,80.04,%
8.85,feed_rate,6.947,mL/h
8.85,pH,6.474,-
8.85,temp,30.075,degC
8.8667,DO,80.2,%
8.8667,feed_rate,6.947,mL/h
8.8667,pH,6.462,-
8.8667,temp,29.956,degC
8.8833,DO,79.361,%
8.8833,feed_rate,6.947,mL/h
8.8833,pH,6.465,-
8.8833,temp,29.986,degC
8.9,DO,78.351,%
8.9,feed_rate,6.947,mL/h
8.9,pH,6.453,-
8.9,temp,29.893,degC
8.9167,DO,78.225,%
8.9167,feed_rate,6.947,mL/h
8.9167,pH,6.468,-
8.9167,temp,29.964,degC
8.9333,DO,78.747,%
8.9333,feed_rate,6.947,mL/h
8.9333,pH,6.474,-
8.9333,temp,29.902,degC
8.95,DO,78.699,%
8.95,feed_rate,6.947,mL/h
8.95,pH,6.454,-
8.95,temp,30.034,degC
8.9667,DO,78.73,%
8.9667,feed_rate,6.947,mL/h
8.9667,pH,6.468,-
8.9667,temp,29.995,degC
8.9833,DO,78.996,%
8.9833,feed_rate,6.947,mL/h
8.9833,pH,6.459,-
8.9833,temp,29.966,degC
9.0,DO,78.754,%
9.0,feed_rate,6.947,mL/h
9.0,pH,6.475,-
9.0,temp,30.039,degC
9.0167,DO,78.884,%
9.0167,feed_rate,6.947,mL/h
9.0167,pH,6.474,-
9.0167,temp,29.946,degC
9.0333,DO,79.154,%
9.0333,feed_rate,6.947,mL/h
9.0333,pH,6.439,-
9.0333,temp,29.987,degC
9.05,DO,79.267,%
9.05,feed_rate,6.947,mL/h
9.05,pH,6.469,-
9.05,temp,29.956,degC
9.0667,DO,79.329,%
9.0667,feed_rate,6.947,mL/h
9.0667,pH,6.474,-
9.0667,temp,29.95,degC
9.0833,DO,79.073,%
9.0833,feed_rate,6.947,mL/h
9.0833,pH,6.458,-
9.0833,temp,29.985,degC
9.1,DO,79.196,%
9.1,feed_rate,6.947,mL/h
9.1,pH,6.461,-
9.1,temp,29.966,degC
9.1167,DO,79.005,%
9.1167,feed_rate,6.947,mL/h
9.1167,pH,6.462,-
9.1167,temp,29.989,degC
9.1333,DO,79.366,%
9.1333,feed_rate,6.947,mL/h
9.1333,pH,6.452,-
9.1333,temp,29.942,degC
9.15,DO,80.027,%
9.15,feed_rate,6.947,mL/h
9.15,pH,6.462,-
9.15,temp,29.92,degC
9.1667,DO,79.556,%
9.1667,feed_rate,6.947,mL/h
9.1667,pH,6.48,-
9.1667,temp,30.063,degC
9.1833,DO,78.742,%
9.1833,feed_rate,6.947,mL/h
9.1833,pH,6.468,-
9.1833,temp,30.015,degC
9.2,DO,78.609,%
9.2,feed_rate,6.947,mL/h
9.2,pH,6.479,-
9.2,temp,29.978,degC
9.2167,DO,78.736,%
9.2167,feed_rate,6.947,mL/h
9.2167,pH,6.473,-
9.2167,temp,30.007,degC
9.2333,DO,79.033,%
9.2333,feed_rate,6.947,mL/h
9.2333,pH,6.476,-
9.2333,temp,29.948,degC
9.25,DO,79.272,%
9.25,feed_rate,6.947,mL/h
9.25,pH,6.464,-
9.25,temp,30.015,degC
9.2667,DO,78.898,%
9.2667,feed_rate,6.947,mL/h
9.2667,pH,6.471,-
9.2667,temp,29.925,degC
9.2833,DO,78.589,%
9.2833,feed_rate,6.947,mL/h
9.2833,pH,6.484,-
9.2833,temp,30.02,degC
9.3,DO,78.953,%
9.3,feed_rate,6.947,mL/h
9.3,pH,6.478,-
9.3,temp,30.015,degC
9.3167,DO,78.529,%
9.3167,feed_rate,6.947,mL/h
9.3167,pH,6.466,-
9.3167,temp,29.994,degC
9.3333,DO,78.838,%
9.3333,feed_rate,6.947,mL/h
9.3333,pH,6.455,-
9.3333,temp,30.033,degC
9.35,DO,78.682,%
9.35,feed_rate,6.947,mL/h
9.35,pH,6.453,-
9.35,temp,29.994,degC
9.3667,DO,78.849,%
9.3667,feed_rate,6.947,mL/h
9.3667,pH,6.465,-
9.3667,temp,30.08,degC
9.3833,DO,78.957,%
9.3833,feed_rate,6.947,mL/h
9.3833,pH,6.467,-
9.3833,temp,30.029,degC
9.4,DO,79.058,%
9.4,feed_rate,6.947,mL/h
9.4,pH,6.443,-
9.4,temp,29.923,degC
9.4167,DO,79.144,%
9.4167,feed_rate,6.947,mL/h
9.4167,pH,6.465,-
9.4167,temp,29.949,degC
9.4333,DO,78.663,%
9.4333,feed_rate,6.947,mL/h
9.4333,pH,6.466,-
9.4333,temp,30.079,degC
9.45,DO,78.657,%
9.45,feed_rate,6.947,mL/h
9.45,pH,6.465,-
9.45,temp,29.971,degC
9.4667,DO,78.56,%
9.4667,feed_rate,6.947,mL/h
9.4667,pH,6.456,-
9.4667,temp,30.015,degC
9.4833,DO,78.564,%
9.4833,feed_rate,6.947,mL/h
9.4833,pH,6.486,-
9.4833,temp,29.972,degC
9.5,DO,78.837,%
9.5,feed_rate,6.947,mL/h
9.5,pH,6.471,-
9.5,temp,30.073,degC
9.5167,DO,78.597,%
9.5167,feed_rate,6.947,mL/h
9.5167,pH,6.448,-
9.5167,temp,30.052,degC
9.5333,DO,78.265,%
9.5333,feed_rate,6.947,mL/h
9.5333,pH,6.454,-
9.5333,temp,30.038,degC
9.55,DO,77.987,%
9.55,feed_rate,6.947,mL/h
9.55,pH,6.47,-
9.55,temp,29.979,degC
9.5667,DO,77.883,%
9.5667,feed_rate,6.947,mL/h
9.5667,pH,6.467,-
9.5667,temp,29.984,degC
9.5833,DO,78.111,%
9.5833,feed_rate,6.947,mL/h
9.5833,pH,6.463,-
9.5833,temp,30.067,degC
9.6,DO,77.816,%
9.6,feed_rate,6.947,mL/h
9.6,pH,6.461,-
9.6,temp,29.972,degC
9.6167,DO,78.165,%
9.6167,feed_rate,6.947,mL/h
9.6167,pH,6.459,-
9.6167,temp,29.894,degC
9.6333,DO,78.175,%
9.6333,feed_rate,6.947,mL/h
9.6333,pH,6.457,-
9.6333,temp,30.076,degC
9.65,DO,78.022,%
9.65,feed_rate,6.947,mL/h
9.65,pH,6.451,-
9.65,temp,30.048,degC
9.6667,DO,77.559,%
9.6667,feed_rate,6.947,mL/h
9.6667,pH,6.467,-
9.6667,temp,29.936,degC
9.6833,DO,77.655,%
9.6833,feed_rate,6.947,mL/h
9.6833,pH,6.432,-
9.6833,temp,30.014,degC
9.7,DO,77.858,%
9.7,feed_rate,6.947,mL/h
9.7,pH,6.453,-
9.7,temp,30.03,degC
9.7167,DO,77.275,%
9.7167,feed_rate,6.947,mL/h
9.7167,pH,6.474,-
9.7167,temp,30.011,degC
9.7333,DO,77.689,%
9.7333,feed_rate,6.947,mL/h
9.7333,pH,6.453,-
9.7333,temp,30.082,degC
9.75,DO,78.149,%
9.75,feed_rate,6.947,mL/h
9.75,pH,6.448,-
9.75,temp,30.062,degC
9.7667,DO,78.117,%
9.7667,feed_rate,6.947,mL/h
9.7667,pH,6.48,-
9.7667,temp,29.962,degC
9.7833,DO,78.129,%
9.7833,feed_rate,6.947,mL/h
9.7833,pH,6.471,-
9.7833,temp,29.994,degC
9.8,DO,78.707,%
9.8,feed_rate,6.947,mL/h
9.8,pH,6.459,-
9.8,temp,30.046,degC
9.8167,DO,78.808,%
9.8167,feed_rate,6.947,mL/h
9.8167,pH,6.454,-
9.8167,temp,30.047,degC
9.8333,DO,78.242,%
9.8333,feed_rate,6.947,mL/h
9.8333,pH,6.458,-
9.8333,temp,29.984,degC
9.85,DO,78.045,%
9.85,feed_rate,6.947,mL/h
9.85,pH,6.457,-
9.85,temp,30.057,degC
9.8667,DO,77.838,%
9.8667,feed_rate,6.947,mL/h
9.8667,pH,6.458,-
9.8667,temp,29.96,degC
9.8833,DO,77.667,%
9.8833,feed_rate,6.947,mL/h
9.8833,pH,6.452,-
9.8833,temp,30.042,degC
9.9,DO,76.857,%
9.9,feed_rate,6.947,mL/h
9.9,pH,6.466,-
9.9,temp,29.914,degC
9.9167,DO,77.138,%
9.9167,feed_rate,6.947,mL/h
9.9167,pH,6.454,-
9.9167,temp,30.025,degC
9.9333,DO,76.937,%
9.9333,feed_rate,6.947,mL/h
9.9333,pH,6.441,-
9.9333,temp,30.102,degC
9.95,DO,77.008,%
9.95,feed_rate,6.947,mL/h
9.95,pH,6.446,-
9.95,temp,30.076,degC
9.9667,DO,76.967,%
9.9667,feed_rate,6.947,mL/h
9.9667,pH,6.46,-
9.9667,temp,29.961,degC
9.9833,DO,77.228,%
9.9833,feed_rate,6.947,mL/h
9.9833,pH,6.449,-
9.9833,temp,29.855,degC
10.0,DO,77.079,%
10.0,feed_rate,6.947,mL/h
10.0,pH,6.434,-
10.0,temp,30.015,degC
10.0167,DO,76.802,%
10.0167,feed_rate,6.947,mL/h
10.0167,pH,6.475,-
10.0167,temp,30.054,degC
10.0333,DO,76.971,%
10.0333,feed_rate,6.947,mL/h
10.0333,pH,6.464,-
10.0333,temp,30.006,degC
10.05,DO,77.359,%
10.05,feed_rate,6.947,mL/h
10.05,pH,6.454,-
10.05,temp,30.013,degC
10.0667,DO,77.144,%
10.0667,feed_rate,6.947,mL/h
10.0667,pH,6.454,-
10.0667,temp,29.932,degC
10.0833,DO,77.471,%
10.0833,feed_rate,6.947,mL/h
10.0833,pH,6.464,-
10.0833,temp,29.974,degC
10.1,DO,77.392,%
10.1,feed_rate,6.947,mL/h
10.1,pH,6.473,-
10.1,temp,29.937,degC
10.1167,DO,77.082,%
10.1167,feed_rate,6.947,mL/h
10.1167,pH,6.452,-
10.1167,temp,29.936,degC
10.1333,DO,77.443,%
10.1333,feed_rate,6.947,mL/h
10.1333,pH,6.463,-
10.1333,temp,29.972,degC
10.15,DO,77.02,%
10.15,feed_rate,6.947,mL/h
10.15,pH,6.452,-
10.15,temp,30.069,degC
10.1667,DO,77.224,%
10.1667,feed_rate,6.947,mL/h
10.1667,pH,6.462,-
10.1667,temp,30.017,degC
10.1833,DO,76.925,%
10.1833,feed_rate,6.947,mL/h
10.1833,pH,6.447,-
10.1833,temp,29.961,degC
10.2,DO,76.961,%
10.2,feed_rate,6.947,mL/h
10.2,pH,6.44,-
10.2,temp,29.991,degC
10.2167,DO,76.477,%
10.2167,feed_rate,6.947,mL/h
10.2167,pH,6.459,-
10.2167,temp,29.952,degC
10.2333,DO,76.2,%
10.2333,feed_rate,6.947,mL/h
10.2333,pH,6.458,-
10.2333,temp,29.97,degC
10.25,DO,76.541,%
10.25,feed_rate,6.947,mL/h
10.25,pH,6.466,-
10.25,temp,30.007,degC
10.2667,DO,76.542,%
10.2667,feed_rate,6.947,mL/h
10.2667,pH,6.451,-
10.2667,temp,29.924,degC
10.2833,DO,76.49,%
10.2833,feed_rate,6.947,mL/h
10.2833,pH,6.472,-
10.2833,temp,30.012,degC
10.3,DO,76.296,%
10.3,feed_rate,6.947,mL/h
10.3,pH,6.459,-
10.3,temp,29.966,degC
10.3167,DO,76.398,%
10.3167,feed_rate,6.947,mL/h
10.3167,pH,6.474,-
10.3167,temp,30.051,degC
10.3333,DO,75.918,%
10.3333,feed_rate,6.947,mL/h
10.3333,pH,6.454,-
10.3333,temp,29.951,degC
10.35,DO,75.608,%
10.35,feed_rate,6.947,mL/h
10.35,pH,6.473,-
10.35,temp,30.008,degC
10.3667,DO,75.641,%
10.3667,feed_rate,6.947,mL/h
10.3667,pH,6.457,-
10.3667,temp,29.955,degC
10.3833,DO,75.455,%
10.3833,feed_rate,6.947,mL/h
10.3833,pH,6.459,-
10.3833,temp,30.023,degC
10.4,DO,75.338,%
10.4,feed_rate,6.947,mL/h
10.4,pH,6.468,-
10.4,temp,29.911,degC
10.4167,DO,75.424,%
10.4167,feed_rate,6.947,mL/h
10.4167,pH,6.439,-
10.4167,temp,29.971,degC
10.4333,DO,75.465,%
10.4333,feed_rate,6.947,mL/h
10.4333,pH,6.446,-
10.4333,temp,29.954,degC
10.45,DO,75.463,%
10.45,feed_rate,6.947,mL/h
10.45,pH,6.476,-
10.45,temp,29.919,degC
10.4667,DO,76.019,%
10.4667,feed_rate,6.947,mL/h
10.4667,pH,6.442,-
10.4667,temp,29.979,degC
10.4833,DO,76.259,%
10.4833,feed_rate,6.947,mL/h
10.4833,pH,6.452,-
10.4833,temp,29.988,degC
10.5,DO,76.508,%
10.5,feed_rate,6.947,mL/h
10.5,pH,6.463,-
10.5,temp,29.968,degC
10.5167,DO,76.32,%
10.5167,feed_rate,6.947,mL/h
10.5167,pH,6.472,-
10.5167,temp,29.947,degC
10.5333,DO,76.018,%
10.5333,feed_rate,6.947,mL/h
10.5333,pH,6.452,-
10.5333,temp,29.963,degC
10.55,DO,75.483,%
10.55,feed_rate,6.947,mL/h
10.55,pH,6.458,-
10.55,temp,29.961,degC
10.5667,DO,75.546,%
10.5667,feed_rate,6.528,mL/h
10.5667,pH,6.445,-
10.5667,temp,30.049,degC
10.5833,DO,75.066,%
10.5833,feed_rate,6.528,mL/h
10.5833,pH,6.453,-
10.5833,temp,30.023,degC
10.6,DO,75.123,%
10.6,feed_rate,6.528,mL/h
10.6,pH,6.468,-
10.6,temp,30.063,degC
10.6167,DO,75.564,%
10.6167,feed_rate,6.528,mL/h
10.6167,pH,6.46,-
10.6167,temp,30.044,degC
10.6333,DO,76.166,%
10.6333,feed_rate,6.528,mL/h
10.6333,pH,6.456,-
10.6333,temp,30.088,degC
10.65,DO,76.441,%
10.65,feed_rate,6.528,mL/h
10.65,pH,6.461,-
10.65,temp,30.002,degC
10.6667,DO,76.103,%
10.6667,feed_rate,6.528,mL/h
10.6667,pH,6.458,-
10.6667,temp,30.014,degC
10.6833,DO,76.231,%
10.6833,feed_rate,6.528,mL/h
10.6833,pH,6.458,-
10.6833,temp,30.005,degC
10.7,DO,75.939,%
10.7,feed_rate,6.528,mL/h
10.7,pH,6.453,-
10.7,temp,29.982,degC
10.7167,DO,76.18,%
10.7167,feed_rate,6.528,mL/h
10.7167,pH,6.446,-
10.7167,temp,30.034,degC
10.7333,DO,76.084,%
10.7333,feed_rate,6.528,mL/h
10.7333,pH,6.463,-
10.7333,temp,30.021,degC
10.75,DO,76.288,%
10.75,feed_rate,6.528,mL/h
10.75,pH,6.444,-
10.75,temp,30.026,degC
10.7667,DO,76.956,%
10.7667,feed_rate,6.528,mL/h
10.7667,pH,6.467,-
10.7667,temp,30.015,degC
10.7833,DO,76.987,%
10.7833,feed_rate,6.528,mL/h
10.7833,pH,6.478,-
10.7833,temp,30.054,degC
10.8,DO,77.425,%
10.8,feed_rate,6.528,mL/h
10.8,pH,6.472,-
10.8,temp,29.934,degC
10.8167,DO,77.12,%
10.8167,feed_rate,6.528,mL/h
10.8167,pH,6.48,-
10.8167,temp,30.031,degC
10.8333,DO,76.714,%
10.8333,feed_rate,6.528,mL/h
10.8333,pH,6.445,-
10.8333,temp,30.001,degC
10.85,DO,76.879,%
10.85,feed_rate,6.528,mL/h
10.85,pH,6.459,-
10.85,temp,29.972,degC
10.8667,DO,77.119,%
10.8667,feed_rate,6.528,mL/h
10.8667,pH,6.447,-
10.8667,temp,29.987,degC
10.8833,DO,76.617,%
10.8833,feed_rate,6.528,mL/h
10.8833,pH,6.448,-
10.8833,temp,30.028,degC
10.9,DO,76.396,%
10.9,feed_rate,6.528,mL/h
10.9,pH,6.438,-
10.9,temp,30.044,degC
10.9167,DO,75.757,%
10.9167,feed_rate,6.528,mL/h
10.9167,pH,6.443,-
10.9167,temp,29.992,degC
10.9333,DO,75.606,%
10.9333,feed_rate,6.528,mL/h
10.9333,pH,6.465,-
10.9333,temp,30.039,degC
10.95,DO,75.802,%
10.95,feed_rate,6.528,mL/h
10.95,pH,6.463,-
10.95,temp,30.022,degC
10.9667,DO,75.657,%
10.9667,feed_rate,6.528,mL/h
10.9667,pH,6.468,-
10.9667,temp,30.054,degC
10.9833,DO,75.387,%
10.9833,feed_rate,6.528,mL/h
10.9833,pH,6.467,-
10.9833,temp,30.054,degC
11.0,DO,74.909,%
11.0,feed_rate,6.528,mL/h
11.0,pH,6.464,-
11.0,temp,30.042,degC
11.0167,DO,75.051,%
11.0167,feed_rate,6.528,mL/h
11.0167,pH,6.447,-
11.0167,temp,29.987,degC
11.0333,DO,75.283,%
11.0333,feed_rate,6.528,mL/h
11.0333,pH,6.454,-
11.0333,temp,29.949,degC
11.05,DO,75.398,%
11.05,feed_rate,6.528,mL/h
11.05,pH,6.463,-
11.05,temp,30.072,degC
11.0667,DO,75.379,%
11.0667,feed_rate,6.528,mL/h
11.0667,pH,6.468,-
11.0667,temp,29.964,degC
11.0833,DO,74.895,%
11.0833,feed_rate,6.528,mL/h
11.0833,pH,6.452,-
11.0833,temp,30.044,degC
11.1,DO,75.408,%
11.1,feed_rate,6.528,mL/h
11.1,pH,6.45,-
11.1,temp,30.008,degC
11.1167,DO,75.264,%
11.1167,feed_rate,6.528,mL/h
11.1167,pH,6.451,-
11.1167,temp,30.085,degC
11.1333,DO,75.112,%
11.1333,feed_rate,6.528,mL/h
11.1333,pH,6.472,-
11.1333,temp,29.999,degC
11.15,DO,75.244,%
11.15,feed_rate,6.528,mL/h
11.15,pH,6.461,-
11.15,temp,29.989,degC
11.1667,DO,74.471,%
11.1667,feed_rate,6.528,mL/h
11.1667,pH,6.452,-
11.1667,temp,29.904,degC
11.1833,DO,74.473,%
11.1833,feed_rate,6.528,mL/h
11.1833,pH,6.447,-
11.1833,temp,30.034,degC
11.2,DO,74.442,%
11.2,feed_rate,6.528,mL/h
11.2,pH,6.46,-
11.2,temp,30.004,degC
11.2167,DO,74.561,%
11.2167,feed_rate,6.528,mL/h
11.2167,pH,6.438,-
11.2167,temp,29.975,degC
11.2333,DO,74.938,%
11.2333,feed_rate,6.528,mL/h
11.2333,pH,6.453,-
11.2333,temp,29.985,degC
11.25,DO,74.967,%
11.25,feed_rate,6.528,mL/h
11.25,pH,6.449,-
11.25,temp,30.067,degC
11.2667,DO,74.289,%
11.2667,feed_rate,6.528,mL/h
11.2667,pH,6.449,-
11.2667,temp,30.024,degC
11.2833,DO,74.185,%
11.2833,feed_rate,6.528,mL/h
11.2833,pH,6.457,-
11.2833,temp,30.046,degC
11.3,DO,74.255,%
11.3,feed_rate,6.528,mL/h
11.3,pH,6.459,-
11.3,temp,29.993,degC
11.3167,DO,74.283,%
11.3167,feed_rate,6.528,mL/h
11.3167,pH,6.486,-
11.3167,temp,30.02,degC
11.3333,DO,73.867,%
11.3333,feed_rate,6.528,mL/h
11.3333,pH,6.456,-
11.3333,temp,30.051,degC
11.35,DO,73.41,%
11.35,feed_rate,6.528,mL/h
11.35,pH,6.462,-
11.35,temp,29.992,degC
11.3667,DO,73.697,%
11.3667,feed_rate,6.528,mL/h
11.3667,pH,6.446,-
11.3667,temp,30.068,degC
11.3833,DO,73.856,%
11.3833,feed_rate,6.528,mL/h
11.3833,pH,6.437,-
11.3833,temp,29.994,degC
11.4,DO,73.863,%
11.4,feed_rate,6.528,mL/h
11.4,pH,6.466,-
11.4,temp,30.1,degC
11.4167,DO,73.347,%
11.4167,feed_rate,6.528,mL/h
11.4167,pH,6.475,-
11.4167,temp,29.979,degC
11.4333,DO,73.974,%
11.4333,feed_rate,6.528,mL/h
11.4333,pH,6.444,-
11.4333,temp,29.984,degC
11.45,DO,73.063,%
11.45,feed_rate,6.528,mL/h
11.45,pH,6.454,-
11.45,temp,30.013,degC
11.4667,DO,73.085,%
11.4667,feed_rate,6.528,mL/h
11.4667,pH,6.466,-
11.4667,temp,29.99,degC
11.4833,DO,73.828,%
11.4833,feed_rate,6.528,mL/h
11.4833,pH,6.455,-
11.4833,temp,30.002,degC
11.5,DO,73.738,%
11.5,feed_rate,6.528,mL/h
11.5,pH,6.429,-
11.5,temp,30.006,degC
11.5167,DO,73.773,%
11.5167,feed_rate,6.528,mL/h
11.5167,pH,6.464,-
11.5167,temp,30.067,degC
11.5333,DO,73.367,%
11.5333,feed_rate,6.528,mL/h
11.5333,pH,6.453,-
11.5333,temp,29.983,degC
11.55,DO,73.793,%
11.55,feed_rate,6.528,mL/h
11.55,pH,6.461,-
11.55,temp,30.064,degC
11.5667,DO,73.328,%
11.5667,feed_rate,6.528,mL/h
11.5667,pH,6.444,-
11.5667,temp,30.05,degC
11.5833,DO,73.41,%
11.5833,feed_rate,6.528,mL/h
11.5833,pH,6.463,-
11.5833,temp,30.014,degC
11.6,DO,73.429,%
11.6,feed_rate,6.528,mL/h
11.6,pH,6.464,-
11.6,temp,29.998,degC
11.6167,DO,73.078,%
11.6167,feed_rate,6.528,mL/h
11.6167,pH,6.446,-
11.6167,temp,30.1,degC
11.6333,DO,73.368,%
11.6333,feed_rate,6.528,mL/h
11.6333,pH,6.459,-
11.6333,temp,29.884,degC
11.65,DO,72.899,%
11.65,feed_rate,6.528,mL/h
11.65,pH,6.447,-
11.65,temp,29.985,degC
11.6667,DO,72.733,%
11.6667,feed_rate,6.528,mL/h
11.6667,pH,6.448,-
11.6667,temp,30.001,degC
11.6833,DO,72.786,%
11.6833,feed_rate,6.528,mL/h
11.6833,pH,6.444,-
11.6833,temp,30.033,degC
11.7,DO,72.702,%
11.7,feed_rate,6.528,mL/h
11.7,pH,6.449,-
11.7,temp,30.009,degC
11.7167,DO,72.889,%
11.7167,feed_rate,6.528,mL/h
11.7167,pH,6.446,-
11.7167,temp,30.052,degC
11.7333,DO,73.165,%
11.7333,feed_rate,6.528,mL/h
11.7333,pH,6.465,-
11.7333,temp,30.034,degC
11.75,DO,73.009,%
11.75,feed_rate,6.528,mL/h
11.75,pH,6.451,-
11.75,temp,30.06,degC
11.7667,DO,72.8,%
11.7667,feed_rate,6.528,mL/h
11.7667,pH,6.442,-
11.7667,temp,29.978,degC
11.7833,DO,72.629,%
11.7833,feed_rate,6.528,mL/h
11.7833,pH,6.467,-
11.7833,temp,30.031,degC
11.8,DO,72.527,%
11.8,feed_rate,6.528,mL/h
11.8,pH,6.459,-
11.8,temp,30.089,degC
11.8167,DO,72.788,%
11.8167,feed_rate,6.528,mL/h
11.8167,pH,6.463,-
11.8167,temp,29.976,degC
11.8333,DO,72.493,%
11.8333,feed_rate,6.989,mL/h
11.8333,pH,6.452,-
11.8333,temp,30.017,degC
11.85,DO,72.433,%
11.85,feed_rate,6.989,mL/h
11.85,pH,6.46,-
11.85,temp,29.939,degC
11.8667,DO,72.225,%
11.8667,feed_rate,6.989,mL/h
11.8667,pH,6.452,-
11.8667,temp,30.027,degC
11.8833,DO,71.822,%
11.8833,feed_rate,6.989,mL/h
11.8833,pH,6.443,-
11.8833,temp,29.969,degC
11.9,DO,72.002,%
11.9,feed_rate,6.989,mL/h
11.9,pH,6.454,-
11.9,temp,30.038,degC
11.9167,DO,71.563,%
11.9167,feed_rate,6.989,mL/h
11.9167,pH,6.454,-
11.9167,temp,29.951,degC
11.9333,DO,71.515,%
11.9333,feed_rate,6.989,mL/h
11.9333,pH,6.454,-
11.9333,temp,30.009,degC
11.95,DO,71.91,%
11.95,feed_rate,6.989,mL/h
11.95,pH,6.461,-
11.95,temp,29.956,degC
11.9667,DO,71.441,%
11.9667,feed_rate,6.989,mL/h
11.9667,pH,6.435,-
11.9667,temp,30.005,degC
11.9833,DO,71.367,%
11.9833,feed_rate,6.989,mL/h
11.9833,pH,6.455,-
11.9833,temp,30.027,degC
12.0,DO,70.837,%
12.0,feed_rate,6.989,mL/h
12.0,pH,6.444,-
12.0,temp,30.118,degC
12.0167,DO,70.725,%
12.0167,feed_rate,6.989,mL/h
12.0167,pH,6.449,-
12.0167,temp,30.027,degC
12.0333,DO,70.329,%
12.0333,feed_rate,6.989,mL/h
12.0333,pH,6.457,-
12.0333,temp,30.029,degC
12.05,DO,70.341,%
12.05,feed_rate,6.989,mL/h
12.05,pH,6.453,-
12.05,temp,30.096,degC
12.0667,DO,70.286,%
12.0667,feed_rate,6.989,mL/h
12.0667,pH,6.445,-
12.0667,temp,30.058,degC
12.0833,DO,70.433,%
12.0833,feed_rate,6.989,mL/h
12.0833,pH,6.46,-
12.0833,temp,29.954,degC
12.1,DO,70.974,%
12.1,feed_rate,6.989,mL/h
12.1,pH,6.451,-
12.1,temp,30.032,degC
12.1167,DO,71.006,%
12.1167,feed_rate,6.989,mL/h
12.1167,pH,6.462,-
12.1167,temp,30.011,degC
12.1333,DO,71.133,%
12.1333,feed_rate,6.989,mL/h
12.1333,pH,6.465,-
12.1333,temp,30.046,degC
12.15,DO,71.011,%
12.15,feed_rate,6.989,mL/h
12.15,pH,6.448,-
12.15,temp,30.031,degC
12.1667,DO,70.844,%
12.1667,feed_rate,6.989,mL/h
12.1667,pH,6.441,-
12.1667,temp,29.918,degC
12.1833,DO,70.523,%
12.1833,feed_rate,6.989,mL/h
12.1833,pH,6.453,-
12.1833,temp,29.977,degC
12.2,DO,69.964,%
12.2,feed_rate,6.989,mL/h
12.2,pH,6.46,-
12.2,temp,30.093,degC
12.2167,DO,70.067,%
12.2167,feed_rate,6.989,mL/h
12.2167,pH,6.455,-
12.2167,temp,30.046,degC
12.2333,DO,70.606,%
12.2333,feed_rate,6.989,mL/h
12.2333,pH,6.44,-
12.2333,temp,29.961,degC
12.25,DO,70.68,%
12.25,feed_rate,6.989,mL/h
12.25,pH,6.434,-
12.25,temp,29.979,degC
12.2667,DO,70.425,%
12.2667,feed_rate,6.989,mL/h
12.2667,pH,6.442,-
12.2667,temp,29.989,degC
12.2833,DO,70.865,%
12.2833,feed_rate,6.989,mL/h
12.2833,pH,6.442,-
12.2833,temp,29.936,degC
12.3,DO,70.581,%
12.3,feed_rate,6.989,mL/h
12.3,pH,6.458,-
12.3,temp,29.838,degC
12.3167,DO,70.287,%
12.3167,feed_rate,6.989,mL/h
12.3167,pH,6.452,-
12.3167,temp,30.026,degC
12.3333,DO,69.862,%
12.3333,feed_rate,6.989,mL/h
12.3333,pH,6.46,-
12.3333,temp,29.948,degC
12.35,DO,69.586,%
12.35,feed_rate,6.989,mL/h
12.35,pH,6.45,-
12.35,temp,29.965,degC
12.3667,DO,69.568,%
12.3667,feed_rate,6.989,mL/h
12.3667,pH,6.468,-
12.3667,temp,29.961,degC
12.3833,DO,70.216,%
12.3833,feed_rate,6.989,mL/h
12.3833,pH,6.451,-
12.3833,temp,29.979,degC
12.4,DO,70.062,%
12.4,feed_rate,6.989,mL/h
12.4,pH,6.457,-
12.4,temp,29.976,degC
12.4167,DO,69.68,%
12.4167,feed_rate,6.989,mL/h
12.4167,pH,6.447,-
12.4167,temp,30.074,degC
12.4333,DO,69.49,%
12.4333,feed_rate,6.989,mL/h
12.4333,pH,6.455,-
12.4333,temp,29.982,degC
12.45,DO,69.442,%
12.45,feed_rate,6.989,mL/h
12.45,pH,6.462,-
12.45,temp,30.027,degC
12.4667,DO,68.945,%
12.4667,feed_rate,6.989,mL/h
12.4667,pH,6.459,-
12.4667,temp,29.996,degC
12.4833,DO,69.087,%
12.4833,feed_rate,6.989,mL/h
12.4833,pH,6.464,-
12.4833,temp,30.062,degC
12.5,DO,69.362,%
12.5,feed_rate,6.989,mL/h
12.5,pH,6.444,-
12.5,temp,30.003,degC
12.5167,DO,69.457,%
12.5167,feed_rate,6.989,mL/h
12.5167,pH,6.455,-
12.5167,temp,29.898,degC
12.5333,DO,69.605,%
12.5333,feed_rate,6.989,mL/h
12.5333,pH,6.468,-
12.5333,temp,30.088,degC
12.55,DO,69.144,%
12.55,feed_rate,6.989,mL/h
12.55,pH,6.453,-
12.55,temp,30.081,degC
12.5667,DO,68.642,%
12.5667,feed_rate,6.989,mL/h
12.5667,pH,6.449,-
12.5667,temp,30.031,degC
12.5833,DO,69.124,%
12.5833,feed_rate,6.989,mL/h
12.5833,pH,6.448,-
12.5833,temp,29.918,degC
12.6,DO,69.44,%
12.6,feed_rate,6.989,mL/h
12.6,pH,6.445,-
12.6,temp,30.064,degC
12.6167,DO,68.891,%
12.6167,feed_rate,6.989,mL/h
12.6167,pH,6.452,-
12.6167,temp,30.015,degC
12.6333,DO,68.965,%
12.6333,feed_rate,6.989,mL/h
12.6333,pH,6.464,-
12.6333,temp,29.956,degC
12.65,DO,68.958,%
12.65,feed_rate,6.989,mL/h
12.65,pH,6.455,-
12.65,temp,29.969,degC
12.6667,DO,69.096,%
12.6667,feed_rate,6.989,mL/h
12.6667,pH,6.45,-
12.6667,temp,30.056,degC
12.6833,DO,69.094,%
12.6833,feed_rate,6.989,mL/h
12.6833,pH,6.442,-
12.6833,temp,29.965,degC
12.7,DO,68.868,%
12.7,feed_rate,6.989,mL/h
12.7,pH,6.438,-
12.7,temp,29.989,degC
12.7167,DO,68.884,%
12.7167,feed_rate,6.989,mL/h
12.7167,pH,6.474,-
12.7167,temp,29.959,degC
12.7333,DO,68.874,%
12.7333,feed_rate,6.989,mL/h
12.7333,pH,6.445,-
12.7333,temp,30.023,degC
12.75,DO,68.793,%
12.75,feed_rate,6.989,mL/h
12.75,pH,6.451,-
12.75,temp,29.953,degC
12.7667,DO,68.175,%
12.7667,feed_rate,6.989,mL/h
12.7667,pH,6.445,-
12.7667,temp,30.026,degC
12.7833,DO,67.326,%
12.7833,feed_rate,6.989,mL/h
12.7833,pH,6.451,-
12.7833,temp,29.982,degC
12.8,DO,67.297,%
12.8,feed_rate,6.989,mL/h
12.8,pH,6.445,-
12.8,temp,30.1,degC
12.8167,DO,67.008,%
12.8167,feed_rate,6.989,mL/h
12.8167,pH,6.45,-
12.8167,temp,29.974,degC
12.8333,DO,67.332,%
12.8333,feed_rate,6.989,mL/h
12.8333,pH,6.464,-
12.8333,temp,30.002,degC
12.85,DO,67.718,%
12.85,feed_rate,6.989,mL/h
12.85,pH,6.442,-
12.85,temp,30.046,degC
12.8667,DO,67.879,%
12.8667,feed_rate,6.989,mL/h
12.8667,pH,6.454,-
12.8667,temp,30.041,degC
12.8833,DO,67.806,%
12.8833,feed_rate,6.989,mL/h
12.8833,pH,6.448,-
12.8833,temp,29.922,degC
12.9,DO,67.868,%
12.9,feed_rate,6.989,mL/h
12.9,pH,6.456,-
12.9,temp,30.007,degC
12.9167,DO,68.235,%
12.9167,feed_rate,6.989,mL/h
12.9167,pH,6.442,-
12.9167,temp,30.019,degC
12.9333,DO,67.948,%
12.9333,feed_rate,6.989,mL/h
12.9333,pH,6.453,-
12.9333,temp,30.033,degC
12.95,DO,68.202,%
12.95,feed_rate,6.989,mL/h
12.95,pH,6.439,-
12.95,temp,29.991,degC
12.9667,DO,68.329,%
12.9667,feed_rate,6.989,mL/h
12.9667,pH,6.43,-
12.9667,temp,30.074,degC
12.9833,DO,68.284,%
12.9833,feed_rate,6.989,mL/h
12.9833,pH,6.435,-
12.9833,temp,30.069,degC
13.0,DO,68.594,%
13.0,feed_rate,6.989,mL/h
13.0,pH,6.439,-
13.0,temp,29.981,degC
13.0167,DO,68.179,%
13.0167,feed_rate,6.989,mL/h
13.0167,pH,6.437,-
13.0167,temp,29.946,degC
13.0333,DO,68.333,%
13.0333,feed_rate,6.989,mL/h
13.0333,pH,6.445,-
13.0333,temp,29.996,degC
13.05,DO,67.883,%
13.05,feed_rate,6.989,mL/h
13.05,pH,6.459,-
13.05,temp,30.029,degC
13.0667,DO,67.56,%
13.0667,feed_rate,6.989,mL/h
13.0667,pH,6.436,-
13.0667,temp,30.056,degC
13.0833,DO,67.202,%
13.0833,feed_rate,6.989,mL/h
13.0833,pH,6.452,-
13.0833,temp,29.943,degC
13.1,DO,67.355,%
13.1,feed_rate,6.989,mL/h
13.1,pH,6.449,-
13.1,temp,29.969,degC
13.1167,DO,67.049,%
13.1167,feed_rate,6.989,mL/h
13.1167,pH,6.44,-
13.1167,temp,29.904,degC
13.1333,DO,67.091,%
13.1333,feed_rate,6.989,mL/h
13.1333,pH,6.438,-
13.1333,temp,29.954,degC
13.15,DO,66.755,%
13.15,feed_rate,6.989,mL/h
13.15,pH,6.452,-
13.15,temp,30.059,degC
13.1667,DO,67.136,%
13.1667,feed_rate,6.989,mL/h
13.1667,pH,6.452,-
13.1667,temp,30.109,degC
13.1833,DO,67.659,%
13.1833,feed_rate,6.989,mL/h
13.1833,pH,6.444,-
13.1833,temp,30.042,degC
13.2,DO,67.583,%
13.2,feed_rate,6.989,mL/h
13.2,pH,6.446,-
13.2,temp,29.998,degC
13.2167,DO,67.935,%
13.2167,feed_rate,6.989,mL/h
13.2167,pH,6.447,-
13.2167,temp,29.992,degC
13.2333,DO,67.88,%
13.2333,feed_rate,6.989,mL/h
13.2333,pH,6.434,-
13.2333,temp,30.104,degC
13.25,DO,68.306,%
13.25,feed_rate,6.989,mL/h
13.25,pH,6.448,-
13.25,temp,30.067,degC
13.2667,DO,68.015,%
13.2667,feed_rate,6.989,mL/h
13.2667,pH,6.45,-
13.2667,temp,30.017,degC
13.2833,DO,67.268,%
13.2833,feed_rate,6.989,mL/h
13.2833,pH,6.465,-
13.2833,temp,29.98,degC
13.3,DO,67.577,%
13.3,feed_rate,6.989,mL/h
13.3,pH,6.434,-
13.3,temp,29.968,degC
13.3167,DO,67.327,%
13.3167,feed_rate,6.989,mL/h
13.3167,pH,6.438,-
13.3167,temp,30.007,degC
13.3333,DO,66.842,%
13.3333,feed_rate,6.989,mL/h
13.3333,pH,6.448,-
13.3333,temp,30.097,degC
13.35,DO,66.556,%
13.35,feed_rate,6.989,mL/h
13.35,pH,6.441,-
13.35,temp,29.995,degC
13.3667,DO,66.024,%
13.3667,feed_rate,6.989,mL/h
13.3667,pH,6.442,-
13.3667,temp,29.989,degC
13.3833,DO,66.024,%
13.3833,feed_rate,6.989,mL/h
13.3833,pH,6.447,-
13.3833,temp,30.02,degC
13.4,DO,65.741,%
13.4,feed_rate,6.989,mL/h
13.4,pH,6.443,-
13.4,temp,29.993,degC
13.4167,DO,66.269,%
13.4167,feed_rate,6.989,mL/h
13.4167,pH,6.446,-
13.4167,temp,30.054,degC
13.4333,DO,66.433,%
13.4333,feed_rate,6.989,mL/h
13.4333,pH,6.451,-
13.4333,temp,29.955,degC
13.45,DO,65.855,%
13.45,feed_rate,6.989,mL/h
13.45,pH,6.43,-
13.45,temp,30.01,degC
13.4667,DO,65.426,%
13.4667,feed_rate,6.989,mL/h
13.4667,pH,6.452,-
13.4667,temp,29.971,degC
13.4833,DO,65.353,%
13.4833,feed_rate,6.989,mL/h
13.4833,pH,6.423,-
13.4833,temp,30.047,degC
13.5,DO,64.875,%
13.5,feed_rate,6.989,mL/h
13.5,pH,6.463,-
13.5,temp,30.012,degC
13.5167,DO,65.025,%
13.5167,feed_rate,6.989,mL/h
13.5167,pH,6.455,-
13.5167,temp,29.967,degC
13.5333,DO,65.153,%
13.5333,feed_rate,6.989,mL/h
13.5333,pH,6.44,-
13.5333,temp,29.977,degC
13.55,DO,65.025,%
13.55,feed_rate,6.989,mL/h
13.55,pH,6.456,-
13.55,temp,30.001,degC
13.5667,DO,64.977,%
13.5667,feed_rate,6.989,mL/h
13.5667,pH,6.444,-
13.5667,temp,30.076,degC
13.5833,DO,65.241,%
13.5833,feed_rate,6.989,mL/h
13.5833,pH,6.45,-
13.5833,temp,30.029,degC
13.6,DO,65.717,%
13.6,feed_rate,6.989,mL/h
13.6,pH,6.453,-
13.6,temp,30.016,degC
13.6167,DO,66.107,%
13.6167,feed_rate,6.989,mL/h
13.6167,pH,6.449,-
13.6167,temp,29.951,degC
13.6333,DO,65.969,%
13.6333,feed_rate,6.989,mL/h
13.6333,pH,6.446,-
13.6333,temp,29.925,degC
13.65,DO,66.093,%
13.65,feed_rate,6.989,mL/h
13.65,pH,6.452,-
13.65,temp,29.922,degC
13.6667,DO,65.702,%
13.6667,feed_rate,6.989,mL/h
13.6667,pH,6.444,-
13.6667,temp,29.969,degC
13.6833,DO,65.721,%
13.6833,feed_rate,6.989,mL/h
13.6833,pH,6.442,-
13.6833,temp,30.019,degC
13.7,DO,65.313,%
13.7,feed_rate,6.989,mL/h
13.7,pH,6.436,-
13.7,temp,30.001,degC
13.7167,DO,65.482,%
13.7167,feed_rate,6.989,mL/h
13.7167,pH,6.427,-
13.7167,temp,30.056,degC
13.7333,DO,65.014,%
13.7333,feed_rate,6.989,mL/h
13.7333,pH,6.461,-
13.7333,temp,29.944,degC
13.75,DO,64.709,%
13.75,feed_rate,6.989,mL/h
13.75,pH,6.453,-
13.75,temp,29.988,degC
13.7667,DO,64.74,%
13.7667,feed_rate,6.989,mL/h
13.7667,pH,6.431,-
13.7667,temp,29.986,degC
13.7833,DO,64.923,%
13.7833,feed_rate,6.989,mL/h
13.7833,pH,6.449,-
13.7833,temp,29.949,degC
13.8,DO,64.458,%
13.8,feed_rate,6.989,mL/h
13.8,pH,6.447,-
13.8,temp,29.89,degC
13.8167,DO,64.344,%
13.8167,feed_rate,6.989,mL/h
13.8167,pH,6.423,-
13.8167,temp,29.958,degC
13.8333,DO,64.442,%
13.8333,feed_rate,6.989,mL/h
13.8333,pH,6.436,-
13.8333,temp,30.044,degC
13.85,DO,64.537,%
13.85,feed_rate,6.989,mL/h
13.85,pH,6.444,-
13.85,temp,29.911,degC
13.8667,DO,64.28,%
13.8667,feed_rate,6.989,mL/h
13.8667,pH,6.462,-
13.8667,temp,30.041,degC
13.8833,DO,64.343,%
13.8833,feed_rate,6.989,mL/h
13.8833,pH,6.456,-
13.8833,temp,30.042,degC
13.9,DO,64.272,%
13.9,feed_rate,6.989,mL/h
13.9,pH,6.457,-
13.9,temp,29.99,degC
13.9167,DO,64.705,%
13.9167,feed_rate,6.989,mL/h
13.9167,pH,6.448,-
13.9167,temp,30.012,degC
13.9333,DO,64.784,%
13.9333,feed_rate,6.989,mL/h
13.9333,pH,6.455,-
13.9333,temp,29.992,degC
13.95,DO,64.271,%
13.95,feed_rate,6.989,mL/h
13.95,pH,6.433,-
13.95,temp,29.999,degC
13.9667,DO,63.585,%
13.9667,feed_rate,6.989,mL/h
13.9667,pH,6.451,-
13.9667,temp,30.07,degC
13.9833,DO,63.715,%
13.9833,feed_rate,6.989,mL/h
13.9833,pH,6.452,-
13.9833,temp,30.056,degC
14.0,DO,64.131,%
14.0,feed_rate,6.989,mL/h
14.0,pH,6.432,-
14.0,temp,30.048,degC
14.0167,DO,64.149,%
14.0167,feed_rate,6.989,mL/h
14.0167,pH,6.447,-
14.0167,temp,30.012,degC
14.0333,DO,64.364,%
14.0333,feed_rate,6.989,mL/h
14.0333,pH,6.459,-
14.0333,temp,29.993,degC
14.05,DO,64.114,%
14.05,feed_rate,6.989,mL/h
14.05,pH,6.463,-
14.05,temp,30.012,degC
14.0667,DO,63.637,%
14.0667,feed_rate,6.989,mL/h
14.0667,pH,6.458,-
14.0667,temp,29.934,degC
14.0833,DO,63.878,%
14.0833,feed_rate,6.989,mL/h
14.0833,pH,6.437,-
14.0833,temp,29.955,degC
14.1,DO,63.863,%
14.1,feed_rate,6.989,mL/h
14.1,pH,6.443,-
14.1,temp,30.002,degC
14.1167,DO,64.014,%
14.1167,feed_rate,6.989,mL/h
14.1167,pH,6.439,-
14.1167,temp,29.909,degC
14.1333,DO,63.504,%
14.1333,feed_rate,6.989,mL/h
14.1333,pH,6.456,-
14.1333,temp,29.998,degC
14.15,DO,63.552,%
14.15,feed_rate,6.989,mL/h
14.15,pH,6.435,-
14.15,temp,29.991,degC
14.1667,DO,63.336,%
14.1667,feed_rate,6.989,mL/h
14.1667,pH,6.433,-
14.1667,temp,29.989,degC
14.1833,DO,63.581,%
14.1833,feed_rate,6.989,mL/h
14.1833,pH,6.427,-
14.1833,temp,29.991,degC
14.2,DO,63.348,%
14.2,feed_rate,6.989,mL/h
14.2,pH,6.446,-
14.2,temp,29.964,degC
14.2167,DO,63.142,%
14.2167,feed_rate,6.989,mL/h
14.2167,pH,6.448,-
14.2167,temp,30.102,degC
14.2333,DO,62.972,%
14.2333,feed_rate,6.989,mL/h
14.2333,pH,6.437,-
14.2333,temp,29.901,degC
14.25,DO,63.378,%
14.25,feed_rate,6.989,mL/h
14.25,pH,6.436,-
14.25,temp,29.96,degC
14.2667,DO,63.152,%
14.2667,feed_rate,7.409,mL/h
14.2667,pH,6.441,-
14.2667,temp,29.907,degC
14.2833,DO,62.722,%
14.2833,feed_rate,7.409,mL/h
14.2833,pH,6.457,-
14.2833,temp,30.013,degC
14.3,DO,62.288,%
14.3,feed_rate,7.409,mL/h
14.3,pH,6.43,-
14.3,temp,30.041,degC
14.3167,DO,61.921,%
14.3167,feed_rate,7.409,mL/h
14.3167,pH,6.443,-
14.3167,temp,30.086,degC
14.3333,DO,62.368,%
14.3333,feed_rate,7.409,mL/h
14.3333,pH,6.445,-
14.3333,temp,29.959,degC
14.35,DO,61.73,%
14.35,feed_rate,7.409,mL/h
14.35,pH,6.447,-
14.35,temp,30.029,degC
14.3667,DO,61.497,%
14.3667,feed_rate,7.409,mL/h
14.3667,pH,6.456,-
14.3667,temp,29.951,degC
14.3833,DO,61.744,%
14.3833,feed_rate,7.409,mL/h
14.3833,pH,6.451,-
14.3833,temp,29.992,degC
14.4,DO,62.093,%
14.4,feed_rate,7.409,mL/h
14.4,pH,6.446,-
14.4,temp,30.028,degC
14.4167,DO,61.961,%
14.4167,feed_rate,7.409,mL/h
14.4167,pH,6.457,-
14.4167,temp,29.921,degC
14.4333,DO,62.124,%
14.4333,feed_rate,7.409,mL/h
14.4333,pH,6.454,-
14.4333,temp,29.986,degC
14.45,DO,62.234,%
14.45,feed_rate,7.409,mL/h
14.45,pH,6.446,-
14.45,temp,29.963,degC
14.4667,DO,62.378,%
14.4667,feed_rate,7.409,mL/h
14.4667,pH,6.445,-
14.4667,temp,30.014,degC
14.4833,DO,62.199,%
14.4833,feed_rate,7.409,mL/h
14.4833,pH,6.431,-
14.4833,temp,30.036,degC
14.5,DO,62.526,%
14.5,feed_rate,7.409,mL/h
14.5,pH,6.444,-
14.5,temp,29.921,degC
14.5167,DO,62.344,%
14.5167,feed_rate,7.409,mL/h
14.5167,pH,6.435,-
14.5167,temp,29.989,degC
14.5333,DO,62.586,%
14.5333,feed_rate,7.409,mL/h
14.5333,pH,6.431,-
14.5333,temp,29.926,degC
14.55,DO,61.978,%
14.55,feed_rate,7.409,mL/h
14.55,pH,6.44,-
14.55,temp,29.879,degC
14.5667,DO,62.093,%
14.5667,feed_rate,7.409,mL/h
14.5667,pH,6.425,-
14.5667,temp,29.939,degC
14.5833,DO,61.514,%
14.5833,feed_rate,7.409,mL/h
14.5833,pH,6.433,-
14.5833,temp,29.962,degC
14.6,DO,60.966,%
14.6,feed_rate,7.409,mL/h
14.6,pH,6.437,-
14.6,temp,29.934,degC
14.6167,DO,61.116,%
14.6167,feed_rate,7.409,mL/h
14.6167,pH,6.445,-
14.6167,temp,29.939,degC
14.6333,DO,60.827,%
14.6333,feed_rate,7.409,mL/h
14.6333,pH,6.439,-
14.6333,temp,30.059,degC
14.65,DO,60.966,%
14.65,feed_rate,7.409,mL/h
14.65,pH,6.446,-
14.65,temp,30.0,degC
14.6667,DO,60.611,%
14.6667,feed_rate,7.409,mL/h
14.6667,pH,6.458,-
14.6667,temp,30.049,degC
14.6833,DO,61.118,%
14.6833,feed_rate,7.409,mL/h
14.6833,pH,6.45,-
14.6833,temp,30.067,degC
14.7,DO,61.033,%
14.7,feed_rate,7.409,mL/h
14.7,pH,6.43,-
14.7,temp,30.004,degC
14.7167,DO,60.612,%
14.7167,feed_rate,7.409,mL/h
14.7167,pH,6.424,-
14.7167,temp,30.125,degC
14.7333,DO,60.655,%
14.7333,feed_rate,7.409,mL/h
14.7333,pH,6.432,-
14.7333,temp,30.019,degC
14.75,DO,60.891,%
14.75,feed_rate,7.409,mL/h
14.75,pH,6.432,-
14.75,temp,30.004,degC
14.7667,DO,60.572,%
14.7667,feed_rate,7.409,mL/h
14.7667,pH,6.421,-
14.7667,temp,29.956,degC
14.7833,DO,60.691,%
14.7833,feed_rate,7.409,mL/h
14.7833,pH,6.424,-
14.7833,temp,29.98,degC
14.8,DO,61.234,%
14.8,feed_rate,7.409,mL/h
14.8,pH,6.424,-
14.8,temp,30.016,degC
14.8167,DO,61.303,%
14.8167,feed_rate,7.409,mL/h
14.8167,pH,6.435,-
14.8167,temp,30.002,degC
14.8333,DO,61.083,%
14.8333,feed_rate,7.409,mL/h
14.8333,pH,6.455,-
14.8333,temp,30.01,degC
14.85,DO,60.728,%
14.85,feed_rate,7.409,mL/h
14.85,pH,6.458,-
14.85,temp,30.015,degC
14.8667,DO,60.776,%
14.8667,feed_rate,7.409,mL/h
14.8667,pH,6.43,-
14.8667,temp,29.929,degC
14.8833,DO,60.175,%
14.8833,feed_rate,7.409,mL/h
14.8833,pH,6.436,-
14.8833,temp,29.958,degC
14.9,DO,59.225,%
14.9,feed_rate,7.409,mL/h
14.9,pH,6.426,-
14.9,temp,29.977,degC
14.9167,DO,59.166,%
14.9167,feed_rate,7.409,mL/h
14.9167,pH,6.424,-
14.9167,temp,29.97,degC
14.9333,DO,58.981,%
14.9333,feed_rate,7.409,mL/h
14.9333,pH,6.439,-
14.9333,temp,29.93,degC
14.95,DO,59.671,%
14.95,feed_rate,7.409,mL/h
14.95,pH,6.44,-
14.95,temp,29.992,degC
14.9667,DO,59.729,%
14.9667,feed_rate,7.409,mL/h
14.9667,pH,6.433,-
14.9667,temp,29.953,degC
14.9833,DO,59.426,%
14.9833,feed_rate,7.409,mL/h
14.9833,pH,6.446,-
14.9833,temp,30.046,degC
15.0,DO,59.119,%
15.0,feed_rate,7.409,mL/h
15.0,pH,6.436,-
15.0,temp,29.956,degC
15.0167,DO,59.361,%
15.0167,feed_rate,7.409,mL/h
15.0167,pH,6.45,-
15.0167,temp,30.008,degC
15.0333,DO,59.143,%
15.0333,feed_rate,7.409,mL/h
15.0333,pH,6.434,-
15.0333,temp,29.896,degC
15.05,DO,59.032,%
15.05,feed_rate,7.409,mL/h
15.05,pH,6.448,-
15.05,temp,29.988,degC
15.0667,DO,59.079,%
15.0667,feed_rate,7.409,mL/h
15.0667,pH,6.437,-
15.0667,temp,30.046,degC
15.0833,DO,59.159,%
15.0833,feed_rate,7.409,mL/h
15.0833,pH,6.44,-
15.0833,temp,29.998,degC
15.1,DO,59.214,%
15.1,feed_rate,7.409,mL/h
15.1,pH,6.445,-
15.1,temp,30.028,degC
15.1167,DO,59.252,%
15.1167,feed_rate,7.409,mL/h
15.1167,pH,6.425,-
15.1167,temp,30.006,degC
15.1333,DO,59.627,%
15.1333,feed_rate,7.409,mL/h
15.1333,pH,6.431,-
15.1333,temp,29.98,degC
15.15,DO,60.035,%
15.15,feed_rate,7.409,mL/h
15.15,pH,6.438,-
15.15,temp,30.021,degC
15.1667,DO,59.344,%
15.1667,feed_rate,7.409,mL/h
15.1667,pH,6.436,-
15.1667,temp,30.016,degC
15.1833,DO,60.049,%
15.1833,feed_rate,7.409,mL/h
15.1833,pH,6.441,-
15.1833,temp,30.015,degC
15.2,DO,59.867,%
15.2,feed_rate,7.409,mL/h
15.2,pH,6.43,-
15.2,temp,29.966,degC
15.2167,DO,60.044,%
15.2167,feed_rate,7.409,mL/h
15.2167,pH,6.425,-
15.2167,temp,29.971,degC
15.2333,DO,59.579,%
15.2333,feed_rate,7.409,mL/h
15.2333,pH,6.437,-
15.2333,temp,29.858,degC
15.25,DO,59.515,%
15.25,feed_rate,7.409,mL/h
15.25,pH,6.441,-
15.25,temp,30.0,degC
15.2667,DO,59.42,%
15.2667,feed_rate,7.409,mL/h
15.2667,pH,6.43,-
15.2667,temp,29.942,degC
15.2833,DO,59.301,%
15.2833,feed_rate,7.409,mL/h
15.2833,pH,6.45,-
15.2833,temp,29.957,degC
15.3,DO,59.416,%
15.3,feed_rate,7.409,mL/h
15.3,pH,6.445,-
15.3,temp,30.036,degC
15.3167,DO,59.431,%
15.3167,feed_rate,7.409,mL/h
15.3167,pH,6.446,-
15.3167,temp,30.004,degC
15.3333,DO,58.94,%
15.3333,feed_rate,7.409,mL/h
15.3333,pH,6.446,-
15.3333,temp,30.014,degC
15.35,DO,58.801,%
15.35,feed_rate,7.409,mL/h
15.35,pH,6.429,-
15.35,temp,29.959,degC
15.3667,DO,58.933,%
15.3667,feed_rate,7.409,mL/h
15.3667,pH,6.459,-
15.3667,temp,30.019,degC
15.3833,DO,59.015,%
15.3833,feed_rate,7.409,mL/h
15.3833,pH,6.431,-
15.3833,temp,29.996,degC
15.4,DO,58.762,%
15.4,feed_rate,7.409,mL/h
15.4,pH,6.442,-
15.4,temp,30.005,degC
15.4167,DO,58.564,%
15.4167,feed_rate,7.409,mL/h
15.4167,pH,6.445,-
15.4167,temp,29.989,degC
15.4333,DO,58.432,%
15.4333,feed_rate,7.409,mL/h
15.4333,pH,6.441,-
15.4333,temp,30.077,degC
15.45,DO,58.03,%
15.45,feed_rate,7.409,mL/h
15.45,pH,6.44,-
15.45,temp,29.939,degC
15.4667,DO,57.642,%
15.4667,feed_rate,7.409,mL/h
15.4667,pH,6.43,-
15.4667,temp,30.007,degC
15.4833,DO,58.178,%
15.4833,feed_rate,7.409,mL/h
15.4833,pH,6.434,-
15.4833,temp,30.01,degC
15.5,DO,58.005,%
15.5,feed_rate,7.409,mL/h
15.5,pH,6.438,-
15.5,temp,30.042,degC
15.5167,DO,58.002,%
15.5167,feed_rate,7.409,mL/h
15.5167,pH,6.451,-
15.5167,temp,30.022,degC
15.5333,DO,57.736,%
15.5333,feed_rate,7.409,mL/h
15.5333,pH,6.431,-
15.5333,temp,29.972,degC
15.55,DO,58.125,%
15.55,feed_rate,7.409,mL/h
15.55,pH,6.445,-
15.55,temp,30.004,degC
15.5667,DO,58.561,%
15.5667,feed_rate,7.409,mL/h
15.5667,pH,6.442,-
15.5667,temp,30.073,degC
15.5833,DO,58.307,%
15.5833,feed_rate,7.409,mL/h
15.5833,pH,6.439,-
15.5833,temp,30.05,degC
15.6,DO,58.313,%
15.6,feed_rate,7.409,mL/h
15.6,pH,6.432,-
15.6,temp,29.977,degC
15.6167,DO,57.925,%
15.6167,feed_rate,7.409,mL/h
15.6167,pH,6.436,-
15.6167,temp,30.007,degC
15.6333,DO,58.359,%
15.6333,feed_rate,7.409,mL/h
15.6333,pH,6.421,-
15.6333,temp,29.991,degC
15.65,DO,58.444,%
15.65,feed_rate,7.409,mL/h
15.65,pH,6.439,-
15.65,temp,30.064,degC
15.6667,DO,57.97,%
15.6667,feed_rate,7.409,mL/h
15.6667,pH,6.441,-
15.6667,temp,29.976,degC
15.6833,DO,58.207,%
15.6833,feed_rate,7.409,mL/h
15.6833,pH,6.433,-
15.6833,temp,30.063,degC
15.7,DO,58.118,%
15.7,feed_rate,7.409,mL/h
15.7,pH,6.443,-
15.7,temp,30.08,degC
15.7167,DO,58.052,%
15.7167,feed_rate,7.409,mL/h
15.7167,pH,6.441,-
15.7167,temp,29.992,degC
15.7333,DO,57.971,%
15.7333,feed_rate,7.409,mL/h
15.7333,pH,6.431,-
15.7333,temp,30.111,degC
15.75,DO,57.586,%
15.75,feed_rate,7.409,mL/h
15.75,pH,6.446,-
15.75,temp,29.987,degC
15.7667,DO,57.307,%
15.7667,feed_rate,7.409,mL/h
15.7667,pH,6.432,-
15.7667,temp,29.989,degC
15.7833,DO,57.42,%
15.7833,feed_rate,7.409,mL/h
15.7833,pH,6.462,-
15.7833,temp,30.036,degC
15.8,DO,57.298,%
15.8,feed_rate,7.409,mL/h
15.8,pH,6.427,-
15.8,temp,29.973,degC
15.8167,DO,56.919,%
15.8167,feed_rate,7.409,mL/h
15.8167,pH,6.43,-
15.8167,temp,30.004,degC
15.8333,DO,57.499,%
15.8333,feed_rate,7.409,mL/h
15.8333,pH,6.431,-
15.8333,temp,29.94,degC
15.85,DO,57.279,%
15.85,feed_rate,7.409,mL/h
15.85,pH,6.44,-
15.85,temp,29.979,degC
15.8667,DO,56.986,%
15.8667,feed_rate,7.409,mL/h
15.8667,pH,6.449,-
15.8667,temp,30.003,degC
15.8833,DO,56.7,%
15.8833,feed_rate,7.409,mL/h
15.8833,pH,6.438,-
15.8833,temp,29.932,degC
15.9,DO,56.876,%
15.9,feed_rate,7.409,mL/h
15.9,pH,6.433,-
15.9,temp,30.035,degC
15.9167,DO,57.091,%
15.9167,feed_rate,7.409,mL/h
15.9167,pH,6.456,-
15.9167,temp,30.036,degC
15.9333,DO,57.033,%
15.9333,feed_rate,7.409,mL/h
15.9333,pH,6.447,-
15.9333,temp,29.994,degC
15.95,DO,57.163,%
15.95,feed_rate,7.409,mL/h
15.95,pH,6.434,-
15.95,temp,30.032,degC
15.9667,DO,56.545,%
15.9667,feed_rate,7.409,mL/h
15.9667,pH,6.436,-
15.9667,temp,30.032,degC
15.9833,DO,56.378,%
15.9833,feed_rate,7.409,mL/h
15.9833,pH,6.422,-
15.9833,temp,29.959,degC
16.0,DO,56.203,%
16.0,feed_rate,7.409,mL/h
16.0,pH,6.437,-
16.0,temp,30.026,degC
16.0167,DO,56.195,%
16.0167,feed_rate,7.409,mL/h
16.0167,pH,6.454,-
16.0167,temp,30.01,degC
16.0333,DO,56.323,%
16.0333,feed_rate,7.409,mL/h
16.0333,pH,6.425,-
16.0333,temp,29.966,degC
16.05,DO,55.655,%
16.05,feed_rate,7.409,mL/h
16.05,pH,6.422,-
16.05,temp,30.018,degC
16.0667,DO,56.659,%
16.0667,feed_rate,7.409,mL/h
16.0667,pH,6.438,-
16.0667,temp,29.946,degC
16.0833,DO,56.254,%
16.0833,feed_rate,7.409,mL/h
16.0833,pH,6.412,-
16.0833,temp,29.858,degC
16.1,DO,56.282,%
16.1,feed_rate,7.409,mL/h
16.1,pH,6.45,-
16.1,temp,30.021,degC
16.1167,DO,56.438,%
16.1167,feed_rate,7.409,mL/h
16.1167,pH,6.421,-
16.1167,temp,30.011,degC
16.1333,DO,56.559,%
16.1333,feed_rate,7.409,mL/h
16.1333,pH,6.429,-
16.1333,temp,30.09,degC
16.15,DO,56.462,%
16.15,feed_rate,7.409,mL/h
16.15,pH,6.434,-
16.15,temp,29.984,degC
16.1667,DO,55.427,%
16.1667,feed_rate,7.409,mL/h
16.1667,pH,6.448,-
16.1667,temp,30.044,degC
16.1833,DO,55.135,%
16.1833,feed_rate,7.409,mL/h
16.1833,pH,6.44,-
16.1833,temp,29.956,degC
16.2,DO,55.445,%
16.2,feed_rate,7.409,mL/h
16.2,pH,6.417,-
16.2,temp,29.944,degC
16.2167,DO,55.176,%
16.2167,feed_rate,7.409,mL/h
16.2167,pH,6.419,-
16.2167,temp,29.985,degC
16.2333,DO,54.91,%
16.2333,feed_rate,7.409,mL/h
16.2333,pH,6.437,-
16.2333,temp,30.012,degC
16.25,DO,54.296,%
16.25,feed_rate,7.409,mL/h
16.25,pH,6.414,-
16.25,temp,29.999,degC
16.2667,DO,54.866,%
16.2667,feed_rate,7.409,mL/h
16.2667,pH,6.432,-
16.2667,temp,30.057,degC
16.2833,DO,55.098,%
16.2833,feed_rate,7.409,mL/h
16.2833,pH,6.427,-
16.2833,temp,30.061,degC
16.3,DO,54.852,%
16.3,feed_rate,7.409,mL/h
16.3,pH,6.443,-
16.3,temp,29.939,degC
16.3167,DO,54.871,%
16.3167,feed_rate,7.409,mL/h
16.3167,pH,6.447,-
16.3167,temp,29.977,degC
16.3333,DO,54.885,%
16.3333,feed_rate,7.409,mL/h
16.3333,pH,6.41,-
16.3333,temp,30.094,degC
16.35,DO,54.581,%
16.35,feed_rate,7.409,mL/h
16.35,pH,6.439,-
16.35,temp,30.072,degC
16.3667,DO,54.578,%
16.3667,feed_rate,7.409,mL/h
16.3667,pH,6.441,-
16.3667,temp,29.947,degC
16.3833,DO,54.724,%
16.3833,feed_rate,7.409,mL/h
16.3833,pH,6.427,-
16.3833,temp,29.968,degC
16.4,DO,54.919,%
16.4,feed_rate,7.409,mL/h
16.4,pH,6.428,-
16.4,temp,30.105,degC
16.4167,DO,55.278,%
16.4167,feed_rate,7.409,mL/h
16.4167,pH,6.422,-
16.4167,temp,29.958,degC
16.4333,DO,55.183,%
16.4333,feed_rate,7.409,mL/h
16.4333,pH,6.431,-
16.4333,temp,30.069,degC
16.45,DO,54.949,%
16.45,feed_rate,7.409,mL/h
16.45,pH,6.438,-
16.45,temp,29.907,degC
16.4667,DO,55.011,%
16.4667,feed_rate,7.409,mL/h
16.4667,pH,6.447,-
16.4667,temp,29.997,degC
16.4833,DO,54.74,%
16.4833,feed_rate,7.409,mL/h
16.4833,pH,6.448,-
16.4833,temp,29.956,degC
16.5,DO,54.325,%
16.5,feed_rate,7.409,mL/h
16.5,pH,6.431,-
16.5,temp,30.025,degC
16.5167,DO,54.702,%
16.5167,feed_rate,7.409,mL/h
16.5167,pH,6.425,-
16.5167,temp,30.072,degC
16.5333,DO,54.535,%
16.5333,feed_rate,7.409,mL/h
16.5333,pH,6.444,-
16.5333,temp,30.031,degC
16.55,DO,54.542,%
16.55,feed_rate,7.409,mL/h
16.55,pH,6.406,-
16.55,temp,30.059,degC
16.5667,DO,54.696,%
16.5667,feed_rate,7.409,mL/h
16.5667,pH,6.419,-
16.5667,temp,30.067,degC
16.5833,DO,54.282,%
16.5833,feed_rate,7.409,mL/h
16.5833,pH,6.44,-
16.5833,temp,30.092,degC
16.6,DO,54.464,%
16.6,feed_rate,7.409,mL/h
16.6,pH,6.455,-
16.6,temp,30.025,degC
16.6167,DO,54.543,%
16.6167,feed_rate,7.409,mL/h
16.6167,pH,6.425,-
16.6167,temp,29.911,degC
16.6333,DO,54.431,%
16.6333,feed_rate,7.409,mL/h
16.6333,pH,6.434,-
16.6333,temp,29.929,degC
16.65,DO,54.479,%
16.65,feed_rate,7.409,mL/h
16.65,pH,6.422,-
16.65,temp,30.053,degC
16.6667,DO,54.162,%
16.6667,feed_rate,7.409,mL/h
16.6667,pH,6.432,-
16.6667,temp,30.039,degC
16.6833,DO,53.464,%
16.6833,feed_rate,7.409,mL/h
16.6833,pH,6.432,-
16.6833,temp,30.062,degC
16.7,DO,53.472,%
16.7,feed_rate,7.409,mL/h
16.7,pH,6.425,-
16.7,temp,29.99,degC
16.7167,DO,53.28,%
16.7167,feed_rate,7.409,mL/h
16.7167,pH,6.437,-
16.7167,temp,29.982,degC
16.7333,DO,53.65,%
16.7333,feed_rate,7.409,mL/h
16.7333,pH,6.431,-
16.7333,temp,29.912,degC
16.75,DO,53.755,%
16.75,feed_rate,7.409,mL/h
16.75,pH,6.438,-
16.75,temp,29.948,degC
16.7667,DO,53.59,%
16.7667,feed_rate,7.409,mL/h
16.7667,pH,6.431,-
16.7667,temp,29.996,degC
16.7833,DO,53.622,%
16.7833,feed_rate,7.409,mL/h
16.7833,pH,6.421,-
16.7833,temp,29.968,degC
16.8,DO,54.029,%
16.8,feed_rate,7.409,mL/h
16.8,pH,6.434,-
16.8,temp,29.919,degC
16.8167,DO,54.28,%
16.8167,feed_rate,7.409,mL/h
16.8167,pH,6.441,-
16.8167,temp,30.074,degC
16.8333,DO,54.24,%
16.8333,feed_rate,7.409,mL/h
16.8333,pH,6.425,-
16.8333,temp,30.001,degC
16.85,DO,54.217,%
16.85,feed_rate,7.409,mL/h
16.85,pH,6.446,-
16.85,temp,30.013,degC
16.8667,DO,53.976,%
16.8667,feed_rate,7.409,mL/h
16.8667,pH,6.437,-
16.8667,temp,30.006,degC
16.8833,DO,53.818,%
16.8833,feed_rate,7.409,mL/h
16.8833,pH,6.429,-
16.8833,temp,29.999,degC
16.9,DO,53.898,%
16.9,feed_rate,7.409,mL/h
16.9,pH,6.433,-
16.9,temp,29.946,degC
16.9167,DO,53.739,%
16.9167,feed_rate,7.409,mL/h
16.9167,pH,6.428,-
16.9167,temp,30.043,degC
16.9333,DO,53.728,%
16.9333,feed_rate,7.409,mL/h
16.9333,pH,6.423,-
16.9333,temp,29.971,degC
16.95,DO,53.285,%
16.95,feed_rate,7.409,mL/h
16.95,pH,6.441,-
16.95,temp,29.948,degC
16.9667,DO,52.754,%
16.9667,feed_rate,7.409,mL/h
16.9667,pH,6.441,-
16.9667,temp,30.062,degC
16.9833,DO,52.311,%
16.9833,feed_rate,7.409,mL/h
16.9833,pH,6.427,-
16.9833,temp,30.004,degC
17.0,DO,52.326,%
17.0,feed_rate,7.409,mL/h
17.0,pH,6.43,-
17.0,temp,30.03,degC
17.0167,DO,52.857,%
17.0167,feed_rate,7.409,mL/h
17.0167,pH,6.43,-
17.0167,temp,29.904,degC
17.0333,DO,53.23,%
17.0333,feed_rate,7.409,mL/h
17.0333,pH,6.439,-
17.0333,temp,30.087,degC
17.05,DO,52.864,%
17.05,feed_rate,7.409,mL/h
17.05,pH,6.446,-
17.05,temp,29.957,degC
17.0667,DO,52.394,%
17.0667,feed_rate,7.409,mL/h
17.0667,pH,6.425,-
17.0667,temp,29.942,degC
17.0833,DO,52.713,%
17.0833,feed_rate,7.409,mL/h
17.0833,pH,6.435,-
17.0833,temp,29.979,degC
17.1,DO,52.86,%
17.1,feed_rate,7.409,mL/h
17.1,pH,6.431,-
17.1,temp,29.951,degC
17.1167,DO,52.418,%
17.1167,feed_rate,7.409,mL/h
17.1167,pH,6.437,-
17.1167,temp,29.955,degC
17.1333,DO,52.784,%
17.1333,feed_rate,7.409,mL/h
17.1333,pH,6.446,-
17.1333,temp,30.024,degC
17.15,DO,52.802,%
17.15,feed_rate,7.409,mL/h
17.15,pH,6.423,-
17.15,temp,30.072,degC
17.1667,DO,53.151,%
17.1667,feed_rate,7.409,mL/h
17.1667,pH,6.411,-
17.1667,temp,29.987,degC
17.1833,DO,53.127,%
17.1833,feed_rate,7.409,mL/h
17.1833,pH,6.43,-
17.1833,temp,30.0,degC
17.2,DO,53.263,%
17.2,feed_rate,7.409,mL/h
17.2,pH,6.415,-
17.2,temp,30.003,degC
17.2167,DO,53.192,%
17.2167,feed_rate,7.409,mL/h
17.2167,pH,6.448,-
17.2167,temp,30.01,degC
17.2333,DO,52.743,%
17.2333,feed_rate,7.409,mL/h
17.2333,pH,6.424,-
17.2333,temp,29.937,degC
17.25,DO,52.591,%
17.25,feed_rate,7.409,mL/h
17.25,pH,6.428,-
17.25,temp,30.085,degC
17.2667,DO,52.326,%
17.2667,feed_rate,7.409,mL/h
17.2667,pH,6.433,-
17.2667,temp,29.928,degC
17.2833,DO,52.558,%
17.2833,feed_rate,7.409,mL/h
17.2833,pH,6.433,-
17.2833,temp,29.967,degC
17.3,DO,52.186,%
17.3,feed_rate,7.409,mL/h
17.3,pH,6.427,-
17.3,temp,30.103,degC
17.3167,DO,51.718,%
17.3167,feed_rate,7.409,mL/h
17.3167,pH,6.431,-
17.3167,temp,29.994,degC
17.3333,DO,51.999,%
17.3333,feed_rate,7.409,mL/h
17.3333,pH,6.44,-
17.3333,temp,29.95,degC
17.35,DO,52.354,%
17.35,feed_rate,7.409,mL/h
17.35,pH,6.428,-
17.35,temp,30.006,degC
17.3667,DO,52.719,%
17.3667,feed_rate,7.409,mL/h
17.3667,pH,6.449,-
17.3667,temp,30.118,degC
17.3833,DO,52.896,%
17.3833,feed_rate,7.409,mL/h
17.3833,pH,6.434,-
17.3833,temp,30.004,degC
17.4,DO,52.248,%
17.4,feed_rate,7.409,mL/h
17.4,pH,6.407,-
17.4,temp,29.945,degC
17.4167,DO,51.964,%
17.4167,feed_rate,7.409,mL/h
17.4167,pH,6.439,-
17.4167,temp,30.013,degC
17.4333,DO,51.772,%
17.4333,feed_rate,7.409,mL/h
17.4333,pH,6.413,-
17.4333,temp,30.017,degC
17.45,DO,51.767,%
17.45,feed_rate,7.409,mL/h
17.45,pH,6.434,-
17.45,temp,29.959,degC
17.4667,DO,47.392,%
17.4667,feed_rate,16.716,mL/h
17.4667,pH,6.453,-
17.4667,temp,30.013,degC
17.4833,DO,44.526,%
17.4833,feed_rate,16.716,mL/h
17.4833,pH,6.441,-
17.4833,temp,29.888,degC
17.5,DO,42.311,%
17.5,feed_rate,16.716,mL/h
17.5,pH,6.419,-
17.5,temp,30.024,degC
17.5167,DO,40.161,%
17.5167,feed_rate,16.716,mL/h
17.5167,pH,6.422,-
17.5167,temp,30.013,degC
17.5333,DO,38.753,%
17.5333,feed_rate,16.716,mL/h
17.5333,pH,6.43,-
17.5333,temp,30.007,degC
17.55,DO,37.94,%
17.55,feed_rate,16.716,mL/h
17.55,pH,6.445,-
17.55,temp,29.97,degC
17.5667,DO,36.937,%
17.5667,feed_rate,16.716,mL/h
17.5667,pH,6.423,-
17.5667,temp,30.071,degC
17.5833,DO,36.429,%
17.5833,feed_rate,16.716,mL/h
17.5833,pH,6.441,-
17.5833,temp,30.036,degC
17.6,DO,36.001,%
17.6,feed_rate,16.716,mL/h
17.6,pH,6.433,-
17.6,temp,30.071,degC
17.6167,DO,35.469,%
17.6167,feed_rate,16.716,mL/h
17.6167,pH,6.429,-
17.6167,temp,29.972,degC
17.6333,DO,35.027,%
17.6333,feed_rate,16.716,mL/h
17.6333,pH,6.428,-
17.6333,temp,30.041,degC
17.65,DO,34.438,%
17.65,feed_rate,16.716,mL/h
17.65,pH,6.447,-
17.65,temp,30.09,degC
17.6667,DO,34.442,%
17.6667,feed_rate,16.716,mL/h
17.6667,pH,6.415,-
17.6667,temp,30.074,degC
17.6833,DO,33.923,%
17.6833,feed_rate,16.716,mL/h
17.6833,pH,6.418,-
17.6833,temp,29.956,degC
17.7,DO,33.431,%
17.7,feed_rate,16.716,mL/h
17.7,pH,6.438,-
17.7,temp,30.001,degC
17.7167,DO,33.45,%
17.7167,feed_rate,16.716,mL/h
17.7167,pH,6.439,-
17.7167,temp,29.97,degC
17.7333,DO,33.027,%
17.7333,feed_rate,16.716,mL/h
17.7333,pH,6.416,-
17.7333,temp,29.988,degC
17.75,DO,33.026,%
17.75,feed_rate,16.716,mL/h
17.75,pH,6.42,-
17.75,temp,30.002,degC
17.7667,DO,33.206,%
17.7667,feed_rate,16.716,mL/h
17.7667,pH,6.418,-
17.7667,temp,30.091,degC
17.7833,DO,33.049,%
17.7833,feed_rate,16.716,mL/h
17.7833,pH,6.435,-
17.7833,temp,30.079,degC
17.8,DO,32.922,%
17.8,feed_rate,16.716,mL/h
17.8,pH,6.422,-
17.8,temp,29.995,degC
17.8167,DO,33.057,%
17.8167,feed_rate,16.716,mL/h
17.8167,pH,6.443,-
17.8167,temp,30.047,degC
17.8333,DO,33.106,%
17.8333,feed_rate,16.716,mL/h
17.8333,pH,6.437,-
17.8333,temp,29.972,degC
17.85,DO,32.45,%
17.85,feed_rate,16.716,mL/h
17.85,pH,6.432,-
17.85,temp,29.939,degC
17.8667,DO,31.985,%
17.8667,feed_rate,16.716,mL/h
17.8667,pH,6.431,-
17.8667,temp,29.906,degC
17.8833,DO,32.398,%
17.8833,feed_rate,16.716,mL/h
17.8833,pH,6.434,-
17.8833,temp,29.958,degC
17.9,DO,32.438,%
17.9,feed_rate,16.716,mL/h
17.9,pH,6.437,-
17.9,temp,30.102,degC
17.9167,DO,31.72,%
17.9167,feed_rate,16.716,mL/h
17.9167,pH,6.429,-
17.9167,temp,30.011,degC
17.9333,DO,31.357,%
17.9333,feed_rate,16.716,mL/h
17.9333,pH,6.431,-
17.9333,temp,30.029,degC
17.95,DO,31.471,%
17.95,feed_rate,16.716,mL/h
17.95,pH,6.436,-
17.95,temp,30.055,degC
17.9667,DO,31.253,%
17.9667,feed_rate,16.716,mL/h
17.9667,pH,6.428,-
17.9667,temp,29.902,degC
17.9833,DO,31.505,%
17.9833,feed_rate,16.716,mL/h
17.9833,pH,6.438,-
17.9833,temp,29.989,degC
18.0,DO,31.582,%
18.0,feed_rate,16.716,mL/h
18.0,pH,6.427,-
18.0,temp,30.003,degC
18.0167,DO,31.759,%
18.0167,feed_rate,16.716,mL/h
18.0167,pH,6.42,-
18.0167,temp,30.065,degC
18.0333,DO,31.395,%
18.0333,feed_rate,16.716,mL/h
18.0333,pH,6.43,-
18.0333,temp,30.022,degC
18.05,DO,31.633,%
18.05,feed_rate,16.716,mL/h
18.05,pH,6.445,-
18.05,temp,29.916,degC
18.0667,DO,32.217,%
18.0667,feed_rate,16.716,mL/h
18.0667,pH,6.443,-
18.0667,temp,29.914,degC
18.0833,DO,31.85,%
18.0833,feed_rate,16.716,mL/h
18.0833,pH,6.412,-
18.0833,temp,30.016,degC
18.1,DO,32.181,%
18.1,feed_rate,16.716,mL/h
18.1,pH,6.431,-
18.1,temp,30.011,degC
18.1167,DO,32.339,%
18.1167,feed_rate,16.716,mL/h
18.1167,pH,6.423,-
18.1167,temp,29.929,degC
18.1333,DO,32.356,%
18.1333,feed_rate,16.716,mL/h
18.1333,pH,6.424,-
18.1333,temp,29.93,degC
18.15,DO,32.149,%
18.15,feed_rate,16.716,mL/h
18.15,pH,6.424,-
18.15,temp,30.005,degC
18.1667,DO,31.647,%
18.1667,feed_rate,16.716,mL/h
18.1667,pH,6.425,-
18.1667,temp,29.934,degC
18.1833,DO,31.323,%
18.1833,feed_rate,16.716,mL/h
18.1833,pH,6.422,-
18.1833,temp,30.018,degC
18.2,DO,31.548,%
18.2,feed_rate,16.716,mL/h
18.2,pH,6.425,-
18.2,temp,29.988,degC
18.2167,DO,31.785,%
18.2167,feed_rate,16.716,mL/h
18.2167,pH,6.429,-
18.2167,temp,29.986,degC
18.2333,DO,32.041,%
18.2333,feed_rate,16.716,mL/h
18.2333,pH,6.415,-
18.2333,temp,30.099,degC
18.25,DO,32.159,%
18.25,feed_rate,16.716,mL/h
18.25,pH,6.415,-
18.25,temp,29.958,degC
18.2667,DO,32.228,%
18.2667,feed_rate,16.716,mL/h
18.2667,pH,6.416,-
18.2667,temp,29.943,degC
18.2833,DO,31.875,%
18.2833,feed_rate,16.716,mL/h
18.2833,pH,6.416,-
18.2833,temp,29.973,degC
18.3,DO,31.353,%
18.3,feed_rate,16.716,mL/h
18.3,pH,6.433,-
18.3,temp,29.878,degC
18.3167,DO,31.351,%
18.3167,feed_rate,16.716,mL/h
18.3167,pH,6.416,-
18.3167,temp,30.039,degC
18.3333,DO,31.431,%
18.3333,feed_rate,16.716,mL/h
18.3333,pH,6.426,-
18.3333,temp,30.032,degC
18.35,DO,31.363,%
18.35,feed_rate,16.716,mL/h
18.35,pH,6.427,-
18.35,temp,30.004,degC
18.3667,DO,30.819,%
18.3667,feed_rate,16.716,mL/h
18.3667,pH,6.434,-
18.3667,temp,29.998,degC
18.3833,DO,30.677,%
18.3833,feed_rate,16.716,mL/h
18.3833,pH,6.427,-
18.3833,temp,29.995,degC
18.4,DO,30.269,%
18.4,feed_rate,16.716,mL/h
18.4,pH,6.437,-
18.4,temp,29.92,degC
18.4167,DO,30.422,%
18.4167,feed_rate,16.716,mL/h
18.4167,pH,6.426,-
18.4167,temp,29.99,degC
18.4333,DO,30.178,%
18.4333,feed_rate,16.716,mL/h
18.4333,pH,6.429,-
18.4333,temp,29.996,degC
18.45,DO,30.24,%
18.45,feed_rate,16.716,mL/h
18.45,pH,6.434,-
18.45,temp,30.04,degC
18.4667,DO,30.43,%
18.4667,feed_rate,16.716,mL/h
18.4667,pH,6.412,-
18.4667,temp,30.013,degC
18.4833,DO,30.518,%
18.4833,feed_rate,16.716,mL/h
18.4833,pH,6.43,-
18.4833,temp,30.05,degC
18.5,DO,30.952,%
18.5,feed_rate,16.716,mL/h
18.5,pH,6.441,-
18.5,temp,30.033,degC
18.5167,DO,30.549,%
18.5167,feed_rate,16.716,mL/h
18.5167,pH,6.427,-
18.5167,temp,29.897,degC
18.5333,DO,29.896,%
18.5333,feed_rate,16.716,mL/h
18.5333,pH,6.423,-
18.5333,temp,29.96,degC
18.55,DO,30.305,%
18.55,feed_rate,16.716,mL/h
18.55,pH,6.445,-
18.55,temp,30.03,degC
18.5667,DO,30.762,%
18.5667,feed_rate,16.716,mL/h
18.5667,pH,6.427,-
18.5667,temp,29.977,degC
18.5833,DO,31.13,%
18.5833,feed_rate,16.716,mL/h
18.5833,pH,6.438,-
18.5833,temp,29.998,degC
18.6,DO,31.073,%
18.6,feed_rate,16.716,mL/h
18.6,pH,6.402,-
18.6,temp,30.041,degC
18.6167,DO,31.097,%
18.6167,feed_rate,16.716,mL/h
18.6167,pH,6.427,-
18.6167,temp,29.948,degC
18.6333,DO,30.984,%
18.6333,feed_rate,16.716,mL/h
18.6333,pH,6.42,-
18.6333,temp,30.008,degC
18.65,DO,30.461,%
18.65,feed_rate,16.716,mL/h
18.65,pH,6.429,-
18.65,temp,30.081,degC
18.6667,DO,30.253,%
18.6667,feed_rate,16.716,mL/h
18.6667,pH,6.437,-
18.6667,temp,30.001,degC
18.6833,DO,30.401,%
18.6833,feed_rate,16.716,mL/h
18.6833,pH,6.424,-
18.6833,temp,29.963,degC
18.7,DO,30.189,%
18.7,feed_rate,16.716,mL/h
18.7,pH,6.423,-
18.7,temp,30.0,degC
18.7167,DO,30.759,%
18.7167,feed_rate,16.716,mL/h
18.7167,pH,6.397,-
18.7167,temp,29.98,degC
18.7333,DO,30.173,%
18.7333,feed_rate,16.716,mL/h
18.7333,pH,6.433,-
18.7333,temp,29.936,degC
18.75,DO,30.029,%
18.75,feed_rate,16.716,mL/h
18.75,pH,6.438,-
18.75,temp,30.032,degC
18.7667,DO,30.371,%
18.7667,feed_rate,16.716,mL/h
18.7667,pH,6.426,-
18.7667,temp,30.0,degC
18.7833,DO,30.122,%
18.7833,feed_rate,16.716,mL/h
18.7833,pH,6.42,-
18.7833,temp,29.905,degC
18.8,DO,29.759,%
18.8,feed_rate,16.716,mL/h
18.8,pH,6.428,-
18.8,temp,30.06,degC
18.8167,DO,29.393,%
18.8167,feed_rate,16.716,mL/h
18.8167,pH,6.435,-
18.8167,temp,29.952,degC
18.8333,DO,29.284,%
18.8333,feed_rate,16.716,mL/h
18.8333,pH,6.431,-
18.8333,temp,30.003,degC
18.85,DO,29.861,%
18.85,feed_rate,16.716,mL/h
18.85,pH,6.445,-
18.85,temp,30.022,degC
18.8667,DO,29.985,%
18.8667,feed_rate,16.716,mL/h
18.8667,pH,6.419,-
18.8667,temp,29.993,degC
18.8833,DO,30.11,%
18.8833,feed_rate,16.716,mL/h
18.8833,pH,6.411,-
18.8833,temp,29.936,degC
18.9,DO,29.893,%
18.9,feed_rate,16.716,mL/h
18.9,pH,6.429,-
18.9,temp,29.881,degC
18.9167,DO,30.122,%
18.9167,feed_rate,16.716,mL/h
18.9167,pH,6.437,-
18.9167,temp,29.971,degC
18.9333,DO,30.077,%
18.9333,feed_rate,16.716,mL/h
18.9333,pH,6.42,-
18.9333,temp,30.011,degC
18.95,DO,29.726,%
18.95,feed_rate,16.716,mL/h
18.95,pH,6.424,-
18.95,temp,29.938,degC
18.9667,DO,29.579,%
18.9667,feed_rate,16.716,mL/h
18.9667,pH,6.418,-
18.9667,temp,29.979,degC
18.9833,DO,29.652,%
18.9833,feed_rate,16.716,mL/h
18.9833,pH,6.412,-
18.9833,temp,30.064,degC
19.0,DO,29.994,%
19.0,feed_rate,16.716,mL/h
19.0,pH,6.417,-
19.0,temp,29.949,degC
19.0167,DO,29.893,%
19.0167,feed_rate,16.716,mL/h
19.0167,pH,6.403,-
19.0167,temp,30.202,degC
19.0333,DO,29.972,%
19.0333,feed_rate,16.716,mL/h
19.0333,pH,6.427,-
19.0333,temp,30.018,degC
19.05,DO,30.486,%
19.05,feed_rate,16.716,mL/h
19.05,pH,6.428,-
19.05,temp,29.939,degC
19.0667,DO,30.045,%
19.0667,feed_rate,16.716,mL/h
19.0667,pH,6.433,-
19.0667,temp,30.021,degC
19.0833,DO,29.553,%
19.0833,feed_rate,16.716,mL/h
19.0833,pH,6.415,-
19.0833,temp,29.988,degC
19.1,DO,29.82,%
19.1,feed_rate,16.716,mL/h
19.1,pH,6.417,-
19.1,temp,30.066,degC
19.1167,DO,29.864,%
19.1167,feed_rate,16.716,mL/h
19.1167,pH,6.407,-
19.1167,temp,29.936,degC
19.1333,DO,29.732,%
19.1333,feed_rate,16.716,mL/h
19.1333,pH,6.409,-
19.1333,temp,30.034,degC
19.15,DO,29.729,%
19.15,feed_rate,16.716,mL/h
19.15,pH,6.432,-
19.15,temp,29.944,degC
19.1667,DO,29.542,%
19.1667,feed_rate,16.716,mL/h
19.1667,pH,6.452,-
19.1667,temp,30.017,degC
19.1833,DO,29.639,%
19.1833,feed_rate,16.716,mL/h
19.1833,pH,6.413,-
19.1833,temp,30.076,degC
19.2,DO,29.456,%
19.2,feed_rate,16.716,mL/h
19.2,pH,6.419,-
19.2,temp,30.007,degC
19.2167,DO,29.644,%
19.2167,feed_rate,16.716,mL/h
19.2167,pH,6.432,-
19.2167,temp,30.068,degC
19.2333,DO,29.197,%
19.2333,feed_rate,16.716,mL/h
19.2333,pH,6.416,-
19.2333,temp,29.985,degC
19.25,DO,28.939,%
19.25,feed_rate,16.716,mL/h
19.25,pH,6.429,-
19.25,temp,30.047,degC
19.2667,DO,29.007,%
19.2667,feed_rate,16.716,mL/h
19.2667,pH,6.42,-
19.2667,temp,29.967,degC
19.2833,DO,28.879,%
19.2833,feed_rate,16.716,mL/h
19.2833,pH,6.42,-
19.2833,temp,29.987,degC
19.3,DO,29.12,%
19.3,feed_rate,16.716,mL/h
19.3,pH,6.432,-
19.3,temp,30.001,degC
19.3167,DO,29.086,%
19.3167,feed_rate,16.716,mL/h
19.3167,pH,6.42,-
19.3167,temp,29.925,degC
19.3333,DO,28.903,%
19.3333,feed_rate,16.716,mL/h
19.3333,pH,6.41,-
19.3333,temp,29.953,degC
19.35,DO,28.976,%
19.35,feed_rate,16.716,mL/h
19.35,pH,6.431,-
19.35,temp,29.969,degC
19.3667,DO,28.807,%
19.3667,feed_rate,16.716,mL/h
19.3667,pH,6.423,-
19.3667,temp,30.086,degC
19.3833,DO,28.357,%
19.3833,feed_rate,16.716,mL/h
19.3833,pH,6.417,-
19.3833,temp,30.007,degC
19.4,DO,28.117,%
19.4,feed_rate,16.716,mL/h
19.4,pH,6.414,-
19.4,temp,29.941,degC
19.4167,DO,28.02,%
19.4167,feed_rate,16.716,mL/h
19.4167,pH,6.428,-
19.4167,temp,29.938,degC
19.4333,DO,28.037,%
19.4333,feed_rate,16.716,mL/h
19.4333,pH,6.415,-
19.4333,temp,29.994,degC
19.45,DO,28.214,%
19.45,feed_rate,16.716,mL/h
19.45,pH,6.423,-
19.45,temp,29.941,degC
19.4667,DO,28.594,%
19.4667,feed_rate,16.716,mL/h
19.4667,pH,6.432,-
19.4667,temp,30.009,degC
19.4833,DO,28.785,%
19.4833,feed_rate,16.716,mL/h
19.4833,pH,6.421,-
19.4833,temp,29.943,degC
19.5,DO,29.301,%
19.5,feed_rate,16.716,mL/h
19.5,pH,6.433,-
19.5,temp,29.945,degC
19.5167,DO,29.556,%
19.5167,feed_rate,16.716,mL/h
19.5167,pH,6.408,-
19.5167,temp,30.041,degC
19.5333,DO,29.316,%
19.5333,feed_rate,16.716,mL/h
19.5333,pH,6.428,-
19.5333,temp,29.904,degC
19.55,DO,29.67,%
19.55,feed_rate,16.716,mL/h
19.55,pH,6.427,-
19.55,temp,30.115,degC
19.5667,DO,29.806,%
19.5667,feed_rate,16.716,mL/h
19.5667,pH,6.44,-
19.5667,temp,29.96,degC
19.5833,DO,29.42,%
19.5833,feed_rate,16.716,mL/h
19.5833,pH,6.422,-
19.5833,temp,29.924,degC
19.6,DO,29.334,%
19.6,feed_rate,16.716,mL/h
19.6,pH,6.431,-
19.6,temp,30.029,degC
19.6167,DO,29.496,%
19.6167,feed_rate,16.716,mL/h
19.6167,pH,6.42,-
19.6167,temp,30.054,degC
19.6333,DO,29.316,%
19.6333,feed_rate,16.835,mL/h
19.6333,pH,6.411,-
19.6333,temp,30.066,degC
19.65,DO,29.399,%
19.65,feed_rate,16.835,mL/h
19.65,pH,6.413,-
19.65,temp,30.027,degC
19.6667,DO,29.273,%
19.6667,feed_rate,16.835,mL/h
19.6667,pH,6.414,-
19.6667,temp,29.964,degC
19.6833,DO,29.26,%
19.6833,feed_rate,16.835,mL/h
19.6833,pH,6.429,-
19.6833,temp,29.991,degC
19.7,DO,28.937,%
19.7,feed_rate,16.835,mL/h
19.7,pH,6.413,-
19.7,temp,30.007,degC
19.7167,DO,28.883,%
19.7167,feed_rate,16.835,mL/h
19.7167,pH,6.422,-
19.7167,temp,30.044,degC
19.7333,DO,28.611,%
19.7333,feed_rate,16.835,mL/h
19.7333,pH,6.43,-
19.7333,temp,30.049,degC
19.75,DO,28.7,%
19.75,feed_rate,16.835,mL/h
19.75,pH,6.433,-
19.75,temp,30.036,degC
19.7667,DO,28.057,%
19.7667,feed_rate,16.835,mL/h
19.7667,pH,6.43,-
19.7667,temp,30.044,degC
19.7833,DO,28.143,%
19.7833,feed_rate,16.835,mL/h
19.7833,pH,6.436,-
19.7833,temp,29.886,degC
19.8,DO,28.482,%
19.8,feed_rate,16.835,mL/h
19.8,pH,6.409,-
19.8,temp,29.972,degC
19.8167,DO,28.547,%
19.8167,feed_rate,16.835,mL/h
19.8167,pH,6.416,-
19.8167,temp,30.059,degC
19.8333,DO,28.411,%
19.8333,feed_rate,16.835,mL/h
19.8333,pH,6.424,-
19.8333,temp,29.976,degC
19.85,DO,28.467,%
19.85,feed_rate,16.835,mL/h
19.85,pH,6.432,-
19.85,temp,29.996,degC
19.8667,DO,28.091,%
19.8667,feed_rate,16.835,mL/h
19.8667,pH,6.426,-
19.8667,temp,29.963,degC
19.8833,DO,27.789,%
19.8833,feed_rate,16.835,mL/h
19.8833,pH,6.413,-
19.8833,temp,29.993,degC
19.9,DO,27.684,%
19.9,feed_rate,16.835,mL/h
19.9,pH,6.418,-
19.9,temp,29.966,degC
19.9167,DO,27.658,%
19.9167,feed_rate,16.835,mL/h
19.9167,pH,6.404,-
19.9167,temp,29.896,degC
19.9333,DO,27.966,%
19.9333,feed_rate,16.835,mL/h
19.9333,pH,6.428,-
19.9333,temp,30.019,degC
19.95,DO,27.649,%
19.95,feed_rate,16.835,mL/h
19.95,pH,6.402,-
19.95,temp,30.022,degC
19.9667,DO,27.959,%
19.9667,feed_rate,16.835,mL/h
19.9667,pH,6.422,-
19.9667,temp,29.954,degC
19.9833,DO,27.43,%
19.9833,feed_rate,16.835,mL/h
19.9833,pH,6.431,-
19.9833,temp,29.894,degC
20.0,DO,27.237,%
20.0,feed_rate,16.835,mL/h
20.0,pH,6.429,-
20.0,temp,29.982,degC
20.0167,DO,27.302,%
20.0167,feed_rate,16.835,mL/h
20.0167,pH,6.404,-
20.0167,temp,29.934,degC
20.0333,DO,27.708,%
20.0333,feed_rate,16.835,mL/h
20.0333,pH,6.422,-
20.0333,temp,30.049,degC
20.05,DO,27.496,%
20.05,feed_rate,16.835,mL/h
20.05,pH,6.416,-
20.05,temp,29.985,degC
20.0667,DO,26.862,%
20.0667,feed_rate,16.835,mL/h
20.0667,pH,6.417,-
20.0667,temp,29.915,degC
20.0833,DO,27.12,%
20.0833,feed_rate,16.835,mL/h
20.0833,pH,6.436,-
20.0833,temp,29.961,degC
20.1,DO,27.186,%
20.1,feed_rate,16.835,mL/h
20.1,pH,6.422,-
20.1,temp,30.09,degC
20.1167,DO,26.917,%
20.1167,feed_rate,16.835,mL/h
20.1167,pH,6.405,-
20.1167,temp,29.986,degC
20.1333,DO,26.709,%
20.1333,feed_rate,16.835,mL/h
20.1333,pH,6.409,-
20.1333,temp,29.954,degC
20.15,DO,26.642,%
20.15,feed_rate,16.835,mL/h
20.15,pH,6.426,-
20.15,temp,29.981,degC
20.1667,DO,26.822,%
20.1667,feed_rate,16.835,mL/h
20.1667,pH,6.422,-
20.1667,temp,29.935,degC
20.1833,DO,27.13,%
20.1833,feed_rate,16.835,mL/h
20.1833,pH,6.408,-
20.1833,temp,30.039,degC
20.2,DO,26.73,%
20.2,feed_rate,16.835,mL/h
20.2,pH,6.402,-
20.2,temp,29.923,degC
20.2167,DO,27.534,%
20.2167,feed_rate,16.835,mL/h
20.2167,pH,6.414,-
20.2167,temp,30.026,degC
20.2333,DO,27.475,%
20.2333,feed_rate,16.835,mL/h
20.2333,pH,6.415,-
20.2333,temp,30.049,degC
20.25,DO,27.323,%
20.25,feed_rate,16.835,mL/h
20.25,pH,6.427,-
20.25,temp,30.044,degC
20.2667,DO,27.509,%
20.2667,feed_rate,16.835,mL/h
20.2667,pH,6.413,-
20.2667,temp,29.99,degC
20.2833,DO,27.485,%
20.2833,feed_rate,16.835,mL/h
20.2833,pH,6.425,-
20.2833,temp,29.975,degC
20.3,DO,28.128,%
20.3,feed_rate,16.835,mL/h
20.3,pH,6.431,-
20.3,temp,29.999,degC
20.3167,DO,28.266,%
20.3167,feed_rate,16.835,mL/h
20.3167,pH,6.403,-
20.3167,temp,30.01,degC
20.3333,DO,27.933,%
20.3333,feed_rate,16.835,mL/h
20.3333,pH,6.413,-
20.3333,temp,30.026,degC
20.35,DO,27.655,%
20.35,feed_rate,16.835,mL/h
20.35,pH,6.434,-
20.35,temp,29.997,degC
20.3667,DO,27.395,%
20.3667,feed_rate,16.835,mL/h
20.3667,pH,6.414,-
20.3667,temp,30.011,degC
20.3833,DO,27.229,%
20.3833,feed_rate,16.835,mL/h
20.3833,pH,6.418,-
20.3833,temp,29.975,degC
20.4,DO,27.397,%
20.4,feed_rate,16.835,mL/h
20.4,pH,6.428,-
20.4,temp,29.957,degC
20.4167,DO,27.13,%
20.4167,feed_rate,16.835,mL/h
20.4167,pH,6.411,-
20.4167,temp,30.055,degC
20.4333,DO,27.59,%
20.4333,feed_rate,16.835,mL/h
20.4333,pH,6.414,-
20.4333,temp,30.02,degC
20.45,DO,27.445,%
20.45,feed_rate,16.835,mL/h
20.45,pH,6.401,-
20.45,temp,30.035,degC
20.4667,DO,27.305,%
20.4667,feed_rate,16.835,mL/h
20.4667,pH,6.423,-
20.4667,temp,30.084,degC
20.4833,DO,27.517,%
20.4833,feed_rate,16.835,mL/h
20.4833,pH,6.413,-
20.4833,temp,29.962,degC
20.5,DO,26.803,%
20.5,feed_rate,16.835,mL/h
20.5,pH,6.414,-
20.5,temp,29.968,degC
20.5167,DO,26.541,%
20.5167,feed_rate,16.835,mL/h
20.5167,pH,6.392,-
20.5167,temp,29.979,degC
20.5333,DO,26.787,%
20.5333,feed_rate,16.835,mL/h
20.5333,pH,6.427,-
20.5333,temp,30.044,degC
20.55,DO,26.803,%
20.55,feed_rate,16.835,mL/h
20.55,pH,6.424,-
20.55,temp,29.926,degC
20.5667,DO,26.804,%
20.5667,feed_rate,16.835,mL/h
20.5667,pH,6.409,-
20.5667,temp,29.964,degC
20.5833,DO,26.924,%
20.5833,feed_rate,16.835,mL/h
20.5833,pH,6.43,-
20.5833,temp,30.04,degC
20.6,DO,26.715,%
20.6,feed_rate,16.835,mL/h
20.6,pH,6.393,-
20.6,temp,29.919,degC
20.6167,DO,26.673,%
20.6167,feed_rate,16.835,mL/h
20.6167,pH,6.416,-
20.6167,temp,30.035,degC
20.6333,DO,26.278,%
20.6333,feed_rate,16.835,mL/h
20.6333,pH,6.4,-
20.6333,temp,30.081,degC
20.65,DO,25.803,%
20.65,feed_rate,16.835,mL/h
20.65,pH,6.444,-
20.65,temp,30.021,degC
20.6667,DO,26.361,%
20.6667,feed_rate,16.835,mL/h
20.6667,pH,6.391,-
20.6667,temp,29.956,degC
20.6833,DO,26.144,%
20.6833,feed_rate,16.835,mL/h
20.6833,pH,6.405,-
20.6833,temp,29.977,degC
20.7,DO,26.03,%
20.7,feed_rate,16.835,mL/h
20.7,pH,6.409,-
20.7,temp,29.949,degC
20.7167,DO,26.569,%
20.7167,feed_rate,16.835,mL/h
20.7167,pH,6.425,-
20.7167,temp,29.996,degC
20.7333,DO,26.895,%
20.7333,feed_rate,16.835,mL/h
20.7333,pH,6.425,-
20.7333,temp,30.048,degC
20.75,DO,26.675,%
20.75,feed_rate,16.835,mL/h
20.75,pH,6.42,-
20.75,temp,30.051,degC
20.7667,DO,26.494,%
20.7667,feed_rate,16.835,mL/h
20.7667,pH,6.414,-
20.7667,temp,29.885,degC
20.7833,DO,26.479,%
20.7833,feed_rate,16.835,mL/h
20.7833,pH,6.438,-
20.7833,temp,29.96,degC
20.8,DO,26.202,%
20.8,feed_rate,16.835,mL/h
20.8,pH,6.409,-
20.8,temp,30.017,degC
20.8167,DO,26.426,%
20.8167,feed_rate,16.835,mL/h
20.8167,pH,6.419,-
20.8167,temp,29.982,degC
20.8333,DO,26.48,%
20.8333,feed_rate,16.835,mL/h
20.8333,pH,6.434,-
20.8333,temp,29.875,degC
20.85,DO,26.515,%
20.85,feed_rate,16.835,mL/h
20.85,pH,6.404,-
20.85,temp,30.011,degC
20.8667,DO,26.726,%
20.8667,feed_rate,16.835,mL/h
20.8667,pH,6.408,-
20.8667,temp,30.027,degC
20.8833,DO,26.88,%
20.8833,feed_rate,16.835,mL/h
20.8833,pH,6.427,-
20.8833,temp,30.0,degC
20.9,DO,27.336,%
20.9,feed_rate,16.835,mL/h
20.9,pH,6.42,-
20.9,temp,29.996,degC
20.9167,DO,27.6,%
20.9167,feed_rate,16.835,mL/h
20.9167,pH,6.402,-
20.9167,temp,30.048,degC
20.9333,DO,26.838,%
20.9333,feed_rate,16.835,mL/h
20.9333,pH,6.416,-
20.9333,temp,29.927,degC
20.95,DO,27.007,%
20.95,feed_rate,16.835,mL/h
20.95,pH,6.435,-
20.95,temp,29.985,degC
20.9667,DO,26.534,%
20.9667,feed_rate,16.835,mL/h
20.9667,pH,6.413,-
20.9667,temp,30.02,degC
20.9833,DO,26.058,%
20.9833,feed_rate,16.835,mL/h
20.9833,pH,6.423,-
20.9833,temp,30.174,degC
21.0,DO,26.315,%
21.0,feed_rate,16.835,mL/h
21.0,pH,6.417,-
21.0,temp,29.963,degC
21.0167,DO,26.093,%
21.0167,feed_rate,16.835,mL/h
21.0167,pH,6.408,-
21.0167,temp,30.04,degC
21.0333,DO,26.027,%
21.0333,feed_rate,16.835,mL/h
21.0333,pH,6.431,-
21.0333,temp,30.088,degC
21.05,DO,26.387,%
21.05,feed_rate,16.835,mL/h
21.05,pH,6.425,-
21.05,temp,30.039,degC
21.0667,DO,26.15,%
21.0667,feed_rate,16.835,mL/h
21.0667,pH,6.427,-
21.0667,temp,30.044,degC
21.0833,DO,25.888,%
21.0833,feed_rate,16.835,mL/h
21.0833,pH,6.413,-
21.0833,temp,30.064,degC
21.1,DO,26.04,%
21.1,feed_rate,16.835,mL/h
21.1,pH,6.416,-
21.1,temp,29.909,degC
21.1167,DO,26.428,%
21.1167,feed_rate,16.835,mL/h
21.1167,pH,6.417,-
21.1167,temp,30.026,degC
21.1333,DO,26.525,%
21.1333,feed_rate,16.835,mL/h
21.1333,pH,6.419,-
21.1333,temp,29.977,degC
21.15,DO,25.975,%
21.15,feed_rate,16.835,mL/h
21.15,pH,6.411,-
21.15,temp,30.079,degC
21.1667,DO,25.801,%
21.1667,feed_rate,16.835,mL/h
21.1667,pH,6.409,-
21.1667,temp,30.022,degC
21.1833,DO,25.809,%
21.1833,feed_rate,16.835,mL/h
21.1833,pH,6.428,-
21.1833,temp,30.014,degC
21.2,DO,26.436,%
21.2,feed_rate,16.835,mL/h
21.2,pH,6.403,-
21.2,temp,30.01,degC
21.2167,DO,26.622,%
21.2167,feed_rate,16.835,mL/h
21.2167,pH,6.41,-
21.2167,temp,29.936,degC
21.2333,DO,26.755,%
21.2333,feed_rate,16.835,mL/h
21.2333,pH,6.41,-
21.2333,temp,30.048,degC
21.25,DO,26.963,%
21.25,feed_rate,16.835,mL/h
21.25,pH,6.409,-
21.25,temp,29.918,degC
21.2667,DO,26.673,%
21.2667,feed_rate,16.835,mL/h
21.2667,pH,6.402,-
21.2667,temp,29.99,degC
21.2833,DO,26.673,%
21.2833,feed_rate,16.835,mL/h
21.2833,pH,6.406,-
21.2833,temp,29.982,degC
21.3,DO,26.673,%
21.3,feed_rate,16.835,mL/h
21.3,pH,6.422,-
21.3,temp,30.051,degC
21.3167,DO,26.229,%
21.3167,feed_rate,16.835,mL/h
21.3167,pH,6.41,-
21.3167,temp,30.001,degC
21.3333,DO,26.159,%
21.3333,feed_rate,16.835,mL/h
21.3333,pH,6.406,-
21.3333,temp,29.957,degC
21.35,DO,26.273,%
21.35,feed_rate,16.835,mL/h
21.35,pH,6.43,-
21.35,temp,30.036,degC
21.3667,DO,25.867,%
21.3667,feed_rate,16.835,mL/h
21.3667,pH,6.4,-
21.3667,temp,30.09,degC
21.3833,DO,26.106,%
21.3833,feed_rate,16.835,mL/h
21.3833,pH,6.424,-
21.3833,temp,29.948,degC
21.4,DO,26.278,%
21.4,feed_rate,16.835,mL/h
21.4,pH,6.417,-
21.4,temp,30.072,degC
21.4167,DO,26.495,%
21.4167,feed_rate,16.835,mL/h
21.4167,pH,6.4,-
21.4167,temp,29.967,degC
21.4333,DO,26.123,%
21.4333,feed_rate,16.835,mL/h
21.4333,pH,6.409,-
21.4333,temp,29.989,degC
21.45,DO,26.086,%
21.45,feed_rate,16.835,mL/h
21.45,pH,6.409,-
21.45,temp,29.991,degC
21.4667,DO,26.457,%
21.4667,feed_rate,16.835,mL/h
21.4667,pH,6.426,-
21.4667,temp,29.948,degC
21.4833,DO,26.552,%
21.4833,feed_rate,16.835,mL/h
21.4833,pH,6.422,-
21.4833,temp,30.084,degC
21.5,DO,26.15,%
21.5,feed_rate,16.835,mL/h
21.5,pH,6.41,-
21.5,temp,30.041,degC
21.5167,DO,26.129,%
21.5167,feed_rate,16.835,mL/h
21.5167,pH,6.401,-
21.5167,temp,30.032,degC
21.5333,DO,26.468,%
21.5333,feed_rate,16.835,mL/h
21.5333,pH,6.396,-
21.5333,temp,29.931,degC
21.55,DO,26.286,%
21.55,feed_rate,16.835,mL/h
21.55,pH,6.411,-
21.55,temp,30.035,degC
21.5667,DO,26.274,%
21.5667,feed_rate,16.835,mL/h
21.5667,pH,6.399,-
21.5667,temp,29.955,degC
21.5833,DO,26.918,%
21.5833,feed_rate,16.835,mL/h
21.5833,pH,6.411,-
21.5833,temp,30.072,degC
21.6,DO,26.648,%
21.6,feed_rate,16.835,mL/h
21.6,pH,6.411,-
21.6,temp,29.91,degC
21.6167,DO,26.407,%
21.6167,feed_rate,16.835,mL/h
21.6167,pH,6.416,-
21.6167,temp,30.038,degC
21.6333,DO,25.942,%
21.6333,feed_rate,16.835,mL/h
21.6333,pH,6.423,-
21.6333,temp,29.921,degC
21.65,DO,25.67,%
21.65,feed_rate,16.835,mL/h
21.65,pH,6.414,-
21.65,temp,29.925,degC
21.6667,DO,26.092,%
21.6667,feed_rate,16.835,mL/h
21.6667,pH,6.417,-
21.6667,temp,30.012,degC
21.6833,DO,25.939,%
21.6833,feed_rate,16.835,mL/h
21.6833,pH,6.411,-
21.6833,temp,30.045,degC
21.7,DO,25.5,%
21.7,feed_rate,16.835,mL/h
21.7,pH,6.423,-
21.7,temp,30.059,degC
21.7167,DO,25.221,%
21.7167,feed_rate,16.835,mL/h
21.7167,pH,6.42,-
21.7167,temp,29.981,degC
21.7333,DO,25.275,%
21.7333,feed_rate,16.835,mL/h
21.7333,pH,6.428,-
21.7333,temp,29.973,degC
21.75,DO,25.544,%
21.75,feed_rate,16.835,mL/h
21.75,pH,6.426,-
21.75,temp,30.049,degC
21.7667,DO,25.302,%
21.7667,feed_rate,16.835,mL/h
21.7667,pH,6.405,-
21.7667,temp,29.941,degC
21.7833,DO,25.543,%
21.7833,feed_rate,16.835,mL/h
21.7833,pH,6.397,-
21.7833,temp,29.943,degC
21.8,DO,25.371,%
21.8,feed_rate,16.835,mL/h
21.8,pH,6.418,-
21.8,temp,30.028,degC
21.8167,DO,25.484,%
21.8167,feed_rate,16.835,mL/h
21.8167,pH,6.423,-
21.8167,temp,30.025,degC
21.8333,DO,25.619,%
21.8333,feed_rate,16.835,mL/h
21.8333,pH,6.405,-
21.8333,temp,30.006,degC
21.85,DO,25.751,%
21.85,feed_rate,16.835,mL/h
21.85,pH,6.427,-
21.85,temp,30.065,degC
21.8667,DO,25.54,%
21.8667,feed_rate,16.835,mL/h
21.8667,pH,6.413,-
21.8667,temp,29.917,degC
21.8833,DO,25.448,%
21.8833,feed_rate,16.835,mL/h
21.8833,pH,6.411,-
21.8833,temp,30.026,degC
21.9,DO,25.572,%
21.9,feed_rate,16.835,mL/h
21.9,pH,6.415,-
21.9,temp,30.115,degC
21.9167,DO,25.397,%
21.9167,feed_rate,16.165,mL/h
21.9167,pH,6.397,-
21.9167,temp,29.98,degC
21.9333,DO,25.693,%
21.9333,feed_rate,16.165,mL/h
21.9333,pH,6.395,-
21.9333,temp,29.936,degC
21.95,DO,26.028,%
21.95,feed_rate,16.165,mL/h
21.95,pH,6.408,-
21.95,temp,30.066,degC
21.9667,DO,26.452,%
21.9667,feed_rate,16.165,mL/h
21.9667,pH,6.399,-
21.9667,temp,30.03,degC
21.9833,DO,26.463,%
21.9833,feed_rate,16.165,mL/h
21.9833,pH,6.411,-
21.9833,temp,30.065,degC
22.0,DO,26.425,%
22.0,feed_rate,16.165,mL/h
22.0,pH,6.411,-
22.0,temp,30.038,degC
22.0167,DO,26.489,%
22.0167,feed_rate,16.165,mL/h
22.0167,pH,6.385,-
22.0167,temp,29.979,degC
22.0333,DO,26.274,%
22.0333,feed_rate,16.165,mL/h
22.0333,pH,6.403,-
22.0333,temp,29.991,degC
22.05,DO,26.256,%
22.05,feed_rate,16.165,mL/h
22.05,pH,6.416,-
22.05,temp,29.941,degC
22.0667,DO,26.423,%
22.0667,feed_rate,16.165,mL/h
22.0667,pH,6.387,-
22.0667,temp,30.137,degC
22.0833,DO,26.516,%
22.0833,feed_rate,16.165,mL/h
22.0833,pH,6.407,-
22.0833,temp,29.954,degC
22.1,DO,26.189,%
22.1,feed_rate,16.165,mL/h
22.1,pH,6.397,-
22.1,temp,29.984,degC
22.1167,DO,26.14,%
22.1167,feed_rate,16.165,mL/h
22.1167,pH,6.391,-
22.1167,temp,29.967,degC
22.1333,DO,25.561,%
22.1333,feed_rate,16.165,mL/h
22.1333,pH,6.421,-
22.1333,temp,30.025,degC
22.15,DO,25.969,%
22.15,feed_rate,16.165,mL/h
22.15,pH,6.421,-
22.15,temp,30.076,degC
22.1667,DO,25.892,%
22.1667,feed_rate,16.165,mL/h
22.1667,pH,6.406,-
22.1667,temp,29.976,degC
22.1833,DO,26.059,%
22.1833,feed_rate,16.165,mL/h
22.1833,pH,6.405,-
22.1833,temp,30.026,degC
22.2,DO,25.788,%
22.2,feed_rate,16.165,mL/h
22.2,pH,6.424,-
22.2,temp,30.041,degC
22.2167,DO,25.872,%
22.2167,feed_rate,16.165,mL/h
22.2167,pH,6.422,-
22.2167,temp,30.116,degC
22.2333,DO,26.095,%
22.2333,feed_rate,16.165,mL/h
22.2333,pH,6.41,-
22.2333,temp,29.991,degC
22.25,DO,26.431,%
22.25,feed_rate,16.165,mL/h
22.25,pH,6.418,-
22.25,temp,30.017,degC
22.2667,DO,25.994,%
22.2667,feed_rate,16.165,mL/h
22.2667,pH,6.411,-
22.2667,temp,30.088,degC
22.2833,DO,26.302,%
22.2833,feed_rate,16.165,mL/h
22.2833,pH,6.406,-
22.2833,temp,29.928,degC
22.3,DO,26.244,%
22.3,feed_rate,16.165,mL/h
22.3,pH,6.416,-
22.3,temp,30.002,degC
22.3167,DO,26.011,%
22.3167,feed_rate,16.165,mL/h
22.3167,pH,6.405,-
22.3167,temp,30.007,degC
22.3333,DO,26.197,%
22.3333,feed_rate,16.165,mL/h
22.3333,pH,6.415,-
22.3333,temp,29.945,degC
22.35,DO,26.111,%
22.35,feed_rate,16.165,mL/h
22.35,pH,6.407,-
22.35,temp,29.992,degC
22.3667,DO,26.04,%
22.3667,feed_rate,16.165,mL/h
22.3667,pH,6.405,-
22.3667,temp,30.014,degC
22.3833,DO,25.857,%
22.3833,feed_rate,16.165,mL/h
22.3833,pH,6.403,-
22.3833,temp,30.06,degC
22.4,DO,25.986,%
22.4,feed_rate,16.165,mL/h
22.4,pH,6.414,-
22.4,temp,30.05,degC
22.4167,DO,26.031,%
22.4167,feed_rate,16.165,mL/h
22.4167,pH,6.418,-
22.4167,temp,29.974,degC
22.4333,DO,26.001,%
22.4333,feed_rate,16.165,mL/h
22.4333,pH,6.413,-
22.4333,temp,29.954,degC
22.45,DO,25.739,%
22.45,feed_rate,16.165,mL/h
22.45,pH,6.4,-
22.45,temp,30.052,degC
22.4667,DO,25.661,%
22.4667,feed_rate,16.165,mL/h
22.4667,pH,6.415,-
22.4667,temp,29.924,degC
22.4833,DO,25.869,%
22.4833,feed_rate,16.165,mL/h
22.4833,pH,6.4,-
22.4833,temp,29.974,degC
22.5,DO,26.296,%
22.5,feed_rate,16.165,mL/h
22.5,pH,6.397,-
22.5,temp,29.944,degC
22.5167,DO,26.243,%
22.5167,feed_rate,16.165,mL/h
22.5167,pH,6.407,-
22.5167,temp,29.921,degC
22.5333,DO,26.63,%
22.5333,feed_rate,16.165,mL/h
22.5333,pH,6.417,-
22.5333,temp,30.015,degC
22.55,DO,26.511,%
22.55,feed_rate,16.165,mL/h
22.55,pH,6.415,-
22.55,temp,29.929,degC
22.5667,DO,26.088,%
22.5667,feed_rate,16.165,mL/h
22.5667,pH,6.414,-
22.5667,temp,29.969,degC
22.5833,DO,26.264,%
22.5833,feed_rate,16.165,mL/h
22.5833,pH,6.422,-
22.5833,temp,30.066,degC
22.6,DO,25.924,%
22.6,feed_rate,16.165,mL/h
22.6,pH,6.417,-
22.6,temp,30.081,degC
22.6167,DO,26.059,%
22.6167,feed_rate,16.165,mL/h
22.6167,pH,6.405,-
22.6167,temp,29.932,degC
22.6333,DO,26.365,%
22.6333,feed_rate,16.165,mL/h
22.6333,pH,6.416,-
22.6333,temp,29.954,degC
22.65,DO,26.194,%
22.65,feed_rate,16.165,mL/h
22.65,pH,6.405,-
22.65,temp,29.957,degC
22.6667,DO,26.121,%
22.6667,feed_rate,16.165,mL/h
22.6667,pH,6.412,-
22.6667,temp,29.933,degC
22.6833,DO,26.826,%
22.6833,feed_rate,16.165,mL/h
22.6833,pH,6.414,-
22.6833,temp,30.069,degC
22.7,DO,26.72,%
22.7,feed_rate,16.165,mL/h
22.7,pH,6.407,-
22.7,temp,30.046,degC
22.7167,DO,26.64,%
22.7167,feed_rate,16.165,mL/h
22.7167,pH,6.393,-
22.7167,temp,30.026,degC
22.7333,DO,26.728,%
22.7333,feed_rate,16.165,mL/h
22.7333,pH,6.407,-
22.7333,temp,29.951,degC
22.75,DO,26.533,%
22.75,feed_rate,16.165,mL/h
22.75,pH,6.405,-
22.75,temp,30.039,degC
22.7667,DO,26.378,%
22.7667,feed_rate,16.165,mL/h
22.7667,pH,6.407,-
22.7667,temp,30.011,degC
22.7833,DO,26.392,%
22.7833,feed_rate,16.165,mL/h
22.7833,pH,6.404,-
22.7833,temp,29.999,degC
22.8,DO,25.57,%
22.8,feed_rate,16.165,mL/h
22.8,pH,6.397,-
22.8,temp,30.03,degC
22.8167,DO,26.051,%
22.8167,feed_rate,16.165,mL/h
22.8167,pH,6.392,-
22.8167,temp,30.07,degC
22.8333,DO,25.689,%
22.8333,feed_rate,16.165,mL/h
22.8333,pH,6.414,-
22.8333,temp,29.997,degC
22.85,DO,25.395,%
22.85,feed_rate,16.165,mL/h
22.85,pH,6.416,-
22.85,temp,29.98,degC
22.8667,DO,25.641,%
22.8667,feed_rate,16.165,mL/h
22.8667,pH,6.411,-
22.8667,temp,29.948,degC
22.8833,DO,25.683,%
22.8833,feed_rate,16.165,mL/h
22.8833,pH,6.407,-
22.8833,temp,30.072,degC
22.9,DO,25.331,%
22.9,feed_rate,16.165,mL/h
22.9,pH,6.427,-
22.9,temp,30.026,degC
22.9167,DO,25.486,%
22.9167,feed_rate,16.165,mL/h
22.9167,pH,6.414,-
22.9167,temp,29.877,degC
22.9333,DO,25.202,%
22.9333,feed_rate,16.165,mL/h
22.9333,pH,6.408,-
22.9333,temp,30.008,degC
22.95,DO,25.106,%
22.95,feed_rate,16.165,mL/h
22.95,pH,6.416,-
22.95,temp,30.042,degC
22.9667,DO,24.785,%
22.9667,feed_rate,16.165,mL/h
22.9667,pH,6.407,-
22.9667,temp,29.92,degC
22.9833,DO,24.728,%
22.9833,feed_rate,16.165,mL/h
22.9833,pH,6.414,-
22.9833,temp,29.925,degC
23.0,DO,25.048,%
23.0,feed_rate,16.165,mL/h
23.0,pH,6.41,-
23.0,temp,30.054,degC
23.0167,DO,25.219,%
23.0167,feed_rate,16.165,mL/h
23.0167,pH,6.413,-
23.0167,temp,29.986,degC
23.0333,DO,25.41,%
23.0333,feed_rate,16.165,mL/h
23.0333,pH,6.408,-
23.0333,temp,29.925,degC
23.05,DO,25.743,%
23.05,feed_rate,16.165,mL/h
23.05,pH,6.403,-
23.05,temp,30.002,degC
23.0667,DO,25.719,%
23.0667,feed_rate,16.165,mL/h
23.0667,pH,6.412,-
23.0667,temp,30.018,degC
23.0833,DO,25.513,%
23.0833,feed_rate,16.165,mL/h
23.0833,pH,6.418,-
23.0833,temp,29.951,degC
23.1,DO,25.459,%
23.1,feed_rate,16.165,mL/h
23.1,pH,6.398,-
23.1,temp,29.959,degC
23.1167,DO,25.992,%
23.1167,feed_rate,16.165,mL/h
23.1167,pH,6.402,-
23.1167,temp,30.002,degC
23.1333,DO,25.932,%
23.1333,feed_rate,16.165,mL/h
23.1333,pH,6.396,-
23.1333,temp,29.997,degC
23.15,DO,25.968,%
23.15,feed_rate,16.165,mL/h
23.15,pH,6.416,-
23.15,temp,30.09,degC
23.1667,DO,25.87,%
23.1667,feed_rate,16.165,mL/h
23.1667,pH,6.405,-
23.1667,temp,30.067,degC
23.1833,DO,25.892,%
23.1833,feed_rate,16.165,mL/h
23.1833,pH,6.416,-
23.1833,temp,30.026,degC
23.2,DO,25.963,%
23.2,feed_rate,16.165,mL/h
23.2,pH,6.399,-
23.2,temp,29.966,degC
23.2167,DO,25.886,%
23.2167,feed_rate,16.165,mL/h
23.2167,pH,6.415,-
23.2167,temp,29.969,degC
23.2333,DO,25.778,%
23.2333,feed_rate,16.165,mL/h
23.2333,pH,6.401,-
23.2333,temp,29.886,degC
23.25,DO,25.503,%
23.25,feed_rate,16.165,mL/h
23.25,pH,6.402,-
23.25,temp,29.996,degC
23.2667,DO,25.261,%
23.2667,feed_rate,16.165,mL/h
23.2667,pH,6.412,-
23.2667,temp,29.979,degC
23.2833,DO,25.441,%
23.2833,feed_rate,16.165,mL/h
23.2833,pH,6.403,-
23.2833,temp,29.966,degC
23.3,DO,25.685,%
23.3,feed_rate,16.165,mL/h
23.3,pH,6.4,-
23.3,temp,30.037,degC
23.3167,DO,25.93,%
23.3167,feed_rate,16.165,mL/h
23.3167,pH,6.415,-
23.3167,temp,30.064,degC
23.3333,DO,25.864,%
23.3333,feed_rate,16.165,mL/h
23.3333,pH,6.406,-
23.3333,temp,29.906,degC
23.35,DO,25.546,%
23.35,feed_rate,16.165,mL/h
23.35,pH,6.418,-
23.35,temp,30.02,degC
23.3667,DO,25.726,%
23.3667,feed_rate,16.165,mL/h
23.3667,pH,6.431,-
23.3667,temp,30.022,degC
23.3833,DO,25.863,%
23.3833,feed_rate,16.165,mL/h
23.3833,pH,6.4,-
23.3833,temp,29.968,degC
23.4,DO,25.336,%
23.4,feed_rate,16.165,mL/h
23.4,pH,6.403,-
23.4,temp,29.963,degC
23.4167,DO,25.603,%
23.4167,feed_rate,16.165,mL/h
23.4167,pH,6.391,-
23.4167,temp,30.087,degC
23.4333,DO,25.749,%
23.4333,feed_rate,16.165,mL/h
23.4333,pH,6.394,-
23.4333,temp,30.037,degC
23.45,DO,26.189,%
23.45,feed_rate,16.165,mL/h
23.45,pH,6.412,-
23.45,temp,30.108,degC
23.4667,DO,25.702,%
23.4667,feed_rate,16.165,mL/h
23.4667,pH,6.409,-
23.4667,temp,29.96,degC
23.4833,DO,25.265,%
23.4833,feed_rate,16.165,mL/h
23.4833,pH,6.408,-
23.4833,temp,29.946,degC
23.5,DO,25.532,%
23.5,feed_rate,16.165,mL/h
23.5,pH,6.41,-
23.5,temp,29.986,degC
23.5167,DO,24.971,%
23.5167,feed_rate,16.165,mL/h
23.5167,pH,6.397,-
23.5167,temp,30.044,degC
23.5333,DO,24.839,%
23.5333,feed_rate,16.165,mL/h
23.5333,pH,6.389,-
23.5333,temp,30.067,degC
23.55,DO,24.624,%
23.55,feed_rate,16.165,mL/h
23.55,pH,6.416,-
23.55,temp,30.099,degC
23.5667,DO,24.473,%
23.5667,feed_rate,16.165,mL/h
23.5667,pH,6.408,-
23.5667,temp,29.967,degC
23.5833,DO,24.084,%
23.5833,feed_rate,16.165,mL/h
23.5833,pH,6.417,-
23.5833,temp,29.926,degC
23.6,DO,24.27,%
23.6,feed_rate,16.165,mL/h
23.6,pH,6.405,-
23.6,temp,30.05,degC
23.6167,DO,24.78,%
23.6167,feed_rate,16.165,mL/h
23.6167,pH,6.413,-
23.6167,temp,30.046,degC
23.6333,DO,25.027,%
23.6333,feed_rate,16.165,mL/h
23.6333,pH,6.4,-
23.6333,temp,30.029,degC
23.65,DO,25.224,%
23.65,feed_rate,16.165,mL/h
23.65,pH,6.405,-
23.65,temp,30.074,degC
23.6667,DO,25.139,%
23.6667,feed_rate,16.165,mL/h
23.6667,pH,6.403,-
23.6667,temp,29.959,degC
23.6833,DO,25.609,%
23.6833,feed_rate,16.165,mL/h
23.6833,pH,6.409,-
23.6833,temp,29.917,degC
23.7,DO,25.709,%
23.7,feed_rate,16.165,mL/h
23.7,pH,6.419,-
23.7,temp,30.105,degC
23.7167,DO,25.944,%
23.7167,feed_rate,16.165,mL/h
23.7167,pH,6.411,-
23.7167,temp,30.016,degC
23.7333,DO,25.352,%
23.7333,feed_rate,16.165,mL/h
23.7333,pH,6.376,-
23.7333,temp,29.985,degC
23.75,DO,25.444,%
23.75,feed_rate,16.165,mL/h
23.75,pH,6.404,-
23.75,temp,30.041,degC
23.7667,DO,25.071,%
23.7667,feed_rate,16.165,mL/h
23.7667,pH,6.405,-
23.7667,temp,30.113,degC
23.7833,DO,25.217,%
23.7833,feed_rate,16.165,mL/h
23.7833,pH,6.413,-
23.7833,temp,30.01,degC
23.8,DO,25.288,%
23.8,feed_rate,16.165,mL/h
23.8,pH,6.406,-
23.8,temp,30.089,degC
23.8167,DO,24.946,%
23.8167,feed_rate,16.165,mL/h
23.8167,pH,6.397,-
23.8167,temp,30.005,degC
23.8333,DO,25.061,%
23.8333,feed_rate,16.165,mL/h
23.8333,pH,6.397,-
23.8333,temp,30.098,degC
23.85,DO,25.446,%
23.85,feed_rate,16.165,mL/h
23.85,pH,6.401,-
23.85,temp,30.01,degC
23.8667,DO,25.555,%
23.8667,feed_rate,16.165,mL/h
23.8667,pH,6.397,-
23.8667,temp,30.062,degC
23.8833,DO,25.668,%
23.8833,feed_rate,16.165,mL/h
23.8833,pH,6.418,-
23.8833,temp,30.0,degC
23.9,DO,25.322,%
23.9,feed_rate,16.165,mL/h
23.9,pH,6.41,-
23.9,temp,30.031,degC
23.9167,DO,25.099,%
23.9167,feed_rate,16.165,mL/h
23.9167,pH,6.405,-
23.9167,temp,30.012,degC
23.9333,DO,24.79,%
23.9333,feed_rate,16.165,mL/h
23.9333,pH,6.414,-
23.9333,temp,29.979,degC
23.95,DO,24.912,%
23.95,feed_rate,16.165,mL/h
23.95,pH,6.425,-
23.95,temp,30.006,degC
23.9667,DO,25.325,%
23.9667,feed_rate,16.165,mL/h
23.9667,pH,6.402,-
23.9667,temp,30.037,degC
23.9833,DO,25.429,%
23.9833,feed_rate,16.165,mL/h
23.9833,pH,6.404,-
23.9833,temp,29.995,degC
24.0,DO,25.379,%
24.0,feed_rate,16.165,mL/h
24.0,pH,6.401,-
24.0,temp,29.973,degC
24.0167,DO,25.004,%
24.0167,feed_rate,16.165,mL/h
24.0167,pH,6.392,-
24.0167,temp,30.022,degC
24.0333,DO,25.17,%
24.0333,feed_rate,16.165,mL/h
24.0333,pH,6.397,-
24.0333,temp,30.074,degC
24.05,DO,25.097,%
24.05,feed_rate,16.165,mL/h
24.05,pH,6.394,-
24.05,temp,29.996,degC
24.0667,DO,24.539,%
24.0667,feed_rate,16.165,mL/h
24.0667,pH,6.408,-
24.0667,temp,29.949,degC
24.0833,DO,24.144,%
24.0833,feed_rate,16.165,mL/h
24.0833,pH,6.408,-
24.0833,temp,29.956,degC
24.1,DO,24.241,%
24.1,feed_rate,16.165,mL/h
24.1,pH,6.412,-
24.1,temp,30.002,degC
24.1167,DO,24.152,%
24.1167,feed_rate,16.165,mL/h
24.1167,pH,6.396,-
24.1167,temp,30.084,degC
24.1333,DO,24.84,%
24.1333,feed_rate,16.165,mL/h
24.1333,pH,6.413,-
24.1333,temp,29.947,degC
24.15,DO,24.905,%
24.15,feed_rate,16.165,mL/h
24.15,pH,6.394,-
24.15,temp,30.058,degC
24.1667,DO,24.636,%
24.1667,feed_rate,16.165,mL/h
24.1667,pH,6.401,-
24.1667,temp,29.99,degC
24.1833,DO,24.583,%
24.1833,feed_rate,16.165,mL/h
24.1833,pH,6.416,-
24.1833,temp,29.966,degC
24.2,DO,25.161,%
24.2,feed_rate,16.165,mL/h
24.2,pH,6.415,-
24.2,temp,29.973,degC
24.2167,DO,24.863,%
24.2167,feed_rate,16.165,mL/h
24.2167,pH,6.414,-
24.2167,temp,30.059,degC
24.2333,DO,25.137,%
24.2333,feed_rate,16.165,mL/h
24.2333,pH,6.424,-
24.2333,temp,29.976,degC
24.25,DO,25.255,%
24.25,feed_rate,16.165,mL/h
24.25,pH,6.413,-
24.25,temp,30.07,degC
24.2667,DO,25.656,%
24.2667,feed_rate,16.165,mL/h
24.2667,pH,6.4,-
24.2667,temp,30.104,degC
24.2833,DO,25.695,%
24.2833,feed_rate,16.165,mL/h
24.2833,pH,6.401,-
24.2833,temp,29.956,degC
24.3,DO,25.446,%
24.3,feed_rate,16.165,mL/h
24.3,pH,6.395,-
24.3,temp,29.934,degC
24.3167,DO,25.523,%
24.3167,feed_rate,16.165,mL/h
24.3167,pH,6.405,-
24.3167,temp,29.91,degC
24.3333,DO,25.446,%
24.3333,feed_rate,16.165,mL/h
24.3333,pH,6.395,-
24.3333,temp,30.027,degC
24.35,DO,25.654,%
24.35,feed_rate,16.165,mL/h
24.35,pH,6.396,-
24.35,temp,29.954,degC
24.3667,DO,25.509,%
24.3667,feed_rate,16.165,mL/h
24.3667,pH,6.393,-
24.3667,temp,29.967,degC
24.3833,DO,26.002,%
24.3833,feed_rate,16.165,mL/h
24.3833,pH,6.386,-
24.3833,temp,29.959,degC
24.4,DO,25.774,%
24.4,feed_rate,16.165,mL/h
24.4,pH,6.427,-
24.4,temp,30.069,degC
24.4167,DO,25.751,%
24.4167,feed_rate,16.165,mL/h
24.4167,pH,6.411,-
24.4167,temp,30.033,degC
24.4333,DO,25.405,%
24.4333,feed_rate,16.165,mL/h
24.4333,pH,6.382,-
24.4333,temp,30.03,degC
24.45,DO,25.36,%
24.45,feed_rate,16.165,mL/h
24.45,pH,6.407,-
24.45,temp,29.911,degC
24.4667,DO,25.294,%
24.4667,feed_rate,16.165,mL/h
24.4667,pH,6.397,-
24.4667,temp,29.956,degC
24.4833,DO,25.282,%
24.4833,feed_rate,16.165,mL/h
24.4833,pH,6.381,-
24.4833,temp,29.996,degC
24.5,DO,25.49,%
24.5,feed_rate,16.165,mL/h
24.5,pH,6.4,-
24.5,temp,29.993,degC
24.5167,DO,25.225,%
24.5167,feed_rate,16.165,mL/h
24.5167,pH,6.404,-
24.5167,temp,30.015,degC
24.5333,DO,24.92,%
24.5333,feed_rate,16.165,mL/h
24.5333,pH,6.408,-
24.5333,temp,30.081,degC
24.55,DO,25.259,%
24.55,feed_rate,16.165,mL/h
24.55,pH,6.413,-
24.55,temp,30.034,degC
24.5667,DO,25.112,%
24.5667,feed_rate,16.165,mL/h
24.5667,pH,6.393,-
24.5667,temp,30.04,degC
24.5833,DO,24.878,%
24.5833,feed_rate,16.165,mL/h
24.5833,pH,6.401,-
24.5833,temp,29.992,degC
24.6,DO,25.235,%
24.6,feed_rate,16.165,mL/h
24.6,pH,6.408,-
24.6,temp,29.978,degC
24.6167,DO,25.407,%
24.6167,feed_rate,16.165,mL/h
24.6167,pH,6.407,-
24.6167,temp,29.974,degC
24.6333,DO,24.521,%
24.6333,feed_rate,16.165,mL/h
24.6333,pH,6.405,-
24.6333,temp,29.993,degC
24.65,DO,24.488,%
24.65,feed_rate,16.165,mL/h
24.65,pH,6.402,-
24.65,temp,29.915,degC
24.6667,DO,24.808,%
24.6667,feed_rate,16.165,mL/h
24.6667,pH,6.414,-
24.6667,temp,29.969,degC
24.6833,DO,25.077,%
24.6833,feed_rate,16.165,mL/h
24.6833,pH,6.389,-
24.6833,temp,30.0,degC
24.7,DO,24.889,%
24.7,feed_rate,16.165,mL/h
24.7,pH,6.386,-
24.7,temp,29.974,degC
24.7167,DO,25.358,%
24.7167,feed_rate,16.165,mL/h
24.7167,pH,6.418,-
24.7167,temp,29.996,degC
24.7333,DO,25.028,%
24.7333,feed_rate,16.165,mL/h
24.7333,pH,6.405,-
24.7333,temp,29.904,degC
24.75,DO,24.931,%
24.75,feed_rate,16.165,mL/h
24.75,pH,6.412,-
24.75,temp,29.97,degC
24.7667,DO,24.959,%
24.7667,feed_rate,16.165,mL/h
24.7667,pH,6.403,-
24.7667,temp,29.999,degC
24.7833,DO,24.941,%
24.7833,feed_rate,16.165,mL/h
24.7833,pH,6.397,-
24.7833,temp,30.057,degC
24.8,DO,25.168,%
24.8,feed_rate,16.165,mL/h
24.8,pH,6.396,-
24.8,temp,30.004,degC
24.8167,DO,25.412,%
24.8167,feed_rate,16.165,mL/h
24.8167,pH,6.402,-
24.8167,temp,29.987,degC
24.8333,DO,25.288,%
24.8333,feed_rate,16.165,mL/h
24.8333,pH,6.396,-
24.8333,temp,29.969,degC
24.85,DO,25.619,%
24.85,feed_rate,16.165,mL/h
24.85,pH,6.4,-
24.85,temp,30.0,degC
24.8667,DO,25.26,%
24.8667,feed_rate,16.165,mL/h
24.8667,pH,6.4,-
24.8667,temp,29.972,degC
24.8833,DO,25.113,%
24.8833,feed_rate,16.165,mL/h
24.8833,pH,6.409,-
24.8833,temp,30.035,degC
24.9,DO,25.572,%
24.9,feed_rate,16.165,mL/h
24.9,pH,6.408,-
24.9,temp,29.97,degC
24.9167,DO,25.453,%
24.9167,feed_rate,16.165,mL/h
24.9167,pH,6.416,-
24.9167,temp,30.031,degC
24.9333,DO,25.647,%
24.9333,feed_rate,16.165,mL/h
24.9333,pH,6.394,-
24.9333,temp,29.965,degC
24.95,DO,25.354,%
24.95,feed_rate,16.165,mL/h
24.95,pH,6.4,-
24.95,temp,29.922,degC
24.9667,DO,25.168,%
24.9667,feed_rate,16.165,mL/h
24.9667,pH,6.41,-
24.9667,temp,29.924,degC
24.9833,DO,25.065,%
24.9833,feed_rate,16.165,mL/h
24.9833,pH,6.404,-
24.9833,temp,30.044,degC
25.0,DO,25.065,%
25.0,feed_rate,16.165,mL/h
25.0,pH,6.376,-
25.0,temp,29.968,degC
25.0167,DO,24.912,%
25.0167,feed_rate,16.165,mL/h
25.0167,pH,6.404,-
25.0167,temp,29.972,degC
25.0333,DO,24.894,%
25.0333,feed_rate,16.165,mL/h
25.0333,pH,6.4,-
25.0333,temp,30.127,degC
25.05,DO,25.074,%
25.05,feed_rate,16.165,mL/h
25.05,pH,6.396,-
25.05,temp,29.938,degC
25.0667,DO,25.377,%
25.0667,feed_rate,16.165,mL/h
25.0667,pH,6.396,-
25.0667,temp,29.995,degC
25.0833,DO,25.291,%
25.0833,feed_rate,16.165,mL/h
25.0833,pH,6.393,-
25.0833,temp,29.928,degC
25.1,DO,25.382,%
25.1,feed_rate,16.165,mL/h
25.1,pH,6.412,-
25.1,temp,29.965,degC
25.1167,DO,25.523,%
25.1167,feed_rate,16.188,mL/h
25.1167,pH,6.407,-
25.1167,temp,30.023,degC
25.1333,DO,25.042,%
25.1333,feed_rate,16.188,mL/h
25.1333,pH,6.402,-
25.1333,temp,29.981,degC
25.15,DO,24.508,%
25.15,feed_rate,16.188,mL/h
25.15,pH,6.411,-
25.15,temp,30.093,degC
25.1667,DO,25.031,%
25.1667,feed_rate,16.188,mL/h
25.1667,pH,6.409,-
25.1667,temp,29.949,degC
25.1833,DO,25.36,%
25.1833,feed_rate,16.188,mL/h
25.1833,pH,6.392,-
25.1833,temp,29.961,degC
25.2,DO,25.245,%
25.2,feed_rate,16.188,mL/h
25.2,pH,6.39,-
25.2,temp,29.925,degC
25.2167,DO,25.24,%
25.2167,feed_rate,16.188,mL/h
25.2167,pH,6.39,-
25.2167,temp,29.998,degC
25.2333,DO,24.849,%
25.2333,feed_rate,16.188,mL/h
25.2333,pH,6.407,-
25.2333,temp,29.957,degC
25.25,DO,24.404,%
25.25,feed_rate,16.188,mL/h
25.25,pH,6.4,-
25.25,temp,29.989,degC
25.2667,DO,24.553,%
25.2667,feed_rate,16.188,mL/h
25.2667,pH,6.412,-
25.2667,temp,29.955,degC
25.2833,DO,24.134,%
25.2833,feed_rate,16.188,mL/h
25.2833,pH,6.405,-
25.2833,temp,30.02,degC
25.3,DO,24.513,%
25.3,feed_rate,16.188,mL/h
25.3,pH,6.398,-
25.3,temp,29.964,degC
25.3167,DO,24.34,%
25.3167,feed_rate,16.188,mL/h
25.3167,pH,6.387,-
25.3167,temp,30.001,degC
25.3333,DO,24.49,%
25.3333,feed_rate,16.188,mL/h
25.3333,pH,6.397,-
25.3333,temp,29.991,degC
25.35,DO,25.1,%
25.35,feed_rate,16.188,mL/h
25.35,pH,6.422,-
25.35,temp,29.959,degC
25.3667,DO,25.573,%
25.3667,feed_rate,16.188,mL/h
25.3667,pH,6.393,-
25.3667,temp,29.997,degC
25.3833,DO,25.305,%
25.3833,feed_rate,16.188,mL/h
25.3833,pH,6.391,-
25.3833,temp,29.997,degC
25.4,DO,25.49,%
25.4,feed_rate,16.188,mL/h
25.4,pH,6.397,-
25.4,temp,30.024,degC
25.4167,DO,25.01,%
25.4167,feed_rate,16.188,mL/h
25.4167,pH,6.413,-
25.4167,temp,29.897,degC
25.4333,DO,24.758,%
25.4333,feed_rate,16.188,mL/h
25.4333,pH,6.399,-
25.4333,temp,30.073,degC
25.45,DO,24.84,%
25.45,feed_rate,16.188,mL/h
25.45,pH,6.388,-
25.45,temp,30.004,degC
25.4667,DO,25.209,%
25.4667,feed_rate,16.188,mL/h
25.4667,pH,6.393,-
25.4667,temp,30.019,degC
25.4833,DO,24.917,%
25.4833,feed_rate,16.188,mL/h
25.4833,pH,6.398,-
25.4833,temp,30.025,degC
25.5,DO,25.015,%
25.5,feed_rate,16.188,mL/h
25.5,pH,6.4,-
25.5,temp,29.928,degC
25.5167,DO,24.962,%
25.5167,feed_rate,16.188,mL/h
25.5167,pH,6.409,-
25.5167,temp,30.035,degC
25.5333,DO,24.51,%
25.5333,feed_rate,16.188,mL/h
25.5333,pH,6.423,-
25.5333,temp,30.013,degC
25.55,DO,24.485,%
25.55,feed_rate,16.188,mL/h
25.55,pH,6.412,-
25.55,temp,29.973,degC
25.5667,DO,24.951,%
25.5667,feed_rate,16.188,mL/h
25.5667,pH,6.405,-
25.5667,temp,30.04,degC
25.5833,DO,24.848,%
25.5833,feed_rate,16.188,mL/h
25.5833,pH,6.398,-
25.5833,temp,29.985,degC
25.6,DO,24.942,%
25.6,feed_rate,16.188,mL/h
25.6,pH,6.391,-
25.6,temp,29.947,degC
25.6167,DO,25.114,%
25.6167,feed_rate,16.188,mL/h
25.6167,pH,6.404,-
25.6167,temp,30.043,degC
25.6333,DO,24.783,%
25.6333,feed_rate,16.188,mL/h
25.6333,pH,6.411,-
25.6333,temp,30.038,degC
25.65,DO,25.104,%
25.65,feed_rate,16.188,mL/h
25.65,pH,6.407,-
25.65,temp,30.015,degC
25.6667,DO,25.442,%
25.6667,feed_rate,16.188,mL/h
25.6667,pH,6.397,-
25.6667,temp,29.992,degC
25.6833,DO,25.74,%
25.6833,feed_rate,16.188,mL/h
25.6833,pH,6.405,-
25.6833,temp,30.08,degC
25.7,DO,25.891,%
25.7,feed_rate,16.188,mL/h
25.7,pH,6.396,-
25.7,temp,29.97,degC
25.7167,DO,25.481,%
25.7167,feed_rate,16.188,mL/h
25.7167,pH,6.397,-
25.7167,temp,30.01,degC
25.7333,DO,25.115,%
25.7333,feed_rate,16.188,mL/h
25.7333,pH,6.396,-
25.7333,temp,29.99,degC
25.75,DO,24.761,%
25.75,feed_rate,16.188,mL/h
25.75,pH,6.399,-
25.75,temp,29.99,degC
25.7667,DO,24.441,%
25.7667,feed_rate,16.188,mL/h
25.7667,pH,6.397,-
25.7667,temp,30.024,degC
25.7833,DO,24.217,%
25.7833,feed_rate,16.188,mL/h
25.7833,pH,6.408,-
25.7833,temp,29.95,degC
25.8,DO,24.571,%
25.8,feed_rate,16.188,mL/h
25.8,pH,6.398,-
25.8,temp,30.025,degC
25.8167,DO,24.994,%
25.8167,feed_rate,16.188,mL/h
25.8167,pH,6.397,-
25.8167,temp,30.014,degC
25.8333,DO,24.703,%
25.8333,feed_rate,16.188,mL/h
25.8333,pH,6.408,-
25.8333,temp,29.983,degC
25.85,DO,24.903,%
25.85,feed_rate,16.188,mL/h
25.85,pH,6.404,-
25.85,temp,29.963,degC
25.8667,DO,24.441,%
25.8667,feed_rate,16.188,mL/h
25.8667,pH,6.408,-
25.8667,temp,29.931,degC
25.8833,DO,24.351,%
25.8833,feed_rate,16.188,mL/h
25.8833,pH,6.39,-
25.8833,temp,30.004,degC
25.9,DO,24.077,%
25.9,feed_rate,16.188,mL/h
25.9,pH,6.41,-
25.9,temp,30.085,degC
25.9167,DO,23.668,%
25.9167,feed_rate,16.188,mL/h
25.9167,pH,6.397,-
25.9167,temp,29.968,degC
25.9333,DO,23.843,%
25.9333,feed_rate,16.188,mL/h
25.9333,pH,6.387,-
25.9333,temp,29.953,degC
25.95,DO,23.989,%
25.95,feed_rate,16.188,mL/h
25.95,pH,6.395,-
25.95,temp,29.966,degC
25.9667,DO,23.96,%
25.9667,feed_rate,16.188,mL/h
25.9667,pH,6.385,-
25.9667,temp,30.013,degC
25.9833,DO,23.901,%
25.9833,feed_rate,16.188,mL/h
25.9833,pH,6.387,-
25.9833,temp,30.025,degC
26.0,DO,23.714,%
26.0,feed_rate,16.188,mL/h
26.0,pH,6.393,-
26.0,temp,30.018,degC
26.0167,DO,23.818,%
26.0167,feed_rate,16.188,mL/h
26.0167,pH,6.406,-
26.0167,temp,29.997,degC
26.0333,DO,23.761,%
26.0333,feed_rate,16.188,mL/h
26.0333,pH,6.383,-
26.0333,temp,29.939,degC
26.05,DO,23.965,%
26.05,feed_rate,16.188,mL/h
26.05,pH,6.399,-
26.05,temp,30.051,degC
26.0667,DO,23.695,%
26.0667,feed_rate,16.188,mL/h
26.0667,pH,6.394,-
26.0667,temp,29.983,degC
26.0833,DO,23.907,%
26.0833,feed_rate,16.188,mL/h
26.0833,pH,6.411,-
26.0833,temp,30.02,degC
26.1,DO,24.161,%
26.1,feed_rate,16.188,mL/h
26.1,pH,6.398,-
26.1,temp,30.005,degC
26.1167,DO,24.581,%
26.1167,feed_rate,16.188,mL/h
26.1167,pH,6.402,-
26.1167,temp,30.0,degC
26.1333,DO,24.86,%
26.1333,feed_rate,16.188,mL/h
26.1333,pH,6.41,-
26.1333,temp,30.041,degC
26.15,DO,24.824,%
26.15,feed_rate,16.188,mL/h
26.15,pH,6.385,-
26.15,temp,30.008,degC
26.1667,DO,24.532,%
26.1667,feed_rate,16.188,mL/h
26.1667,pH,6.393,-
26.1667,temp,30.105,degC
26.1833,DO,23.955,%
26.1833,feed_rate,16.188,mL/h
26.1833,pH,6.381,-
26.1833,temp,30.074,degC
26.2,DO,24.038,%
26.2,feed_rate,16.188,mL/h
26.2,pH,6.387,-
26.2,temp,30.046,degC
26.2167,DO,24.529,%
26.2167,feed_rate,16.188,mL/h
26.2167,pH,6.399,-
26.2167,temp,29.988,degC
26.2333,DO,24.994,%
26.2333,feed_rate,16.188,mL/h
26.2333,pH,6.394,-
26.2333,temp,30.042,degC
26.25,DO,24.107,%
26.25,feed_rate,16.188,mL/h
26.25,pH,6.399,-
26.25,temp,30.019,degC
26.2667,DO,23.931,%
26.2667,feed_rate,16.188,mL/h
26.2667,pH,6.391,-
26.2667,temp,30.038,degC
26.2833,DO,23.912,%
26.2833,feed_rate,16.188,mL/h
26.2833,pH,6.388,-
26.2833,temp,30.006,degC
26.3,DO,23.688,%
26.3,feed_rate,16.188,mL/h
26.3,pH,6.394,-
26.3,temp,29.951,degC
26.3167,DO,23.876,%
26.3167,feed_rate,16.188,mL/h
26.3167,pH,6.386,-
26.3167,temp,29.954,degC
26.3333,DO,23.982,%
26.3333,feed_rate,16.188,mL/h
26.3333,pH,6.384,-
26.3333,temp,29.998,degC
26.35,DO,23.898,%
26.35,feed_rate,16.188,mL/h
26.35,pH,6.379,-
26.35,temp,30.045,degC
26.3667,DO,23.975,%
26.3667,feed_rate,16.188,mL/h
26.3667,pH,6.393,-
26.3667,temp,29.998,degC
26.3833,DO,23.57,%
26.3833,feed_rate,16.188,mL/h
26.3833,pH,6.399,-
26.3833,temp,29.972,degC
26.4,DO,23.43,%
26.4,feed_rate,16.188,mL/h
26.4,pH,6.382,-
26.4,temp,29.993,degC
26.4167,DO,23.341,%
26.4167,feed_rate,16.188,mL/h
26.4167,pH,6.39,-
26.4167,temp,30.035,degC
26.4333,DO,23.806,%
26.4333,feed_rate,16.188,mL/h
26.4333,pH,6.372,-
26.4333,temp,29.978,degC
26.45,DO,23.42,%
26.45,feed_rate,16.188,mL/h
26.45,pH,6.382,-
26.45,temp,29.976,degC
26.4667,DO,23.535,%
26.4667,feed_rate,16.188,mL/h
26.4667,pH,6.394,-
26.4667,temp,30.007,degC
26.4833,DO,23.923,%
26.4833,feed_rate,16.188,mL/h
26.4833,pH,6.381,-
26.4833,temp,30.035,degC
26.5,DO,23.983,%
26.5,feed_rate,16.188,mL/h
26.5,pH,6.398,-
26.5,temp,29.941,degC
26.5167,DO,24.29,%
26.5167,feed_rate,16.188,mL/h
26.5167,pH,6.39,-
26.5167,temp,29.982,degC
26.5333,DO,24.096,%
26.5333,feed_rate,16.188,mL/h
26.5333,pH,6.397,-
26.5333,temp,30.001,degC
26.55,DO,24.266,%
26.55,feed_rate,16.188,mL/h
26.55,pH,6.388,-
26.55,temp,29.98,degC
26.5667,DO,24.542,%
26.5667,feed_rate,16.188,mL/h
26.5667,pH,6.379,-
26.5667,temp,30.027,degC
26.5833,DO,25.161,%
26.5833,feed_rate,16.188,mL/h
26.5833,pH,6.393,-
26.5833,temp,30.044,degC
26.6,DO,25.204,%
26.6,feed_rate,16.188,mL/h
26.6,pH,6.4,-
26.6,temp,29.964,degC
26.6167,DO,25.447,%
26.6167,feed_rate,16.188,mL/h
26.6167,pH,6.388,-
26.6167,temp,30.121,degC
26.6333,DO,25.217,%
26.6333,feed_rate,16.188,mL/h
26.6333,pH,6.397,-
26.6333,temp,30.021,degC
26.65,DO,25.059,%
26.65,feed_rate,16.188,mL/h
26.65,pH,6.386,-
26.65,temp,30.081,degC
26.6667,DO,25.372,%
26.6667,feed_rate,16.188,mL/h
26.6667,pH,6.389,-
26.6667,temp,30.039,degC
26.6833,DO,25.327,%
26.6833,feed_rate,16.188,mL/h
26.6833,pH,6.405,-
26.6833,temp,29.91,degC
26.7,DO,25.541,%
26.7,feed_rate,16.188,mL/h
26.7,pH,6.392,-
26.7,temp,29.938,degC
26.7167,DO,25.499,%
26.7167,feed_rate,16.188,mL/h
26.7167,pH,6.383,-
26.7167,temp,30.015,degC
26.7333,DO,25.888,%
26.7333,feed_rate,16.188,mL/h
26.7333,pH,6.398,-
26.7333,temp,30.028,degC
26.75,DO,26.278,%
26.75,feed_rate,16.188,mL/h
26.75,pH,6.393,-
26.75,temp,30.032,degC
26.7667,DO,25.624,%
26.7667,feed_rate,16.188,mL/h
26.7667,pH,6.387,-
26.7667,temp,29.903,degC
26.7833,DO,25.908,%
26.7833,feed_rate,16.188,mL/h
26.7833,pH,6.399,-
26.7833,temp,29.97,degC
26.8,DO,25.708,%
26.8,feed_rate,16.188,mL/h
26.8,pH,6.364,-
26.8,temp,30.025,degC
26.8167,DO,25.561,%
26.8167,feed_rate,16.188,mL/h
26.8167,pH,6.398,-
26.8167,temp,30.065,degC
26.8333,DO,25.264,%
26.8333,feed_rate,16.188,mL/h
26.8333,pH,6.41,-
26.8333,temp,30.027,degC
26.85,DO,25.277,%
26.85,feed_rate,16.188,mL/h
26.85,pH,6.395,-
26.85,temp,29.932,degC
26.8667,DO,24.738,%
26.8667,feed_rate,16.188,mL/h
26.8667,pH,6.374,-
26.8667,temp,29.974,degC
26.8833,DO,24.422,%
26.8833,feed_rate,16.188,mL/h
26.8833,pH,6.405,-
26.8833,temp,29.985,degC
26.9,DO,24.158,%
26.9,feed_rate,16.188,mL/h
26.9,pH,6.416,-
26.9,temp,29.98,degC
26.9167,DO,24.262,%
26.9167,feed_rate,16.188,mL/h
26.9167,pH,6.397,-
26.9167,temp,30.053,degC
26.9333,DO,24.534,%
26.9333,feed_rate,16.188,mL/h
26.9333,pH,6.381,-
26.9333,temp,30.059,degC
26.95,DO,24.696,%
26.95,feed_rate,16.188,mL/h
26.95,pH,6.385,-
26.95,temp,30.065,degC
26.9667,DO,24.554,%
26.9667,feed_rate,16.591,mL/h
26.9667,pH,6.39,-
26.9667,temp,29.946,degC
26.9833,DO,24.151,%
26.9833,feed_rate,16.591,mL/h
26.9833,pH,6.393,-
26.9833,temp,29.938,degC
27.0,DO,23.478,%
27.0,feed_rate,16.591,mL/h
27.0,pH,6.403,-
27.0,temp,29.925,degC
27.0167,DO,23.589,%
27.0167,feed_rate,16.591,mL/h
27.0167,pH,6.397,-
27.0167,temp,29.988,degC
27.0333,DO,23.599,%
27.0333,feed_rate,16.591,mL/h
27.0333,pH,6.37,-
27.0333,temp,30.005,degC
27.05,DO,23.671,%
27.05,feed_rate,16.591,mL/h
27.05,pH,6.388,-
27.05,temp,29.932,degC
27.0667,DO,24.048,%
27.0667,feed_rate,16.591,mL/h
27.0667,pH,6.39,-
27.0667,temp,30.014,degC
27.0833,DO,23.867,%
27.0833,feed_rate,16.591,mL/h
27.0833,pH,6.409,-
27.0833,temp,30.013,degC
27.1,DO,23.715,%
27.1,feed_rate,16.591,mL/h
27.1,pH,6.386,-
27.1,temp,29.99,degC
27.1167,DO,22.959,%
27.1167,feed_rate,16.591,mL/h
27.1167,pH,6.378,-
27.1167,temp,30.023,degC
27.1333,DO,23.217,%
27.1333,feed_rate,16.591,mL/h
27.1333,pH,6.388,-
27.1333,temp,29.951,degC
27.15,DO,23.24,%
27.15,feed_rate,16.591,mL/h
27.15,pH,6.394,-
27.15,temp,29.947,degC
27.1667,DO,23.05,%
27.1667,feed_rate,16.591,mL/h
27.1667,pH,6.373,-
27.1667,temp,30.073,degC
27.1833,DO,23.235,%
27.1833,feed_rate,16.591,mL/h
27.1833,pH,6.401,-
27.1833,temp,29.982,degC
27.2,DO,22.954,%
27.2,feed_rate,16.591,mL/h
27.2,pH,6.39,-
27.2,temp,30.049,degC
27.2167,DO,22.879,%
27.2167,feed_rate,16.591,mL/h
27.2167,pH,6.399,-
27.2167,temp,29.968,degC
27.2333,DO,23.57,%
27.2333,feed_rate,16.591,mL/h
27.2333,pH,6.397,-
27.2333,temp,29.887,degC
27.25,DO,23.759,%
27.25,feed_rate,16.591,mL/h
27.25,pH,6.396,-
27.25,temp,30.027,degC
27.2667,DO,23.961,%
27.2667,feed_rate,16.591,mL/h
27.2667,pH,6.404,-
27.2667,temp,29.938,degC
27.2833,DO,24.07,%
27.2833,feed_rate,16.591,mL/h
27.2833,pH,6.407,-
27.2833,temp,29.957,degC
27.3,DO,24.124,%
27.3,feed_rate,16.591,mL/h
27.3,pH,6.387,-
27.3,temp,30.044,degC
27.3167,DO,24.032,%
27.3167,feed_rate,16.591,mL/h
27.3167,pH,6.39,-
27.3167,temp,29.924,degC
27.3333,DO,24.585,%
27.3333,feed_rate,16.591,mL/h
27.3333,pH,6.4,-
27.3333,temp,29.987,degC
27.35,DO,24.319,%
27.35,feed_rate,16.591,mL/h
27.35,pH,6.392,-
27.35,temp,30.057,degC
27.3667,DO,24.348,%
27.3667,feed_rate,16.591,mL/h
27.3667,pH,6.384,-
27.3667,temp,30.101,degC
27.3833,DO,24.085,%
27.3833,feed_rate,16.591,mL/h
27.3833,pH,6.391,-
27.3833,temp,29.951,degC
27.4,DO,23.833,%
27.4,feed_rate,16.591,mL/h
27.4,pH,6.382,-
27.4,temp,30.008,degC
27.4167,DO,23.005,%
27.4167,feed_rate,16.591,mL/h
27.4167,pH,6.385,-
27.4167,temp,29.967,degC
27.4333,DO,22.497,%
27.4333,feed_rate,16.591,mL/h
27.4333,pH,6.357,-
27.4333,temp,30.062,degC
27.45,DO,23.131,%
27.45,feed_rate,16.591,mL/h
27.45,pH,6.391,-
27.45,temp,29.976,degC
27.4667,DO,23.619,%
27.4667,feed_rate,16.591,mL/h
27.4667,pH,6.408,-
27.4667,temp,30.067,degC
27.4833,DO,23.432,%
27.4833,feed_rate,16.591,mL/h
27.4833,pH,6.397,-
27.4833,temp,29.938,degC
27.5,DO,23.402,%
27.5,feed_rate,16.591,mL/h
27.5,pH,6.397,-
27.5,temp,30.039,degC
27.5167,DO,23.572,%
27.5167,feed_rate,16.591,mL/h
27.5167,pH,6.392,-
27.5167,temp,30.075,degC
27.5333,DO,23.224,%
27.5333,feed_rate,16.591,mL/h
27.5333,pH,6.382,-
27.5333,temp,30.034,degC
27.55,DO,23.775,%
27.55,feed_rate,16.591,mL/h
27.55,pH,6.394,-
27.55,temp,30.001,degC
27.5667,DO,23.371,%
27.5667,feed_rate,16.591,mL/h
27.5667,pH,6.39,-
27.5667,temp,29.975,degC
27.5833,DO,23.144,%
27.5833,feed_rate,16.591,mL/h
27.5833,pH,6.388,-
27.5833,temp,29.934,degC
27.6,DO,22.349,%
27.6,feed_rate,16.591,mL/h
27.6,pH,6.392,-
27.6,temp,30.048,degC
27.6167,DO,22.995,%
27.6167,feed_rate,16.591,mL/h
27.6167,pH,6.384,-
27.6167,temp,30.047,degC
27.6333,DO,23.074,%
27.6333,feed_rate,16.591,mL/h
27.6333,pH,6.391,-
27.6333,temp,30.017,degC
27.65,DO,23.607,%
27.65,feed_rate,16.591,mL/h
27.65,pH,6.396,-
27.65,temp,29.937,degC
27.6667,DO,23.245,%
27.6667,feed_rate,16.591,mL/h
27.6667,pH,6.399,-
27.6667,temp,29.955,degC
27.6833,DO,23.356,%
27.6833,feed_rate,16.591,mL/h
27.6833,pH,6.391,-
27.6833,temp,29.993,degC
27.7,DO,23.366,%
27.7,feed_rate,16.591,mL/h
27.7,pH,6.397,-
27.7,temp,30.085,degC
27.7167,DO,23.41,%
27.7167,feed_rate,16.591,mL/h
27.7167,pH,6.391,-
27.7167,temp,30.093,degC
27.7333,DO,24.008,%
27.7333,feed_rate,16.591,mL/h
27.7333,pH,6.367,-
27.7333,temp,30.048,degC
27.75,DO,24.543,%
27.75,feed_rate,16.591,mL/h
27.75,pH,6.37,-
27.75,temp,29.928,degC
27.7667,DO,24.705,%
27.7667,feed_rate,16.591,mL/h
27.7667,pH,6.387,-
27.7667,temp,29.896,degC
27.7833,DO,24.299,%
27.7833,feed_rate,16.591,mL/h
27.7833,pH,6.378,-
27.7833,temp,30.0,degC
27.8,DO,24.362,%
27.8,feed_rate,16.591,mL/h
27.8,pH,6.394,-
27.8,temp,30.021,degC
27.8167,DO,24.548,%
27.8167,feed_rate,16.591,mL/h
27.8167,pH,6.376,-
27.8167,temp,30.081,degC
27.8333,DO,24.46,%
27.8333,feed_rate,16.591,mL/h
27.8333,pH,6.385,-
27.8333,temp,29.954,degC
27.85,DO,24.392,%
27.85,feed_rate,16.591,mL/h
27.85,pH,6.383,-
27.85,temp,30.054,degC
27.8667,DO,24.311,%
27.8667,feed_rate,16.591,mL/h
27.8667,pH,6.381,-
27.8667,temp,29.981,degC
27.8833,DO,23.831,%
27.8833,feed_rate,16.591,mL/h
27.8833,pH,6.383,-
27.8833,temp,30.026,degC
27.9,DO,23.79,%
27.9,feed_rate,16.591,mL/h
27.9,pH,6.388,-
27.9,temp,29.969,degC
27.9167,DO,24.164,%
27.9167,feed_rate,16.591,mL/h
27.9167,pH,6.389,-
27.9167,temp,29.972,degC
27.9333,DO,23.684,%
27.9333,feed_rate,16.591,mL/h
27.9333,pH,6.383,-
27.9333,temp,29.966,degC
27.95,DO,23.622,%
27.95,feed_rate,16.591,mL/h
27.95,pH,6.39,-
27.95,temp,29.986,degC
27.9667,DO,23.797,%
27.9667,feed_rate,16.591,mL/h
27.9667,pH,6.393,-
27.9667,temp,29.947,degC
27.9833,DO,23.278,%
27.9833,feed_rate,16.591,mL/h
27.9833,pH,6.386,-
27.9833,temp,29.954,degC
28.0,DO,23.229,%
28.0,feed_rate,16.591,mL/h
28.0,pH,6.381,-
28.0,temp,30.009,degC
28.0167,DO,22.722,%
28.0167,feed_rate,16.591,mL/h
28.0167,pH,6.381,-
28.0167,temp,29.933,degC
28.0333,DO,22.643,%
28.0333,feed_rate,16.591,mL/h
28.0333,pH,6.383,-
28.0333,temp,29.977,degC
28.05,DO,22.339,%
28.05,feed_rate,16.591,mL/h
28.05,pH,6.383,-
28.05,temp,29.966,degC
28.0667,DO,22.249,%
28.0667,feed_rate,16.591,mL/h
28.0667,pH,6.388,-
28.0667,temp,29.983,degC
28.0833,DO,22.298,%
28.0833,feed_rate,16.591,mL/h
28.0833,pH,6.414,-
28.0833,temp,30.056,degC
28.1,DO,22.4,%
28.1,feed_rate,16.591,mL/h
28.1,pH,6.399,-
28.1,temp,29.959,degC
28.1167,DO,22.503,%
28.1167,feed_rate,16.591,mL/h
28.1167,pH,6.388,-
28.1167,temp,30.079,degC
28.1333,DO,21.924,%
28.1333,feed_rate,16.591,mL/h
28.1333,pH,6.393,-
28.1333,temp,29.903,degC
28.15,DO,22.658,%
28.15,feed_rate,16.591,mL/h
28.15,pH,6.393,-
28.15,temp,29.951,degC
28.1667,DO,22.686,%
28.1667,feed_rate,16.591,mL/h
28.1667,pH,6.4,-
28.1667,temp,30.033,degC
28.1833,DO,22.462,%
28.1833,feed_rate,16.591,mL/h
28.1833,pH,6.401,-
28.1833,temp,29.875,degC
28.2,DO,22.421,%
28.2,feed_rate,16.591,mL/h
28.2,pH,6.378,-
28.2,temp,29.985,degC
28.2167,DO,22.67,%
28.2167,feed_rate,16.591,mL/h
28.2167,pH,6.409,-
28.2167,temp,30.02,degC
28.2333,DO,22.475,%
28.2333,feed_rate,16.591,mL/h
28.2333,pH,6.379,-
28.2333,temp,29.926,degC
28.25,DO,22.495,%
28.25,feed_rate,16.591,mL/h
28.25,pH,6.388,-
28.25,temp,30.072,degC
28.2667,DO,22.494,%
28.2667,feed_rate,16.591,mL/h
28.2667,pH,6.379,-
28.2667,temp,30.092,degC
28.2833,DO,22.795,%
28.2833,feed_rate,16.591,mL/h
28.2833,pH,6.37,-
28.2833,temp,30.002,degC
28.3,DO,22.649,%
28.3,feed_rate,16.591,mL/h
28.3,pH,6.37,-
28.3,temp,30.0,degC
28.3167,DO,22.893,%
28.3167,feed_rate,16.591,mL/h
28.3167,pH,6.406,-
28.3167,temp,30.04,degC
28.3333,DO,23.056,%
28.3333,feed_rate,16.591,mL/h
28.3333,pH,6.401,-
28.3333,temp,30.049,degC
28.35,DO,23.036,%
28.35,feed_rate,16.591,mL/h
28.35,pH,6.377,-
28.35,temp,29.977,degC
28.3667,DO,23.438,%
28.3667,feed_rate,16.591,mL/h
28.3667,pH,6.376,-
28.3667,temp,29.979,degC
28.3833,DO,23.392,%
28.3833,feed_rate,16.591,mL/h
28.3833,pH,6.401,-
28.3833,temp,30.103,degC
28.4,DO,22.995,%
28.4,feed_rate,16.591,mL/h
28.4,pH,6.377,-
28.4,temp,30.012,degC
28.4167,DO,23.121,%
28.4167,feed_rate,16.591,mL/h
28.4167,pH,6.391,-
28.4167,temp,29.992,degC
28.4333,DO,23.168,%
28.4333,feed_rate,16.591,mL/h
28.4333,pH,6.406,-
28.4333,temp,29.956,degC
28.45,DO,23.156,%
28.45,feed_rate,16.591,mL/h
28.45,pH,6.394,-
28.45,temp,29.851,degC
28.4667,DO,23.228,%
28.4667,feed_rate,16.591,mL/h
28.4667,pH,6.401,-
28.4667,temp,29.992,degC
28.4833,DO,23.921,%
28.4833,feed_rate,16.591,mL/h
28.4833,pH,6.389,-
28.4833,temp,30.003,degC
28.5,DO,23.84,%
28.5,feed_rate,16.591,mL/h
28.5,pH,6.37,-
28.5,temp,29.996,degC
28.5167,DO,23.842,%
28.5167,feed_rate,16.591,mL/h
28.5167,pH,6.378,-
28.5167,temp,29.99,degC
28.5333,DO,23.632,%
28.5333,feed_rate,16.591,mL/h
28.5333,pH,6.369,-
28.5333,temp,30.041,degC
28.55,DO,23.93,%
28.55,feed_rate,16.591,mL/h
28.55,pH,6.389,-
28.55,temp,30.014,degC
28.5667,DO,23.759,%
28.5667,feed_rate,16.591,mL/h
28.5667,pH,6.373,-
28.5667,temp,30.01,degC
28.5833,DO,23.397,%
28.5833,feed_rate,16.591,mL/h
28.5833,pH,6.387,-
28.5833,temp,29.99,degC
28.6,DO,22.982,%
28.6,feed_rate,16.591,mL/h
28.6,pH,6.381,-
28.6,temp,29.982,degC
28.6167,DO,23.174,%
28.6167,feed_rate,16.591,mL/h
28.6167,pH,6.379,-
28.6167,temp,30.006,degC
28.6333,DO,23.392,%
28.6333,feed_rate,16.591,mL/h
28.6333,pH,6.391,-
28.6333,temp,29.965,degC
28.65,DO,22.867,%
28.65,feed_rate,16.591,mL/h
28.65,pH,6.381,-
28.65,temp,30.058,degC
28.6667,DO,22.706,%
28.6667,feed_rate,16.591,mL/h
28.6667,pH,6.377,-
28.6667,temp,30.014,degC
28.6833,DO,22.986,%
28.6833,feed_rate,16.591,mL/h
28.6833,pH,6.395,-
28.6833,temp,30.0,degC
28.7,DO,23.325,%
28.7,feed_rate,16.591,mL/h
28.7,pH,6.385,-
28.7,temp,30.103,degC
28.7167,DO,22.892,%
28.7167,feed_rate,16.591,mL/h
28.7167,pH,6.371,-
28.7167,temp,30.041,degC
28.7333,DO,22.819,%
28.7333,feed_rate,16.591,mL/h
28.7333,pH,6.397,-
28.7333,temp,29.942,degC
28.75,DO,23.132,%
28.75,feed_rate,16.591,mL/h
28.75,pH,6.371,-
28.75,temp,29.957,degC
28.7667,DO,22.972,%
28.7667,feed_rate,16.591,mL/h
28.7667,pH,6.387,-
28.7667,temp,29.996,degC
28.7833,DO,22.869,%
28.7833,feed_rate,16.591,mL/h
28.7833,pH,6.39,-
28.7833,temp,29.975,degC
28.8,DO,22.759,%
28.8,feed_rate,16.591,mL/h
28.8,pH,6.382,-
28.8,temp,30.066,degC
28.8167,DO,22.441,%
28.8167,feed_rate,16.591,mL/h
28.8167,pH,6.377,-
28.8167,temp,30.039,degC
28.8333,DO,22.592,%
28.8333,feed_rate,16.591,mL/h
28.8333,pH,6.382,-
28.8333,temp,30.045,degC
28.85,DO,22.79,%
28.85,feed_rate,16.591,mL/h
28.85,pH,6.381,-
28.85,temp,30.055,degC
28.8667,DO,22.436,%
28.8667,feed_rate,16.591,mL/h
28.8667,pH,6.374,-
28.8667,temp,30.047,degC
28.8833,DO,22.603,%
28.8833,feed_rate,16.591,mL/h
28.8833,pH,6.393,-
28.8833,temp,29.91,degC
28.9,DO,23.038,%
28.9,feed_rate,16.591,mL/h
28.9,pH,6.379,-
28.9,temp,29.931,degC
28.9167,DO,23.116,%
28.9167,feed_rate,16.591,mL/h
28.9167,pH,6.377,-
28.9167,temp,29.949,degC
28.9333,DO,23.4,%
28.9333,feed_rate,16.591,mL/h
28.9333,pH,6.398,-
28.9333,temp,30.027,degC
28.95,DO,23.178,%
28.95,feed_rate,16.591,mL/h
28.95,pH,6.377,-
28.95,temp,30.012,degC
28.9667,DO,23.576,%
28.9667,feed_rate,16.591,mL/h
28.9667,pH,6.369,-
28.9667,temp,30.093,degC
28.9833,DO,23.247,%
28.9833,feed_rate,16.591,mL/h
28.9833,pH,6.383,-
28.9833,temp,30.065,degC
29.0,DO,23.785,%
29.0,feed_rate,16.591,mL/h
29.0,pH,6.384,-
29.0,temp,30.069,degC
29.0167,DO,23.514,%
29.0167,feed_rate,16.591,mL/h
29.0167,pH,6.384,-
29.0167,temp,29.967,degC
29.0333,DO,23.217,%
29.0333,feed_rate,16.591,mL/h
29.0333,pH,6.404,-
29.0333,temp,29.997,degC
29.05,DO,22.927,%
29.05,feed_rate,16.591,mL/h
29.05,pH,6.378,-
29.05,temp,30.051,degC
29.0667,DO,22.838,%
29.0667,feed_rate,16.591,mL/h
29.0667,pH,6.397,-
29.0667,temp,29.945,degC
29.0833,DO,22.742,%
29.0833,feed_rate,16.591,mL/h
29.0833,pH,6.392,-
29.0833,temp,29.966,degC
29.1,DO,22.607,%
29.1,feed_rate,16.591,mL/h
29.1,pH,6.398,-
29.1,temp,30.092,degC
29.1167,DO,22.606,%
29.1167,feed_rate,16.591,mL/h
29.1167,pH,6.383,-
29.1167,temp,30.108,degC
29.1333,DO,22.903,%
29.1333,feed_rate,16.591,mL/h
29.1333,pH,6.38,-
29.1333,temp,29.911,degC
29.15,DO,23.206,%
29.15,feed_rate,16.591,mL/h
29.15,pH,6.382,-
29.15,temp,29.997,degC
29.1667,DO,23.082,%
29.1667,feed_rate,16.591,mL/h
29.1667,pH,6.387,-
29.1667,temp,29.939,degC
29.1833,DO,23.454,%
29.1833,feed_rate,16.591,mL/h
29.1833,pH,6.393,-
29.1833,temp,29.899,degC
29.2,DO,23.082,%
29.2,feed_rate,16.591,mL/h
29.2,pH,6.4,-
29.2,temp,29.957,degC
29.2167,DO,22.774,%
29.2167,feed_rate,16.591,mL/h
29.2167,pH,6.366,-
29.2167,temp,30.027,degC
29.2333,DO,22.497,%
29.2333,feed_rate,16.591,mL/h
29.2333,pH,6.394,-
29.2333,temp,30.032,degC
29.25,DO,22.795,%
29.25,feed_rate,16.591,mL/h
29.25,pH,6.387,-
29.25,temp,30.012,degC
29.2667,DO,22.387,%
29.2667,feed_rate,16.591,mL/h
29.2667,pH,6.384,-
29.2667,temp,30.065,degC
29.2833,DO,22.107,%
29.2833,feed_rate,16.591,mL/h
29.2833,pH,6.373,-
29.2833,temp,29.956,degC
29.3,DO,22.685,%
29.3,feed_rate,16.591,mL/h
29.3,pH,6.386,-
29.3,temp,29.985,degC
29.3167,DO,23.277,%
29.3167,feed_rate,16.591,mL/h
29.3167,pH,6.365,-
29.3167,temp,30.075,degC
29.3333,DO,23.639,%
29.3333,feed_rate,16.591,mL/h
29.3333,pH,6.395,-
29.3333,temp,30.037,degC
29.35,DO,23.079,%
29.35,feed_rate,16.591,mL/h
29.35,pH,6.374,-
29.35,temp,29.958,degC
29.3667,DO,23.08,%
29.3667,feed_rate,16.591,mL/h
29.3667,pH,6.382,-
29.3667,temp,29.936,degC
29.3833,DO,23.327,%
29.3833,feed_rate,16.591,mL/h
29.3833,pH,6.381,-
29.3833,temp,30.0,degC
29.4,DO,23.304,%
29.4,feed_rate,16.591,mL/h
29.4,pH,6.388,-
29.4,temp,30.008,degC
29.4167,DO,22.771,%
29.4167,feed_rate,16.591,mL/h
29.4167,pH,6.37,-
29.4167,temp,30.014,degC
29.4333,DO,22.727,%
29.4333,feed_rate,16.591,mL/h
29.4333,pH,6.391,-
29.4333,temp,29.99,degC
29.45,DO,22.284,%
29.45,feed_rate,16.591,mL/h
29.45,pH,6.387,-
29.45,temp,30.004,degC
29.4667,DO,22.069,%
29.4667,feed_rate,16.591,mL/h
29.4667,pH,6.398,-
29.4667,temp,29.966,degC
29.4833,DO,22.912,%
29.4833,feed_rate,16.591,mL/h
29.4833,pH,6.385,-
29.4833,temp,29.995,degC
29.5,DO,23.145,%
29.5,feed_rate,16.591,mL/h
29.5,pH,6.381,-
29.5,temp,29.965,degC
29.5167,DO,22.686,%
29.5167,feed_rate,16.591,mL/h
29.5167,pH,6.364,-
29.5167,temp,29.934,degC
29.5333,DO,22.309,%
29.5333,feed_rate,16.591,mL/h
29.5333,pH,6.379,-
29.5333,temp,30.004,degC
29.55,DO,22.594,%
29.55,feed_rate,16.591,mL/h
29.55,pH,6.398,-
29.55,temp,29.957,degC
29.5667,DO,22.502,%
29.5667,feed_rate,16.591,mL/h
29.5667,pH,6.378,-
29.5667,temp,29.957,degC
29.5833,DO,22.785,%
29.5833,feed_rate,16.591,mL/h
29.5833,pH,6.377,-
29.5833,temp,30.026,degC
29.6,DO,22.642,%
29.6,feed_rate,16.591,mL/h
29.6,pH,6.38,-
29.6,temp,30.015,degC
29.6167,DO,22.663,%
29.6167,feed_rate,16.591,mL/h
29.6167,pH,6.39,-
29.6167,temp,30.093,degC
29.6333,DO,22.81,%
29.6333,feed_rate,16.591,mL/h
29.6333,pH,6.364,-
29.6333,temp,30.084,degC
29.65,DO,22.546,%
29.65,feed_rate,16.591,mL/h
29.65,pH,6.4,-
29.65,temp,29.979,degC
29.6667,DO,22.069,%
29.6667,feed_rate,16.591,mL/h
29.6667,pH,6.387,-
29.6667,temp,29.984,degC
29.6833,DO,21.904,%
29.6833,feed_rate,16.591,mL/h
29.6833,pH,6.389,-
29.6833,temp,29.964,degC
29.7,DO,21.921,%
29.7,feed_rate,16.591,mL/h
29.7,pH,6.381,-
29.7,temp,29.928,degC
29.7167,DO,22.082,%
29.7167,feed_rate,16.591,mL/h
29.7167,pH,6.401,-
29.7167,temp,30.077,degC
29.7333,DO,22.254,%
29.7333,feed_rate,16.591,mL/h
29.7333,pH,6.377,-
29.7333,temp,30.032,degC
29.75,DO,22.389,%
29.75,feed_rate,16.591,mL/h
29.75,pH,6.389,-
29.75,temp,29.969,degC
29.7667,DO,22.671,%
29.7667,feed_rate,16.591,mL/h
29.7667,pH,6.382,-
29.7667,temp,30.089,degC
29.7833,DO,22.474,%
29.7833,feed_rate,16.591,mL/h
29.7833,pH,6.369,-
29.7833,temp,30.033,degC
29.8,DO,23.002,%
29.8,feed_rate,16.591,mL/h
29.8,pH,6.38,-
29.8,temp,30.037,degC
29.8167,DO,23.607,%
29.8167,feed_rate,16.591,mL/h
29.8167,pH,6.388,-
29.8167,temp,29.976,degC
29.8333,DO,23.599,%
29.8333,feed_rate,16.591,mL/h
29.8333,pH,6.378,-
29.8333,temp,29.877,degC
29.85,DO,23.539,%
29.85,feed_rate,16.591,mL/h
29.85,pH,6.377,-
29.85,temp,30.032,degC
29.8667,DO,23.809,%
29.8667,feed_rate,16.591,mL/h
29.8667,pH,6.381,-
29.8667,temp,29.96,degC
29.8833,DO,23.845,%
29.8833,feed_rate,16.591,mL/h
29.8833,pH,6.372,-
29.8833,temp,29.923,degC
29.9,DO,23.735,%
29.9,feed_rate,16.591,mL/h
29.9,pH,6.37,-
29.9,temp,30.026,degC
29.9167,DO,23.54,%
29.9167,feed_rate,16.591,mL/h
29.9167,pH,6.381,-
29.9167,temp,30.028,degC
29.9333,DO,23.212,%
29.9333,feed_rate,16.591,mL/h
29.9333,pH,6.371,-
29.9333,temp,29.95,degC
29.95,DO,22.821,%
29.95,feed_rate,16.591,mL/h
29.95,pH,6.386,-
29.95,temp,29.996,degC
29.9667,DO,23.058,%
29.9667,feed_rate,16.591,mL/h
29.9667,pH,6.387,-
29.9667,temp,30.023,degC
29.9833,DO,23.404,%
29.9833,feed_rate,16.591,mL/h
29.9833,pH,6.393,-
29.9833,temp,30.0,degC
30.0,DO,23.007,%
30.0,feed_rate,16.591,mL/h
30.0,pH,6.39,-
30.0,temp,29.969,degC
30.0167,DO,22.985,%
30.0167,feed_rate,16.591,mL/h
30.0167,pH,6.378,-
30.0167,temp,30.074,degC
30.0333,DO,23.054,%
30.0333,feed_rate,16.591,mL/h
30.0333,pH,6.384,-
30.0333,temp,29.984,degC
30.05,DO,22.715,%
30.05,feed_rate,17.092,mL/h
30.05,pH,6.369,-
30.05,temp,30.058,degC
30.0667,DO,22.344,%
30.0667,feed_rate,17.092,mL/h
30.0667,pH,6.384,-
30.0667,temp,29.995,degC
30.0833,DO,22.157,%
30.0833,feed_rate,17.092,mL/h
30.0833,pH,6.375,-
30.0833,temp,29.983,degC
30.1,DO,21.534,%
30.1,feed_rate,17.092,mL/h
30.1,pH,6.393,-
30.1,temp,30.063,degC
30.1167,DO,21.608,%
30.1167,feed_rate,17.092,mL/h
30.1167,pH,6.373,-
30.1167,temp,29.966,degC
30.1333,DO,21.597,%
30.1333,feed_rate,17.092,mL/h
30.1333,pH,6.381,-
30.1333,temp,30.017,degC
30.15,DO,22.311,%
30.15,feed_rate,17.092,mL/h
30.15,pH,6.372,-
30.15,temp,30.026,degC
30.1667,DO,22.528,%
30.1667,feed_rate,17.092,mL/h
30.1667,pH,6.386,-
30.1667,temp,30.057,degC
30.1833,DO,22.317,%
30.1833,feed_rate,17.092,mL/h
30.1833,pH,6.386,-
30.1833,temp,29.996,degC
30.2,DO,22.249,%
30.2,feed_rate,17.092,mL/h
30.2,pH,6.37,-
30.2,temp,29.92,degC
30.2167,DO,22.711,%
30.2167,feed_rate,17.092,mL/h
30.2167,pH,6.399,-
30.2167,temp,29.912,degC
30.2333,DO,23.048,%
30.2333,feed_rate,17.092,mL/h
30.2333,pH,6.384,-
30.2333,temp,29.908,degC
30.25,DO,22.891,%
30.25,feed_rate,17.092,mL/h
30.25,pH,6.365,-
30.25,temp,29.94,degC
30.2667,DO,22.671,%
30.2667,feed_rate,17.092,mL/h
30.2667,pH,6.37,-
30.2667,temp,29.991,degC
30.2833,DO,22.1,%
30.2833,feed_rate,17.092,mL/h
30.2833,pH,6.361,-
30.2833,temp,29.982,degC
30.3,DO,21.978,%
30.3,feed_rate,17.092,mL/h
30.3,pH,6.359,-
30.3,temp,29.973,degC
30.3167,DO,21.928,%
30.3167,feed_rate,17.092,mL/h
30.3167,pH,6.378,-
30.3167,temp,29.992,degC
30.3333,DO,21.717,%
30.3333,feed_rate,17.092,mL/h
30.3333,pH,6.358,-
30.3333,temp,29.96,degC
30.35,DO,22.288,%
30.35,feed_rate,17.092,mL/h
30.35,pH,6.383,-
30.35,temp,29.995,degC
30.3667,DO,21.664,%
30.3667,feed_rate,17.092,mL/h
30.3667,pH,6.363,-
30.3667,temp,30.002,degC
30.3833,DO,21.685,%
30.3833,feed_rate,17.092,mL/h
30.3833,pH,6.375,-
30.3833,temp,30.107,degC
30.4,DO,21.865,%
30.4,feed_rate,17.092,mL/h
30.4,pH,6.396,-
30.4,temp,29.984,degC
30.4167,DO,22.018,%
30.4167,feed_rate,17.092,mL/h
30.4167,pH,6.375,-
30.4167,temp,29.985,degC
30.4333,DO,22.515,%
30.4333,feed_rate,17.092,mL/h
30.4333,pH,6.378,-
30.4333,temp,29.982,degC
30.45,DO,21.987,%
30.45,feed_rate,17.092,mL/h
30.45,pH,6.391,-
30.45,temp,29.956,degC
30.4667,DO,21.759,%
30.4667,feed_rate,17.092,mL/h
30.4667,pH,6.375,-
30.4667,temp,30.039,degC
30.4833,DO,21.831,%
30.4833,feed_rate,17.092,mL/h
30.4833,pH,6.384,-
30.4833,temp,29.932,degC
30.5,DO,21.898,%
30.5,feed_rate,17.092,mL/h
30.5,pH,6.37,-
30.5,temp,30.101,degC
30.5167,DO,21.796,%
30.5167,feed_rate,17.092,mL/h
30.5167,pH,6.374,-
30.5167,temp,29.917,degC
30.5333,DO,21.601,%
30.5333,feed_rate,17.092,mL/h
30.5333,pH,6.379,-
30.5333,temp,29.994,degC
30.55,DO,21.996,%
30.55,feed_rate,17.092,mL/h
30.55,pH,6.378,-
30.55,temp,30.049,degC
30.5667,DO,21.675,%
30.5667,feed_rate,17.092,mL/h
30.5667,pH,6.37,-
30.5667,temp,30.025,degC
30.5833,DO,21.56,%
30.5833,feed_rate,17.092,mL/h
30.5833,pH,6.38,-
30.5833,temp,30.036,degC
30.6,DO,22.072,%
30.6,feed_rate,17.092,mL/h
30.6,pH,6.384,-
30.6,temp,29.921,degC
30.6167,DO,22.57,%
30.6167,feed_rate,17.092,mL/h
30.6167,pH,6.384,-
30.6167,temp,30.044,degC
30.6333,DO,22.71,%
30.6333,feed_rate,17.092,mL/h
30.6333,pH,6.378,-
30.6333,temp,30.028,degC
30.65,DO,22.301,%
30.65,feed_rate,17.092,mL/h
30.65,pH,6.368,-
30.65,temp,30.079,degC
30.6667,DO,21.977,%
30.6667,feed_rate,17.092,mL/h
30.6667,pH,6.384,-
30.6667,temp,29.998,degC
30.6833,DO,21.703,%
30.6833,feed_rate,17.092,mL/h
30.6833,pH,6.386,-
30.6833,temp,30.004,degC
30.7,DO,21.414,%
30.7,feed_rate,17.092,mL/h
30.7,pH,6.368,-
30.7,temp,29.917,degC
30.7167,DO,21.397,%
30.7167,feed_rate,17.092,mL/h
30.7167,pH,6.355,-
30.7167,temp,30.027,degC
30.7333,DO,21.89,%
30.7333,feed_rate,17.092,mL/h
30.7333,pH,6.375,-
30.7333,temp,29.945,degC
30.75,DO,21.969,%
30.75,feed_rate,17.092,mL/h
30.75,pH,6.387,-
30.75,temp,30.019,degC
30.7667,DO,21.739,%
30.7667,feed_rate,17.092,mL/h
30.7667,pH,6.386,-
30.7667,temp,30.091,degC
30.7833,DO,21.548,%
30.7833,feed_rate,17.092,mL/h
30.7833,pH,6.365,-
30.7833,temp,29.954,degC
30.8,DO,21.276,%
30.8,feed_rate,17.092,mL/h
30.8,pH,6.39,-
30.8,temp,30.012,degC
30.8167,DO,21.772,%
30.8167,feed_rate,17.092,mL/h
30.8167,pH,6.368,-
30.8167,temp,29.973,degC
30.8333,DO,21.201,%
30.8333,feed_rate,17.092,mL/h
30.8333,pH,6.386,-
30.8333,temp,29.969,degC
30.85,DO,21.431,%
30.85,feed_rate,17.092,mL/h
30.85,pH,6.372,-
30.85,temp,29.902,degC
30.8667,DO,21.101,%
30.8667,feed_rate,17.092,mL/h
30.8667,pH,6.386,-
30.8667,temp,29.978,degC
30.8833,DO,20.951,%
30.8833,feed_rate,17.092,mL/h
30.8833,pH,6.381,-
30.8833,temp,30.016,degC
30.9,DO,20.701,%
30.9,feed_rate,17.092,mL/h
30.9,pH,6.374,-
30.9,temp,30.065,degC
30.9167,DO,21.237,%
30.9167,feed_rate,17.092,mL/h
30.9167,pH,6.383,-
30.9167,temp,30.079,degC
30.9333,DO,21.351,%
30.9333,feed_rate,17.092,mL/h
30.9333,pH,6.37,-
30.9333,temp,29.992,degC
30.95,DO,22.29,%
30.95,feed_rate,17.092,mL/h
30.95,pH,6.372,-
30.95,temp,30.047,degC
30.9667,DO,21.907,%
30.9667,feed_rate,17.092,mL/h
30.9667,pH,6.373,-
30.9667,temp,29.995,degC
30.9833,DO,21.582,%
30.9833,feed_rate,17.092,mL/h
30.9833,pH,6.367,-
30.9833,temp,29.953,degC
31.0,DO,21.827,%
31.0,feed_rate,17.092,mL/h
31.0,pH,6.385,-
31.0,temp,29.976,degC
31.0167,DO,22.015,%
31.0167,feed_rate,17.092,mL/h
31.0167,pH,6.385,-
31.0167,temp,30.044,degC
31.0333,DO,21.911,%
31.0333,feed_rate,17.092,mL/h
31.0333,pH,6.376,-
31.0333,temp,30.035,degC
31.05,DO,19.361,%
31.05,feed_rate,21.956,mL/h
31.05,pH,6.366,-
31.05,temp,29.912,degC
31.0667,DO,18.359,%
31.0667,feed_rate,21.956,mL/h
31.0667,pH,6.38,-
31.0667,temp,30.027,degC
31.0833,DO,17.294,%
31.0833,feed_rate,21.956,mL/h
31.0833,pH,6.378,-
31.0833,temp,29.983,degC
31.1,DO,16.391,%
31.1,feed_rate,21.956,mL/h
31.1,pH,6.382,-
31.1,temp,30.031,degC
31.1167,DO,15.371,%
31.1167,feed_rate,21.956,mL/h
31.1167,pH,6.375,-
31.1167,temp,30.008,degC
31.1333,DO,14.924,%
31.1333,feed_rate,21.956,mL/h
31.1333,pH,6.373,-
31.1333,temp,29.935,degC
31.15,DO,14.206,%
31.15,feed_rate,21.956,mL/h
31.15,pH,6.389,-
31.15,temp,29.93,degC
31.1667,DO,13.812,%
31.1667,feed_rate,21.956,mL/h
31.1667,pH,6.369,-
31.1667,temp,29.995,degC
31.1833,DO,13.426,%
31.1833,feed_rate,21.956,mL/h
31.1833,pH,6.373,-
31.1833,temp,30.0,degC
31.2,DO,13.551,%
31.2,feed_rate,21.956,mL/h
31.2,pH,6.357,-
31.2,temp,30.006,degC
31.2167,DO,13.132,%
31.2167,feed_rate,21.956,mL/h
31.2167,pH,6.371,-
31.2167,temp,29.939,degC
31.2333,DO,12.834,%
31.2333,feed_rate,21.956,mL/h
31.2333,pH,6.37,-
31.2333,temp,30.07,degC
31.25,DO,13.031,%
31.25,feed_rate,21.956,mL/h
31.25,pH,6.371,-
31.25,temp,29.878,degC
31.2667,DO,12.924,%
31.2667,feed_rate,21.956,mL/h
31.2667,pH,6.38,-
31.2667,temp,30.067,degC
31.2833,DO,12.764,%
31.2833,feed_rate,21.956,mL/h
31.2833,pH,6.368,-
31.2833,temp,29.99,degC
31.3,DO,12.569,%
31.3,feed_rate,21.956,mL/h
31.3,pH,6.379,-
31.3,temp,29.972,degC
31.3167,DO,12.77,%
31.3167,feed_rate,21.956,mL/h
31.3167,pH,6.371,-
31.3167,temp,30.086,degC
31.3333,DO,12.45,%
31.3333,feed_rate,21.956,mL/h
31.3333,pH,6.37,-
31.3333,temp,29.993,degC
31.35,DO,12.531,%
31.35,feed_rate,21.956,mL/h
31.35,pH,6.356,-
31.35,temp,30.002,degC
31.3667,DO,13.062,%
31.3667,feed_rate,21.956,mL/h
31.3667,pH,6.378,-
31.3667,temp,29.972,degC
31.3833,DO,12.998,%
31.3833,feed_rate,21.956,mL/h
31.3833,pH,6.38,-
31.3833,temp,30.027,degC
31.4,DO,12.591,%
31.4,feed_rate,21.956,mL/h
31.4,pH,6.364,-
31.4,temp,30.027,degC
31.4167,DO,12.139,%
31.4167,feed_rate,21.956,mL/h
31.4167,pH,6.368,-
31.4167,temp,30.075,degC
31.4333,DO,12.182,%
31.4333,feed_rate,21.956,mL/h
31.4333,pH,6.356,-
31.4333,temp,30.059,degC
31.45,DO,11.804,%
31.45,feed_rate,21.956,mL/h
31.45,pH,6.37,-
31.45,temp,30.0,degC
31.4667,DO,11.391,%
31.4667,feed_rate,21.956,mL/h
31.4667,pH,6.362,-
31.4667,temp,29.968,degC
31.4833,DO,11.311,%
31.4833,feed_rate,21.956,mL/h
31.4833,pH,6.377,-
31.4833,temp,29.978,degC
31.5,DO,11.145,%
31.5,feed_rate,21.956,mL/h
31.5,pH,6.372,-
31.5,temp,29.961,degC
31.5167,DO,11.604,%
31.5167,feed_rate,21.956,mL/h
31.5167,pH,6.379,-
31.5167,temp,29.977,degC
31.5333,DO,11.272,%
31.5333,feed_rate,21.956,mL/h
31.5333,pH,6.365,-
31.5333,temp,29.97,degC
31.55,DO,11.916,%
31.55,feed_rate,21.956,mL/h
31.55,pH,6.356,-
31.55,temp,30.016,degC
31.5667,DO,11.731,%
31.5667,feed_rate,21.956,mL/h
31.5667,pH,6.372,-
31.5667,temp,30.006,degC
31.5833,DO,11.844,%
31.5833,feed_rate,21.956,mL/h
31.5833,pH,6.367,-
31.5833,temp,29.962,degC
31.6,DO,12.1,%
31.6,feed_rate,21.956,mL/h
31.6,pH,6.391,-
31.6,temp,30.013,degC
31.6167,DO,12.169,%
31.6167,feed_rate,21.956,mL/h
31.6167,pH,6.375,-
31.6167,temp,29.886,degC
31.6333,DO,12.374,%
31.6333,feed_rate,21.956,mL/h
31.6333,pH,6.387,-
31.6333,temp,29.994,degC
31.65,DO,12.025,%
31.65,feed_rate,21.956,mL/h
31.65,pH,6.378,-
31.65,temp,29.881,degC
31.6667,DO,11.359,%
31.6667,feed_rate,21.956,mL/h
31.6667,pH,6.369,-
31.6667,temp,29.979,degC
31.6833,DO,11.448,%
31.6833,feed_rate,21.956,mL/h
31.6833,pH,6.357,-
31.6833,temp,30.03,degC
31.7,DO,11.074,%
31.7,feed_rate,21.956,mL/h
31.7,pH,6.37,-
31.7,temp,30.008,degC
31.7167,DO,11.105,%
31.7167,feed_rate,21.956,mL/h
31.7167,pH,6.378,-
31.7167,temp,29.941,degC
31.7333,DO,11.586,%
31.7333,feed_rate,21.956,mL/h
31.7333,pH,6.373,-
31.7333,temp,29.987,degC
31.75,DO,11.629,%
31.75,feed_rate,21.956,mL/h
31.75,pH,6.375,-
31.75,temp,29.99,degC
31.7667,DO,11.544,%
31.7667,feed_rate,21.956,mL/h
31.7667,pH,6.375,-
31.7667,temp,29.967,degC
31.7833,DO,11.314,%
31.7833,feed_rate,21.956,mL/h
31.7833,pH,6.359,-
31.7833,temp,30.004,degC
31.8,DO,11.381,%
31.8,feed_rate,21.956,mL/h
31.8,pH,6.375,-
31.8,temp,29.963,degC
31.8167,DO,11.47,%
31.8167,feed_rate,21.956,mL/h
31.8167,pH,6.364,-
31.8167,temp,29.953,degC
31.8333,DO,11.118,%
31.8333,feed_rate,21.956,mL/h
31.8333,pH,6.371,-
31.8333,temp,29.946,degC
31.85,DO,11.4,%
31.85,feed_rate,21.956,mL/h
31.85,pH,6.385,-
31.85,temp,30.019,degC
31.8667,DO,11.213,%
31.8667,feed_rate,21.956,mL/h
31.8667,pH,6.352,-
31.8667,temp,29.949,degC
31.8833,DO,11.452,%
31.8833,feed_rate,21.956,mL/h
31.8833,pH,6.369,-
31.8833,temp,29.92,degC
31.9,DO,11.442,%
31.9,feed_rate,21.956,mL/h
31.9,pH,6.375,-
31.9,temp,30.037,degC
31.9167,DO,11.866,%
31.9167,feed_rate,21.956,mL/h
31.9167,pH,6.382,-
31.9167,temp,29.958,degC
31.9333,DO,12.165,%
31.9333,feed_rate,21.956,mL/h
31.9333,pH,6.372,-
31.9333,temp,29.922,degC
31.95,DO,12.15,%
31.95,feed_rate,21.956,mL/h
31.95,pH,6.363,-
31.95,temp,30.027,degC
31.9667,DO,12.103,%
31.9667,feed_rate,21.956,mL/h
31.9667,pH,6.379,-
31.9667,temp,29.963,degC
31.9833,DO,12.229,%
31.9833,feed_rate,21.956,mL/h
31.9833,pH,6.377,-
31.9833,temp,29.965,degC
32.0,DO,12.614,%
32.0,feed_rate,21.956,mL/h
32.0,pH,6.354,-
32.0,temp,29.952,degC
32.0167,DO,12.828,%
32.0167,feed_rate,21.956,mL/h
32.0167,pH,6.372,-
32.0167,temp,30.027,degC
32.0333,DO,12.728,%
32.0333,feed_rate,21.956,mL/h
32.0333,pH,6.354,-
32.0333,temp,30.029,degC
32.05,DO,12.696,%
32.05,feed_rate,21.956,mL/h
32.05,pH,6.345,-
32.05,temp,30.045,degC
32.0667,DO,13.05,%
32.0667,feed_rate,21.956,mL/h
32.0667,pH,6.361,-
32.0667,temp,29.96,degC
32.0833,DO,12.37,%
32.0833,feed_rate,21.956,mL/h
32.0833,pH,6.362,-
32.0833,temp,30.115,degC
32.1,DO,12.48,%
32.1,feed_rate,21.956,mL/h
32.1,pH,6.35,-
32.1,temp,29.963,degC
32.1167,DO,12.135,%
32.1167,feed_rate,21.956,mL/h
32.1167,pH,6.389,-
32.1167,temp,29.937,degC
32.1333,DO,12.538,%
32.1333,feed_rate,21.956,mL/h
32.1333,pH,6.358,-
32.1333,temp,29.978,degC
32.15,DO,12.305,%
32.15,feed_rate,21.956,mL/h
32.15,pH,6.374,-
32.15,temp,29.904,degC
32.1667,DO,12.235,%
32.1667,feed_rate,21.956,mL/h
32.1667,pH,6.378,-
32.1667,temp,29.955,degC
32.1833,DO,11.886,%
32.1833,feed_rate,21.956,mL/h
32.1833,pH,6.392,-
32.1833,temp,29.973,degC
32.2,DO,11.94,%
32.2,feed_rate,21.956,mL/h
32.2,pH,6.367,-
32.2,temp,30.004,degC
32.2167,DO,12.216,%
32.2167,feed_rate,21.956,mL/h
32.2167,pH,6.387,-
32.2167,temp,30.063,degC
32.2333,DO,12.703,%
32.2333,feed_rate,21.956,mL/h
32.2333,pH,6.359,-
32.2333,temp,30.019,degC
32.25,DO,12.211,%
32.25,feed_rate,21.956,mL/h
32.25,pH,6.37,-
32.25,temp,29.983,degC
32.2667,DO,12.065,%
32.2667,feed_rate,21.956,mL/h
32.2667,pH,6.367,-
32.2667,temp,30.0,degC
32.2833,DO,13.255,%
32.2833,feed_rate,21.956,mL/h
32.2833,pH,6.361,-
32.2833,temp,29.938,degC
32.3,DO,13.318,%
32.3,feed_rate,21.956,mL/h
32.3,pH,6.374,-
32.3,temp,30.072,degC
32.3167,DO,13.084,%
32.3167,feed_rate,21.956,mL/h
32.3167,pH,6.389,-
32.3167,temp,30.009,degC
32.3333,DO,13.056,%
32.3333,feed_rate,21.956,mL/h
32.3333,pH,6.391,-
32.3333,temp,30.022,degC
32.35,DO,12.077,%
32.35,feed_rate,21.956,mL/h
32.35,pH,6.377,-
32.35,temp,29.971,degC
32.3667,DO,12.579,%
32.3667,feed_rate,21.956,mL/h
32.3667,pH,6.359,-
32.3667,temp,29.956,degC
32.3833,DO,12.544,%
32.3833,feed_rate,21.956,mL/h
32.3833,pH,6.362,-
32.3833,temp,29.948,degC
32.4,DO,12.038,%
32.4,feed_rate,21.956,mL/h
32.4,pH,6.376,-
32.4,temp,29.954,degC
32.4167,DO,12.416,%
32.4167,feed_rate,21.956,mL/h
32.4167,pH,6.376,-
32.4167,temp,29.969,degC
32.4333,DO,12.178,%
32.4333,feed_rate,21.956,mL/h
32.4333,pH,6.376,-
32.4333,temp,30.04,degC
32.45,DO,11.868,%
32.45,feed_rate,21.956,mL/h
32.45,pH,6.367,-
32.45,temp,29.962,degC
32.4667,DO,12.086,%
32.4667,feed_rate,21.956,mL/h
32.4667,pH,6.361,-
32.4667,temp,30.028,degC
32.4833,DO,12.225,%
32.4833,feed_rate,21.956,mL/h
32.4833,pH,6.374,-
32.4833,temp,30.04,degC
32.5,DO,12.077,%
32.5,feed_rate,21.956,mL/h
32.5,pH,6.37,-
32.5,temp,30.017,degC
32.5167,DO,12.074,%
32.5167,feed_rate,21.956,mL/h
32.5167,pH,6.384,-
32.5167,temp,30.041,degC
32.5333,DO,11.691,%
32.5333,feed_rate,21.956,mL/h
32.5333,pH,6.363,-
32.5333,temp,29.883,degC
32.55,DO,11.354,%
32.55,feed_rate,21.956,mL/h
32.55,pH,6.378,-
32.55,temp,30.012,degC
32.5667,DO,11.788,%
32.5667,feed_rate,21.956,mL/h
32.5667,pH,6.383,-
32.5667,temp,29.976,degC
32.5833,DO,12.261,%
32.5833,feed_rate,21.956,mL/h
32.5833,pH,6.389,-
32.5833,temp,30.067,degC
32.6,DO,12.374,%
32.6,feed_rate,21.956,mL/h
32.6,pH,6.389,-
32.6,temp,30.017,degC
32.6167,DO,12.446,%
32.6167,feed_rate,21.956,mL/h
32.6167,pH,6.359,-
32.6167,temp,29.983,degC
32.6333,DO,12.273,%
32.6333,feed_rate,21.956,mL/h
32.6333,pH,6.358,-
32.6333,temp,30.002,degC
32.65,DO,12.214,%
32.65,feed_rate,21.956,mL/h
32.65,pH,6.371,-
32.65,temp,30.01,degC
32.6667,DO,11.925,%
32.6667,feed_rate,21.956,mL/h
32.6667,pH,6.361,-
32.6667,temp,30.088,degC
32.6833,DO,12.502,%
32.6833,feed_rate,21.956,mL/h
32.6833,pH,6.346,-
32.6833,temp,29.98,degC
32.7,DO,12.266,%
32.7,feed_rate,21.956,mL/h
32.7,pH,6.384,-
32.7,temp,30.014,degC
32.7167,DO,12.371,%
32.7167,feed_rate,21.956,mL/h
32.7167,pH,6.374,-
32.7167,temp,29.972,degC
32.7333,DO,12.331,%
32.7333,feed_rate,21.956,mL/h
32.7333,pH,6.379,-
32.7333,temp,30.014,degC
32.75,DO,11.879,%
32.75,feed_rate,21.956,mL/h
32.75,pH,6.371,-
32.75,temp,30.019,degC
32.7667,DO,12.519,%
32.7667,feed_rate,21.956,mL/h
32.7667,pH,6.381,-
32.7667,temp,30.01,degC
32.7833,DO,12.337,%
32.7833,feed_rate,21.956,mL/h
32.7833,pH,6.372,-
32.7833,temp,29.993,degC
32.8,DO,12.073,%
32.8,feed_rate,21.956,mL/h
32.8,pH,6.37,-
32.8,temp,30.078,degC
32.8167,DO,12.127,%
32.8167,feed_rate,21.956,mL/h
32.8167,pH,6.388,-
32.8167,temp,30.056,degC
32.8333,DO,11.866,%
32.8333,feed_rate,21.956,mL/h
32.8333,pH,6.357,-
32.8333,temp,30.026,degC
32.85,DO,11.935,%
32.85,feed_rate,21.956,mL/h
32.85,pH,6.374,-
32.85,temp,29.972,degC
32.8667,DO,11.694,%
32.8667,feed_rate,21.956,mL/h
32.8667,pH,6.353,-
32.8667,temp,30.024,degC
32.8833,DO,11.958,%
32.8833,feed_rate,21.956,mL/h
32.8833,pH,6.383,-
32.8833,temp,30.009,degC
32.9,DO,12.017,%
32.9,feed_rate,21.956,mL/h
32.9,pH,6.366,-
32.9,temp,30.049,degC
32.9167,DO,11.637,%
32.9167,feed_rate,21.956,mL/h
32.9167,pH,6.356,-
32.9167,temp,30.031,degC
32.9333,DO,12.159,%
32.9333,feed_rate,21.693,mL/h
32.9333,pH,6.35,-
32.9333,temp,29.97,degC
32.95,DO,12.324,%
32.95,feed_rate,21.693,mL/h
32.95,pH,6.366,-
32.95,temp,30.032,degC
32.9667,DO,12.067,%
32.9667,feed_rate,21.693,mL/h
32.9667,pH,6.388,-
32.9667,temp,30.096,degC
32.9833,DO,12.3,%
32.9833,feed_rate,21.693,mL/h
32.9833,pH,6.373,-
32.9833,temp,30.031,degC
33.0,DO,12.508,%
33.0,feed_rate,21.693,mL/h
33.0,pH,6.352,-
33.0,temp,29.948,degC
33.0167,DO,13.105,%
33.0167,feed_rate,21.693,mL/h
33.0167,pH,6.347,-
33.0167,temp,29.982,degC
33.0333,DO,12.764,%
33.0333,feed_rate,21.693,mL/h
33.0333,pH,6.396,-
33.0333,temp,30.052,degC
33.05,DO,13.007,%
33.05,feed_rate,21.693,mL/h
33.05,pH,6.362,-
33.05,temp,30.067,degC
33.0667,DO,12.917,%
33.0667,feed_rate,21.693,mL/h
33.0667,pH,6.353,-
33.0667,temp,29.928,degC
33.0833,DO,13.058,%
33.0833,feed_rate,21.693,mL/h
33.0833,pH,6.369,-
33.0833,temp,30.058,degC
33.1,DO,12.908,%
33.1,feed_rate,21.693,mL/h
33.1,pH,6.373,-
33.1,temp,30.09,degC
33.1167,DO,12.849,%
33.1167,feed_rate,21.693,mL/h
33.1167,pH,6.383,-
33.1167,temp,30.08,degC
33.1333,DO,12.968,%
33.1333,feed_rate,21.693,mL/h
33.1333,pH,6.365,-
33.1333,temp,29.94,degC
33.15,DO,12.557,%
33.15,feed_rate,21.693,mL/h
33.15,pH,6.36,-
33.15,temp,30.007,degC
33.1667,DO,11.953,%
33.1667,feed_rate,21.693,mL/h
33.1667,pH,6.374,-
33.1667,temp,30.074,degC
33.1833,DO,12.1,%
33.1833,feed_rate,21.693,mL/h
33.1833,pH,6.359,-
33.1833,temp,30.045,degC
33.2,DO,12.086,%
33.2,feed_rate,21.693,mL/h
33.2,pH,6.371,-
33.2,temp,29.988,degC
33.2167,DO,12.236,%
33.2167,feed_rate,21.693,mL/h
33.2167,pH,6.369,-
33.2167,temp,29.959,degC
33.2333,DO,12.522,%
33.2333,feed_rate,21.693,mL/h
33.2333,pH,6.377,-
33.2333,temp,30.004,degC
33.25,DO,12.494,%
33.25,feed_rate,21.693,mL/h
33.25,pH,6.36,-
33.25,temp,30.034,degC
33.2667,DO,12.895,%
33.2667,feed_rate,21.693,mL/h
33.2667,pH,6.36,-
33.2667,temp,29.956,degC
33.2833,DO,12.846,%
33.2833,feed_rate,21.693,mL/h
33.2833,pH,6.37,-
33.2833,temp,29.998,degC
33.3,DO,12.853,%
33.3,feed_rate,21.693,mL/h
33.3,pH,6.371,-
33.3,temp,30.07,degC
33.3167,DO,13.076,%
33.3167,feed_rate,21.693,mL/h
33.3167,pH,6.352,-
33.3167,temp,30.073,degC
33.3333,DO,13.181,%
33.3333,feed_rate,21.693,mL/h
33.3333,pH,6.358,-
33.3333,temp,30.016,degC
33.35,DO,13.062,%
33.35,feed_rate,21.693,mL/h
33.35,pH,6.368,-
33.35,temp,30.075,degC
33.3667,DO,13.031,%
33.3667,feed_rate,21.693,mL/h
33.3667,pH,6.363,-
33.3667,temp,29.999,degC
33.3833,DO,12.742,%
33.3833,feed_rate,21.693,mL/h
33.3833,pH,6.389,-
33.3833,temp,29.974,degC
33.4,DO,12.553,%
33.4,feed_rate,21.693,mL/h
33.4,pH,6.373,-
33.4,temp,29.973,degC
33.4167,DO,12.618,%
33.4167,feed_rate,21.693,mL/h
33.4167,pH,6.379,-
33.4167,temp,29.952,degC
33.4333,DO,12.884,%
33.4333,feed_rate,21.693,mL/h
33.4333,pH,6.365,-
33.4333,temp,29.982,degC
33.45,DO,12.722,%
33.45,feed_rate,21.693,mL/h
33.45,pH,6.367,-
33.45,temp,29.988,degC
33.4667,DO,12.976,%
33.4667,feed_rate,21.693,mL/h
33.4667,pH,6.367,-
33.4667,temp,30.112,degC
33.4833,DO,13.51,%
33.4833,feed_rate,21.693,mL/h
33.4833,pH,6.377,-
33.4833,temp,30.055,degC
33.5,DO,14.0,%
33.5,feed_rate,21.693,mL/h
33.5,pH,6.362,-
33.5,temp,30.119,degC
33.5167,DO,13.755,%
33.5167,feed_rate,21.693,mL/h
33.5167,pH,6.382,-
33.5167,temp,29.955,degC
33.5333,DO,13.869,%
33.5333,feed_rate,21.693,mL/h
33.5333,pH,6.358,-
33.5333,temp,30.041,degC
33.55,DO,13.826,%
33.55,feed_rate,21.693,mL/h
33.55,pH,6.376,-
33.55,temp,29.982,degC
33.5667,DO,13.846,%
33.5667,feed_rate,21.693,mL/h
33.5667,pH,6.368,-
33.5667,temp,29.933,degC
33.5833,DO,13.877,%
33.5833,feed_rate,21.693,mL/h
33.5833,pH,6.362,-
33.5833,temp,30.034,degC
33.6,DO,13.808,%
33.6,feed_rate,21.693,mL/h
33.6,pH,6.381,-
33.6,temp,29.971,degC
33.6167,DO,13.845,%
33.6167,feed_rate,21.693,mL/h
33.6167,pH,6.375,-
33.6167,temp,30.043,degC
33.6333,DO,13.683,%
33.6333,feed_rate,21.693,mL/h
33.6333,pH,6.363,-
33.6333,temp,30.135,degC
33.65,DO,13.419,%
33.65,feed_rate,21.693,mL/h
33.65,pH,6.357,-
33.65,temp,30.009,degC
33.6667,DO,13.362,%
33.6667,feed_rate,21.693,mL/h
33.6667,pH,6.374,-
33.6667,temp,29.999,degC
33.6833,DO,13.389,%
33.6833,feed_rate,21.693,mL/h
33.6833,pH,6.357,-
33.6833,temp,29.969,degC
33.7,DO,13.63,%
33.7,feed_rate,21.693,mL/h
33.7,pH,6.371,-
33.7,temp,29.928,degC
33.7167,DO,13.567,%
33.7167,feed_rate,21.693,mL/h
33.7167,pH,6.356,-
33.7167,temp,29.992,degC
33.7333,DO,13.628,%
33.7333,feed_rate,21.693,mL/h
33.7333,pH,6.366,-
33.7333,temp,29.962,degC
33.75,DO,13.882,%
33.75,feed_rate,21.693,mL/h
33.75,pH,6.356,-
33.75,temp,30.012,degC
33.7667,DO,13.377,%
33.7667,feed_rate,21.693,mL/h
33.7667,pH,6.363,-
33.7667,temp,29.986,degC
33.7833,DO,13.174,%
33.7833,feed_rate,21.693,mL/h
33.7833,pH,6.381,-
33.7833,temp,30.019,degC
33.8,DO,13.253,%
33.8,feed_rate,21.693,mL/h
33.8,pH,6.382,-
33.8,temp,30.028,degC
33.8167,DO,13.161,%
33.8167,feed_rate,21.693,mL/h
33.8167,pH,6.36,-
33.8167,temp,30.063,degC
33.8333,DO,12.775,%
33.8333,feed_rate,21.693,mL/h
33.8333,pH,6.362,-
33.8333,temp,29.946,degC
33.85,DO,13.069,%
33.85,feed_rate,21.693,mL/h
33.85,pH,6.348,-
33.85,temp,29.963,degC
33.8667,DO,12.984,%
33.8667,feed_rate,21.693,mL/h
33.8667,pH,6.367,-
33.8667,temp,30.075,degC
33.8833,DO,12.637,%
33.8833,feed_rate,21.693,mL/h
33.8833,pH,6.376,-
33.8833,temp,30.048,degC
33.9,DO,13.23,%
33.9,feed_rate,21.693,mL/h
33.9,pH,6.356,-
33.9,temp,29.967,degC
33.9167,DO,12.748,%
33.9167,feed_rate,21.693,mL/h
33.9167,pH,6.355,-
33.9167,temp,30.13,degC
33.9333,DO,12.744,%
33.9333,feed_rate,21.693,mL/h
33.9333,pH,6.368,-
33.9333,temp,29.861,degC
33.95,DO,12.543,%
33.95,feed_rate,21.693,mL/h
33.95,pH,6.358,-
33.95,temp,29.982,degC
33.9667,DO,12.617,%
33.9667,feed_rate,21.693,mL/h
33.9667,pH,6.366,-
33.9667,temp,29.986,degC
33.9833,DO,12.812,%
33.9833,feed_rate,21.693,mL/h
33.9833,pH,6.38,-
33.9833,temp,30.026,degC
34.0,DO,12.553,%
34.0,feed_rate,21.693,mL/h
34.0,pH,6.369,-
34.0,temp,29.934,degC
34.0167,DO,12.56,%
34.0167,feed_rate,21.693,mL/h
34.0167,pH,6.371,-
34.0167,temp,30.002,degC
34.0333,DO,12.557,%
34.0333,feed_rate,21.693,mL/h
34.0333,pH,6.383,-
34.0333,temp,30.012,degC
34.05,DO,12.292,%
34.05,feed_rate,21.693,mL/h
34.05,pH,6.366,-
34.05,temp,30.06,degC
34.0667,DO,12.732,%
34.0667,feed_rate,21.693,mL/h
34.0667,pH,6.371,-
34.0667,temp,29.905,degC
34.0833,DO,12.785,%
34.0833,feed_rate,21.693,mL/h
34.0833,pH,6.364,-
34.0833,temp,29.967,degC
34.1,DO,12.689,%
34.1,feed_rate,21.693,mL/h
34.1,pH,6.356,-
34.1,temp,29.969,degC
34.1167,DO,12.498,%
34.1167,feed_rate,21.693,mL/h
34.1167,pH,6.38,-
34.1167,temp,30.05,degC
34.1333,DO,12.445,%
34.1333,feed_rate,21.693,mL/h
34.1333,pH,6.349,-
34.1333,temp,30.098,degC
34.15,DO,12.546,%
34.15,feed_rate,21.693,mL/h
34.15,pH,6.364,-
34.15,temp,30.086,degC
34.1667,DO,12.445,%
34.1667,feed_rate,21.693,mL/h
34.1667,pH,6.352,-
34.1667,temp,29.964,degC
34.1833,DO,12.878,%
34.1833,feed_rate,21.693,mL/h
34.1833,pH,6.355,-
34.1833,temp,30.011,degC
34.2,DO,12.084,%
34.2,feed_rate,21.693,mL/h
34.2,pH,6.35,-
34.2,temp,29.991,degC
34.2167,DO,11.569,%
34.2167,feed_rate,21.693,mL/h
34.2167,pH,6.36,-
34.2167,temp,29.998,degC
34.2333,DO,11.725,%
34.2333,feed_rate,21.693,mL/h
34.2333,pH,6.368,-
34.2333,temp,29.964,degC
34.25,DO,11.371,%
34.25,feed_rate,21.693,mL/h
34.25,pH,6.376,-
34.25,temp,30.009,degC
34.2667,DO,11.623,%
34.2667,feed_rate,21.693,mL/h
34.2667,pH,6.344,-
34.2667,temp,29.995,degC
34.2833,DO,11.646,%
34.2833,feed_rate,21.693,mL/h
34.2833,pH,6.365,-
34.2833,temp,30.028,degC
34.3,DO,12.037,%
34.3,feed_rate,21.693,mL/h
34.3,pH,6.359,-
34.3,temp,29.991,degC
34.3167,DO,12.3,%
34.3167,feed_rate,21.693,mL/h
34.3167,pH,6.356,-
34.3167,temp,30.128,degC
34.3333,DO,12.779,%
34.3333,feed_rate,21.693,mL/h
34.3333,pH,6.361,-
34.3333,temp,29.916,degC
34.35,DO,13.046,%
34.35,feed_rate,21.693,mL/h
34.35,pH,6.365,-
34.35,temp,29.97,degC
34.3667,DO,13.36,%
34.3667,feed_rate,21.693,mL/h
34.3667,pH,6.361,-
34.3667,temp,29.971,degC
34.3833,DO,13.393,%
34.3833,feed_rate,21.693,mL/h
34.3833,pH,6.362,-
34.3833,temp,30.009,degC
34.4,DO,13.581,%
34.4,feed_rate,21.693,mL/h
34.4,pH,6.384,-
34.4,temp,30.047,degC
34.4167,DO,13.562,%
34.4167,feed_rate,21.693,mL/h
34.4167,pH,6.363,-
34.4167,temp,29.997,degC
34.4333,DO,13.218,%
34.4333,feed_rate,21.693,mL/h
34.4333,pH,6.366,-
34.4333,temp,30.153,degC
34.45,DO,12.744,%
34.45,feed_rate,21.693,mL/h
34.45,pH,6.351,-
34.45,temp,30.019,degC
34.4667,DO,12.377,%
34.4667,feed_rate,21.693,mL/h
34.4667,pH,6.373,-
34.4667,temp,30.074,degC
34.4833,DO,12.593,%
34.4833,feed_rate,21.693,mL/h
34.4833,pH,6.357,-
34.4833,temp,29.998,degC
34.5,DO,11.903,%
34.5,feed_rate,21.693,mL/h
34.5,pH,6.361,-
34.5,temp,29.964,degC
34.5167,DO,12.121,%
34.5167,feed_rate,21.693,mL/h
34.5167,pH,6.354,-
34.5167,temp,30.126,degC
34.5333,DO,12.016,%
34.5333,feed_rate,21.693,mL/h
34.5333,pH,6.361,-
34.5333,temp,29.959,degC
34.55,DO,12.379,%
34.55,feed_rate,21.693,mL/h
34.55,pH,6.352,-
34.55,temp,29.925,degC
34.5667,DO,12.509,%
34.5667,feed_rate,21.693,mL/h
34.5667,pH,6.349,-
34.5667,temp,29.965,degC
34.5833,DO,12.327,%
34.5833,feed_rate,21.693,mL/h
34.5833,pH,6.348,-
34.5833,temp,30.011,degC
34.6,DO,12.411,%
34.6,feed_rate,21.693,mL/h
34.6,pH,6.358,-
34.6,temp,30.072,degC
34.6167,DO,11.791,%
34.6167,feed_rate,21.693,mL/h
34.6167,pH,6.362,-
34.6167,temp,29.988,degC
34.6333,DO,12.059,%
34.6333,feed_rate,21.693,mL/h
34.6333,pH,6.369,-
34.6333,temp,29.988,degC
34.65,DO,12.332,%
34.65,feed_rate,21.693,mL/h
34.65,pH,6.378,-
34.65,temp,30.015,degC
34.6667,DO,11.858,%
34.6667,feed_rate,21.693,mL/h
34.6667,pH,6.38,-
34.6667,temp,30.041,degC
34.6833,DO,12.29,%
34.6833,feed_rate,21.693,mL/h
34.6833,pH,6.355,-
34.6833,temp,29.96,degC
34.7,DO,12.341,%
34.7,feed_rate,21.693,mL/h
34.7,pH,6.354,-
34.7,temp,30.017,degC
34.7167,DO,12.47,%
34.7167,feed_rate,21.693,mL/h
34.7167,pH,6.369,-
34.7167,temp,29.973,degC
34.7333,DO,12.095,%
34.7333,feed_rate,21.693,mL/h
34.7333,pH,6.352,-
34.7333,temp,30.023,degC
34.75,DO,12.403,%
34.75,feed_rate,21.693,mL/h
34.75,pH,6.372,-
34.75,temp,30.027,degC
34.7667,DO,12.643,%
34.7667,feed_rate,21.693,mL/h
34.7667,pH,6.371,-
34.7667,temp,30.053,degC
34.7833,DO,12.656,%
34.7833,feed_rate,21.693,mL/h
34.7833,pH,6.351,-
34.7833,temp,30.093,degC
34.8,DO,12.375,%
34.8,feed_rate,21.693,mL/h
34.8,pH,6.369,-
34.8,temp,29.976,degC
34.8167,DO,12.675,%
34.8167,feed_rate,21.693,mL/h
34.8167,pH,6.375,-
34.8167,temp,29.957,degC
34.8333,DO,13.061,%
34.8333,feed_rate,21.693,mL/h
34.8333,pH,6.365,-
34.8333,temp,30.01,degC
34.85,DO,13.115,%
34.85,feed_rate,21.693,mL/h
34.85,pH,6.358,-
34.85,temp,30.006,degC
34.8667,DO,13.34,%
34.8667,feed_rate,21.693,mL/h
34.8667,pH,6.359,-
34.8667,temp,30.006,degC
34.8833,DO,13.044,%
34.8833,feed_rate,21.693,mL/h
34.8833,pH,6.366,-
34.8833,temp,30.046,degC
34.9,DO,13.03,%
34.9,feed_rate,21.693,mL/h
34.9,pH,6.353,-
34.9,temp,30.012,degC
34.9167,DO,13.085,%
34.9167,feed_rate,21.693,mL/h
34.9167,pH,6.364,-
34.9167,temp,30.048,degC
34.9333,DO,13.061,%
34.9333,feed_rate,21.693,mL/h
34.9333,pH,6.358,-
34.9333,temp,30.008,degC
34.95,DO,13.846,%
34.95,feed_rate,21.693,mL/h
34.95,pH,6.353,-
34.95,temp,30.0,degC
34.9667,DO,13.753,%
34.9667,feed_rate,21.693,mL/h
34.9667,pH,6.351,-
34.9667,temp,29.963,degC
34.9833,DO,13.386,%
34.9833,feed_rate,21.693,mL/h
34.9833,pH,6.366,-
34.9833,temp,30.039,degC
35.0,DO,13.509,%
35.0,feed_rate,21.693,mL/h
35.0,pH,6.351,-
35.0,temp,30.007,degC
35.0167,DO,13.034,%
35.0167,feed_rate,21.693,mL/h
35.0167,pH,6.363,-
35.0167,temp,30.066,degC
35.0333,DO,13.091,%
35.0333,feed_rate,21.693,mL/h
35.0333,pH,6.342,-
35.0333,temp,30.037,degC
35.05,DO,13.258,%
35.05,feed_rate,21.693,mL/h
35.05,pH,6.358,-
35.05,temp,29.979,degC
35.0667,DO,13.013,%
35.0667,feed_rate,21.693,mL/h
35.0667,pH,6.361,-
35.0667,temp,30.016,degC
35.0833,DO,12.869,%
35.0833,feed_rate,21.693,mL/h
35.0833,pH,6.364,-
35.0833,temp,30.0,degC
35.1,DO,12.569,%
35.1,feed_rate,21.693,mL/h
35.1,pH,6.369,-
35.1,temp,29.997,degC
35.1167,DO,12.651,%
35.1167,feed_rate,21.693,mL/h
35.1167,pH,6.365,-
35.1167,temp,29.936,degC
35.1333,DO,12.475,%
35.1333,feed_rate,21.693,mL/h
35.1333,pH,6.365,-
35.1333,temp,30.014,degC
35.15,DO,13.058,%
35.15,feed_rate,21.693,mL/h
35.15,pH,6.357,-
35.15,temp,30.008,degC
35.1667,DO,13.199,%
35.1667,feed_rate,21.693,mL/h
35.1667,pH,6.349,-
35.1667,temp,29.943,degC
35.1833,DO,13.05,%
35.1833,feed_rate,21.693,mL/h
35.1833,pH,6.348,-
35.1833,temp,30.018,degC
35.2,DO,12.574,%
35.2,feed_rate,21.693,mL/h
35.2,pH,6.352,-
35.2,temp,30.022,degC
35.2167,DO,13.229,%
35.2167,feed_rate,21.693,mL/h
35.2167,pH,6.362,-
35.2167,temp,29.947,degC
35.2333,DO,13.534,%
35.2333,feed_rate,21.693,mL/h
35.2333,pH,6.37,-
35.2333,temp,29.947,degC
35.25,DO,13.529,%
35.25,feed_rate,21.693,mL/h
35.25,pH,6.363,-
35.25,temp,30.016,degC
35.2667,DO,13.443,%
35.2667,feed_rate,21.693,mL/h
35.2667,pH,6.361,-
35.2667,temp,30.04,degC
35.2833,DO,13.367,%
35.2833,feed_rate,21.693,mL/h
35.2833,pH,6.367,-
35.2833,temp,30.017,degC
35.3,DO,13.114,%
35.3,feed_rate,21.693,mL/h
35.3,pH,6.356,-
35.3,temp,29.914,degC
35.3167,DO,13.617,%
35.3167,feed_rate,21.693,mL/h
35.3167,pH,6.361,-
35.3167,temp,29.948,degC
35.3333,DO,13.516,%
35.3333,feed_rate,21.693,mL/h
35.3333,pH,6.358,-
35.3333,temp,30.029,degC
35.35,DO,12.942,%
35.35,feed_rate,21.693,mL/h
35.35,pH,6.361,-
35.35,temp,29.952,degC
35.3667,DO,12.717,%
35.3667,feed_rate,21.693,mL/h
35.3667,pH,6.357,-
35.3667,temp,30.054,degC
35.3833,DO,11.96,%
35.3833,feed_rate,21.693,mL/h
35.3833,pH,6.346,-
35.3833,temp,30.057,degC
35.4,DO,12.327,%
35.4,feed_rate,21.693,mL/h
35.4,pH,6.355,-
35.4,temp,29.961,degC
35.4167,DO,12.652,%
35.4167,feed_rate,21.693,mL/h
35.4167,pH,6.351,-
35.4167,temp,30.014,degC
35.4333,DO,13.214,%
35.4333,feed_rate,21.693,mL/h
35.4333,pH,6.376,-
35.4333,temp,30.037,degC
35.45,DO,13.762,%
35.45,feed_rate,21.693,mL/h
35.45,pH,6.373,-
35.45,temp,30.025,degC
35.4667,DO,13.335,%
35.4667,feed_rate,21.693,mL/h
35.4667,pH,6.352,-
35.4667,temp,29.979,degC
35.4833,DO,13.364,%
35.4833,feed_rate,21.693,mL/h
35.4833,pH,6.35,-
35.4833,temp,29.992,degC
35.5,DO,13.551,%
35.5,feed_rate,21.693,mL/h
35.5,pH,6.359,-
35.5,temp,29.997,degC
35.5167,DO,13.639,%
35.5167,feed_rate,21.693,mL/h
35.5167,pH,6.343,-
35.5167,temp,30.08,degC
35.5333,DO,13.318,%
35.5333,feed_rate,21.693,mL/h
35.5333,pH,6.371,-
35.5333,temp,30.034,degC
35.55,DO,13.455,%
35.55,feed_rate,21.693,mL/h
35.55,pH,6.358,-
35.55,temp,30.059,degC
35.5667,DO,13.472,%
35.5667,feed_rate,21.693,mL/h
35.5667,pH,6.353,-
35.5667,temp,30.014,degC
35.5833,DO,13.746,%
35.5833,feed_rate,21.693,mL/h
35.5833,pH,6.368,-
35.5833,temp,30.029,degC
35.6,DO,13.546,%
35.6,feed_rate,21.693,mL/h
35.6,pH,6.371,-
35.6,temp,30.045,degC
35.6167,DO,13.324,%
35.6167,feed_rate,21.693,mL/h
35.6167,pH,6.359,-
35.6167,temp,29.993,degC
35.6333,DO,13.064,%
35.6333,feed_rate,21.693,mL/h
35.6333,pH,6.368,-
35.6333,temp,29.965,degC
35.65,DO,12.895,%
35.65,feed_rate,21.693,mL/h
35.65,pH,6.341,-
35.65,temp,30.021,degC
35.6667,DO,12.643,%
35.6667,feed_rate,21.693,mL/h
35.6667,pH,6.35,-
35.6667,temp,29.981,degC
35.6833,DO,12.569,%
35.6833,feed_rate,21.693,mL/h
35.6833,pH,6.349,-
35.6833,temp,29.974,degC
35.7,DO,12.762,%
35.7,feed_rate,21.693,mL/h
35.7,pH,6.341,-
35.7,temp,29.964,degC
35.7167,DO,12.903,%
35.7167,feed_rate,21.693,mL/h
35.7167,pH,6.366,-
35.7167,temp,29.933,degC
35.7333,DO,13.274,%
35.7333,feed_rate,21.693,mL/h
35.7333,pH,6.381,-
35.7333,temp,30.008,degC
35.75,DO,13.503,%
35.75,feed_rate,21.693,mL/h
35.75,pH,6.344,-
35.75,temp,29.955,degC
35.7667,DO,13.545,%
35.7667,feed_rate,21.693,mL/h
35.7667,pH,6.351,-
35.7667,temp,29.962,degC
35.7833,DO,13.044,%
35.7833,feed_rate,21.693,mL/h
35.7833,pH,6.368,-
35.7833,temp,29.986,degC
35.8,DO,13.16,%
35.8,feed_rate,21.693,mL/h
35.8,pH,6.354,-
35.8,temp,29.941,degC
35.8167,DO,13.431,%
35.8167,feed_rate,21.693,mL/h
35.8167,pH,6.357,-
35.8167,temp,30.027,degC
35.8333,DO,12.906,%
35.8333,feed_rate,21.693,mL/h
35.8333,pH,6.349,-
35.8333,temp,30.044,degC
35.85,DO,12.541,%
35.85,feed_rate,21.693,mL/h
35.85,pH,6.36,-
35.85,temp,29.946,degC
35.8667,DO,12.298,%
35.8667,feed_rate,21.693,mL/h
35.8667,pH,6.347,-
35.8667,temp,29.983,degC
35.8833,DO,12.077,%
35.8833,feed_rate,21.693,mL/h
35.8833,pH,6.364,-
35.8833,temp,29.99,degC
35.9,DO,12.124,%
35.9,feed_rate,21.693,mL/h
35.9,pH,6.362,-
35.9,temp,29.989,degC
35.9167,DO,11.968,%
35.9167,feed_rate,21.693,mL/h
35.9167,pH,6.36,-
35.9167,temp,30.005,degC
35.9333,DO,12.239,%
35.9333,feed_rate,21.693,mL/h
35.9333,pH,6.349,-
35.9333,temp,30.018,degC
35.95,DO,11.975,%
35.95,feed_rate,21.693,mL/h
35.95,pH,6.354,-
35.95,temp,29.969,degC
35.9667,DO,12.089,%
35.9667,feed_rate,21.693,mL/h
35.9667,pH,6.361,-
35.9667,temp,30.037,degC
35.9833,DO,12.068,%
35.9833,feed_rate,21.693,mL/h
35.9833,pH,6.347,-
35.9833,temp,29.906,degC
36.0,DO,11.91,%
36.0,feed_rate,21.693,mL/h
36.0,pH,6.346,-
36.0,temp,29.95,degC
36.0167,DO,12.385,%
36.0167,feed_rate,21.693,mL/h
36.0167,pH,6.333,-
36.0167,temp,30.046,degC
36.0333,DO,12.462,%
36.0333,feed_rate,21.693,mL/h
36.0333,pH,6.351,-
36.0333,temp,29.98,degC
36.05,DO,12.678,%
36.05,feed_rate,21.693,mL/h
36.05,pH,6.354,-
36.05,temp,30.018,degC
36.0667,DO,12.588,%
36.0667,feed_rate,21.693,mL/h
36.0667,pH,6.365,-
36.0667,temp,30.058,degC
36.0833,DO,12.827,%
36.0833,feed_rate,21.693,mL/h
36.0833,pH,6.344,-
36.0833,temp,30.085,degC
36.1,DO,12.991,%
36.1,feed_rate,21.693,mL/h
36.1,pH,6.341,-
36.1,temp,29.947,degC
36.1167,DO,12.893,%
36.1167,feed_rate,21.693,mL/h
36.1167,pH,6.367,-
36.1167,temp,29.964,degC
36.1333,DO,12.327,%
36.1333,feed_rate,21.693,mL/h
36.1333,pH,6.366,-
36.1333,temp,29.964,degC
36.15,DO,12.653,%
36.15,feed_rate,21.693,mL/h
36.15,pH,6.344,-
36.15,temp,29.966,degC
36.1667,DO,12.875,%
36.1667,feed_rate,21.693,mL/h
36.1667,pH,6.35,-
36.1667,temp,30.014,degC
36.1833,DO,12.9,%
36.1833,feed_rate,21.693,mL/h
36.1833,pH,6.337,-
36.1833,temp,29.906,degC
36.2,DO,12.938,%
36.2,feed_rate,21.693,mL/h
36.2,pH,6.354,-
36.2,temp,30.021,degC
36.2167,DO,12.933,%
36.2167,feed_rate,21.693,mL/h
36.2167,pH,6.368,-
36.2167,temp,29.998,degC
36.2333,DO,12.949,%
36.2333,feed_rate,21.693,mL/h
36.2333,pH,6.363,-
36.2333,temp,30.073,degC
36.25,DO,12.603,%
36.25,feed_rate,21.693,mL/h
36.25,pH,6.344,-
36.25,temp,29.925,degC
36.2667,DO,12.611,%
36.2667,feed_rate,21.693,mL/h
36.2667,pH,6.358,-
36.2667,temp,30.031,degC
36.2833,DO,12.729,%
36.2833,feed_rate,21.693,mL/h
36.2833,pH,6.348,-
36.2833,temp,29.981,degC
36.3,DO,12.545,%
36.3,feed_rate,21.693,mL/h
36.3,pH,6.358,-
36.3,temp,29.965,degC
36.3167,DO,12.29,%
36.3167,feed_rate,21.693,mL/h
36.3167,pH,6.349,-
36.3167,temp,30.042,degC
36.3333,DO,12.935,%
36.3333,feed_rate,21.693,mL/h
36.3333,pH,6.361,-
36.3333,temp,30.043,degC
36.35,DO,13.075,%
36.35,feed_rate,21.693,mL/h
36.35,pH,6.367,-
36.35,temp,29.933,degC
36.3667,DO,12.913,%
36.3667,feed_rate,21.693,mL/h
36.3667,pH,6.358,-
36.3667,temp,30.041,degC
36.3833,DO,12.728,%
36.3833,feed_rate,21.693,mL/h
36.3833,pH,6.358,-
36.3833,temp,29.987,degC
36.4,DO,11.935,%
36.4,feed_rate,21.693,mL/h
36.4,pH,6.358,-
36.4,temp,29.981,degC
36.4167,DO,11.665,%
36.4167,feed_rate,21.693,mL/h
36.4167,pH,6.363,-
36.4167,temp,29.976,degC
36.4333,DO,11.802,%
36.4333,feed_rate,21.693,mL/h
36.4333,pH,6.35,-
36.4333,temp,29.996,degC
36.45,DO,12.373,%
36.45,feed_rate,21.693,mL/h
36.45,pH,6.353,-
36.45,temp,29.97,degC
36.4667,DO,11.826,%
36.4667,feed_rate,21.693,mL/h
36.4667,pH,6.353,-
36.4667,temp,30.005,degC
36.4833,DO,11.796,%
36.4833,feed_rate,21.693,mL/h
36.4833,pH,6.367,-
36.4833,temp,29.88,degC
36.5,DO,12.556,%
36.5,feed_rate,21.693,mL/h
36.5,pH,6.356,-
36.5,temp,30.045,degC
36.5167,DO,12.791,%
36.5167,feed_rate,21.693,mL/h
36.5167,pH,6.36,-
36.5167,temp,30.014,degC
36.5333,DO,12.902,%
36.5333,feed_rate,21.693,mL/h
36.5333,pH,6.35,-
36.5333,temp,29.972,degC
36.55,DO,13.226,%
36.55,feed_rate,21.693,mL/h
36.55,pH,6.34,-
36.55,temp,30.018,degC
36.5667,DO,13.09,%
36.5667,feed_rate,21.693,mL/h
36.5667,pH,6.351,-
36.5667,temp,29.989,degC
36.5833,DO,12.964,%
36.5833,feed_rate,21.693,mL/h
36.5833,pH,6.358,-
36.5833,temp,30.029,degC
36.6,DO,12.19,%
36.6,feed_rate,24.045,mL/h
36.6,pH,6.351,-
36.6,temp,30.051,degC
36.6167,DO,11.612,%
36.6167,feed_rate,24.045,mL/h
36.6167,pH,6.348,-
36.6167,temp,30.022,degC
36.6333,DO,10.574,%
36.6333,feed_rate,24.045,mL/h
36.6333,pH,6.35,-
36.6333,temp,29.85,degC
36.65,DO,10.523,%
36.65,feed_rate,24.045,mL/h
36.65,pH,6.359,-
36.65,temp,30.064,degC
36.6667,DO,9.5,%
36.6667,feed_rate,24.045,mL/h
36.6667,pH,6.358,-
36.6667,temp,30.003,degC
36.6833,DO,8.996,%
36.6833,feed_rate,24.045,mL/h
36.6833,pH,6.353,-
36.6833,temp,30.033,degC
36.7,DO,9.724,%
36.7,feed_rate,24.045,mL/h
36.7,pH,6.344,-
36.7,temp,29.96,degC
36.7167,DO,9.231,%
36.7167,feed_rate,24.045,mL/h
36.7167,pH,6.347,-
36.7167,temp,29.991,degC
36.7333,DO,9.186,%
36.7333,feed_rate,24.045,mL/h
36.7333,pH,6.389,-
36.7333,temp,29.988,degC
36.75,DO,8.654,%
36.75,feed_rate,24.045,mL/h
36.75,pH,6.351,-
36.75,temp,30.027,degC
36.7667,DO,8.432,%
36.7667,feed_rate,24.045,mL/h
36.7667,pH,6.359,-
36.7667,temp,30.035,degC
36.7833,DO,8.134,%
36.7833,feed_rate,24.045,mL/h
36.7833,pH,6.356,-
36.7833,temp,30.017,degC
36.8,DO,7.993,%
36.8,feed_rate,24.045,mL/h
36.8,pH,6.339,-
36.8,temp,30.012,degC
36.8167,DO,8.197,%
36.8167,feed_rate,24.045,mL/h
36.8167,pH,6.366,-
36.8167,temp,30.042,degC
36.8333,DO,8.687,%
36.8333,feed_rate,24.045,mL/h
36.8333,pH,6.354,-
36.8333,temp,30.054,degC
36.85,DO,8.817,%
36.85,feed_rate,24.045,mL/h
36.85,pH,6.344,-
36.85,temp,30.032,degC
36.8667,DO,9.126,%
36.8667,feed_rate,24.045,mL/h
36.8667,pH,6.36,-
36.8667,temp,29.982,degC
36.8833,DO,8.754,%
36.8833,feed_rate,24.045,mL/h
36.8833,pH,6.347,-
36.8833,temp,30.04,degC
36.9,DO,9.049,%
36.9,feed_rate,24.045,mL/h
36.9,pH,6.356,-
36.9,temp,29.969,degC
36.9167,DO,9.014,%
36.9167,feed_rate,24.045,mL/h
36.9167,pH,6.339,-
36.9167,temp,30.011,degC
36.9333,DO,9.228,%
36.9333,feed_rate,24.045,mL/h
36.9333,pH,6.351,-
36.9333,temp,30.07,degC
36.95,DO,8.862,%
36.95,feed_rate,24.045,mL/h
36.95,pH,6.359,-
36.95,temp,29.927,degC
36.9667,DO,8.625,%
36.9667,feed_rate,24.045,mL/h
36.9667,pH,6.347,-
36.9667,temp,29.942,degC
36.9833,DO,8.915,%
36.9833,feed_rate,24.045,mL/h
36.9833,pH,6.338,-
36.9833,temp,29.889,degC
37.0,DO,8.919,%
37.0,feed_rate,24.045,mL/h
37.0,pH,6.344,-
37.0,temp,30.09,degC
37.0167,DO,8.771,%
37.0167,feed_rate,24.045,mL/h
37.0167,pH,6.359,-
37.0167,temp,30.005,degC
37.0333,DO,8.415,%
37.0333,feed_rate,24.045,mL/h
37.0333,pH,6.336,-
37.0333,temp,30.019,degC
37.05,DO,8.305,%
37.05,feed_rate,24.045,mL/h
37.05,pH,6.338,-
37.05,temp,30.009,degC
37.0667,DO,8.392,%
37.0667,feed_rate,24.045,mL/h
37.0667,pH,6.359,-
37.0667,temp,29.99,degC
37.0833,DO,8.533,%
37.0833,feed_rate,24.045,mL/h
37.0833,pH,6.353,-
37.0833,temp,29.953,degC
37.1,DO,8.261,%
37.1,feed_rate,24.045,mL/h
37.1,pH,6.351,-
37.1,temp,30.007,degC
37.1167,DO,8.107,%
37.1167,feed_rate,24.045,mL/h
37.1167,pH,6.347,-
37.1167,temp,29.949,degC
37.1333,DO,8.215,%
37.1333,feed_rate,24.045,mL/h
37.1333,pH,6.355,-
37.1333,temp,30.026,degC
37.15,DO,7.839,%
37.15,feed_rate,24.045,mL/h
37.15,pH,6.359,-
37.15,temp,30.073,degC
37.1667,DO,8.151,%
37.1667,feed_rate,24.045,mL/h
37.1667,pH,6.356,-
37.1667,temp,30.107,degC
37.1833,DO,8.116,%
37.1833,feed_rate,24.045,mL/h
37.1833,pH,6.334,-
37.1833,temp,29.951,degC
37.2,DO,8.048,%
37.2,feed_rate,24.045,mL/h
37.2,pH,6.357,-
37.2,temp,29.976,degC
37.2167,DO,7.308,%
37.2167,feed_rate,24.045,mL/h
37.2167,pH,6.335,-
37.2167,temp,29.951,degC
37.2333,DO,6.961,%
37.2333,feed_rate,24.045,mL/h
37.2333,pH,6.368,-
37.2333,temp,29.912,degC
37.25,DO,6.848,%
37.25,feed_rate,24.045,mL/h
37.25,pH,6.347,-
37.25,temp,29.937,degC
37.2667,DO,6.893,%
37.2667,feed_rate,24.045,mL/h
37.2667,pH,6.357,-
37.2667,temp,29.987,degC
37.2833,DO,6.773,%
37.2833,feed_rate,24.045,mL/h
37.2833,pH,6.354,-
37.2833,temp,30.042,degC
37.3,DO,7.118,%
37.3,feed_rate,24.045,mL/h
37.3,pH,6.344,-
37.3,temp,30.054,degC
37.3167,DO,7.321,%
37.3167,feed_rate,24.045,mL/h
37.3167,pH,6.362,-
37.3167,temp,29.95,degC
37.3333,DO,7.363,%
37.3333,feed_rate,24.045,mL/h
37.3333,pH,6.353,-
37.3333,temp,30.027,degC
37.35,DO,6.866,%
37.35,feed_rate,24.045,mL/h
37.35,pH,6.372,-
37.35,temp,29.984,degC
37.3667,DO,7.498,%
37.3667,feed_rate,24.045,mL/h
37.3667,pH,6.357,-
37.3667,temp,30.006,degC
37.3833,DO,7.5,%
37.3833,feed_rate,24.045,mL/h
37.3833,pH,6.354,-
37.3833,temp,30.045,degC
37.4,DO,7.763,%
37.4,feed_rate,24.045,mL/h
37.4,pH,6.375,-
37.4,temp,30.043,degC
37.4167,DO,7.595,%
37.4167,feed_rate,24.045,mL/h
37.4167,pH,6.364,-
37.4167,temp,30.041,degC
37.4333,DO,7.661,%
37.4333,feed_rate,24.045,mL/h
37.4333,pH,6.351,-
37.4333,temp,30.011,degC
37.45,DO,7.923,%
37.45,feed_rate,24.045,mL/h
37.45,pH,6.343,-
37.45,temp,30.01,degC
37.4667,DO,7.994,%
37.4667,feed_rate,24.045,mL/h
37.4667,pH,6.369,-
37.4667,temp,30.009,degC
37.4833,DO,8.268,%
37.4833,feed_rate,24.045,mL/h
37.4833,pH,6.363,-
37.4833,temp,30.026,degC
37.5,DO,8.145,%
37.5,feed_rate,24.045,mL/h
37.5,pH,6.362,-
37.5,temp,29.992,degC
37.5167,DO,8.698,%
37.5167,feed_rate,24.045,mL/h
37.5167,pH,6.347,-
37.5167,temp,30.019,degC
37.5333,DO,7.975,%
37.5333,feed_rate,24.045,mL/h
37.5333,pH,6.344,-
37.5333,temp,30.004,degC
37.55,DO,7.798,%
37.55,feed_rate,24.045,mL/h
37.55,pH,6.341,-
37.55,temp,30.064,degC
37.5667,DO,8.117,%
37.5667,feed_rate,24.045,mL/h
37.5667,pH,6.361,-
37.5667,temp,29.95,degC
37.5833,DO,8.002,%
37.5833,feed_rate,24.045,mL/h
37.5833,pH,6.349,-
37.5833,temp,29.978,degC
37.6,DO,7.852,%
37.6,feed_rate,24.045,mL/h
37.6,pH,6.357,-
37.6,temp,30.001,degC
37.6167,DO,7.332,%
37.6167,feed_rate,24.045,mL/h
37.6167,pH,6.328,-
37.6167,temp,29.993,degC
37.6333,DO,7.809,%
37.6333,feed_rate,24.045,mL/h
37.6333,pH,6.36,-
37.6333,temp,29.888,degC
37.65,DO,7.26,%
37.65,feed_rate,24.045,mL/h
37.65,pH,6.343,-
37.65,temp,30.05,degC
37.6667,DO,7.543,%
37.6667,feed_rate,24.045,mL/h
37.6667,pH,6.323,-
37.6667,temp,30.069,degC
37.6833,DO,7.675,%
37.6833,feed_rate,24.045,mL/h
37.6833,pH,6.337,-
37.6833,temp,29.916,degC
37.7,DO,7.985,%
37.7,feed_rate,24.045,mL/h
37.7,pH,6.354,-
37.7,temp,29.931,degC
37.7167,DO,8.407,%
37.7167,feed_rate,24.045,mL/h
37.7167,pH,6.364,-
37.7167,temp,30.061,degC
37.7333,DO,8.096,%
37.7333,feed_rate,24.045,mL/h
37.7333,pH,6.322,-
37.7333,temp,29.924,degC
37.75,DO,7.815,%
37.75,feed_rate,24.045,mL/h
37.75,pH,6.336,-
37.75,temp,30.003,degC
37.7667,DO,7.738,%
37.7667,feed_rate,24.045,mL/h
37.7667,pH,6.35,-
37.7667,temp,29.992,degC
37.7833,DO,7.255,%
37.7833,feed_rate,24.045,mL/h
37.7833,pH,6.333,-
37.7833,temp,29.977,degC
37.8,DO,7.63,%
37.8,feed_rate,24.045,mL/h
37.8,pH,6.344,-
37.8,temp,30.014,degC
37.8167,DO,7.564,%
37.8167,feed_rate,24.045,mL/h
37.8167,pH,6.338,-
37.8167,temp,29.944,degC
37.8333,DO,7.678,%
37.8333,feed_rate,24.045,mL/h
37.8333,pH,6.349,-
37.8333,temp,29.918,degC
37.85,DO,7.382,%
37.85,feed_rate,24.045,mL/h
37.85,pH,6.334,-
37.85,temp,29.968,degC
37.8667,DO,7.487,%
37.8667,feed_rate,24.045,mL/h
37.8667,pH,6.345,-
37.8667,temp,29.987,degC
37.8833,DO,7.38,%
37.8833,feed_rate,24.045,mL/h
37.8833,pH,6.34,-
37.8833,temp,30.007,degC
37.9,DO,7.458,%
37.9,feed_rate,24.045,mL/h
37.9,pH,6.349,-
37.9,temp,30.036,degC
37.9167,DO,7.215,%
37.9167,feed_rate,24.045,mL/h
37.9167,pH,6.347,-
37.9167,temp,30.069,degC
37.9333,DO,7.655,%
37.9333,feed_rate,24.045,mL/h
37.9333,pH,6.358,-
37.9333,temp,30.022,degC
37.95,DO,7.505,%
37.95,feed_rate,24.045,mL/h
37.95,pH,6.35,-
37.95,temp,29.993,degC
37.9667,DO,6.812,%
37.9667,feed_rate,24.045,mL/h
37.9667,pH,6.365,-
37.9667,temp,30.02,degC
37.9833,DO,7.218,%
37.9833,feed_rate,24.045,mL/h
37.9833,pH,6.332,-
37.9833,temp,29.938,degC
38.0,DO,7.259,%
38.0,feed_rate,24.045,mL/h
38.0,pH,6.345,-
38.0,temp,29.961,degC
38.0167,DO,7.116,%
38.0167,feed_rate,24.045,mL/h
38.0167,pH,6.355,-
38.0167,temp,29.959,degC
38.0333,DO,8.018,%
38.0333,feed_rate,24.045,mL/h
38.0333,pH,6.349,-
38.0333,temp,29.92,degC
38.05,DO,7.972,%
38.05,feed_rate,24.045,mL/h
38.05,pH,6.321,-
38.05,temp,30.034,degC
38.0667,DO,7.549,%
38.0667,feed_rate,24.045,mL/h
38.0667,pH,6.351,-
38.0667,temp,29.945,degC
38.0833,DO,7.427,%
38.0833,feed_rate,24.045,mL/h
38.0833,pH,6.343,-
38.0833,temp,29.926,degC
38.1,DO,7.628,%
38.1,feed_rate,24.045,mL/h
38.1,pH,6.372,-
38.1,temp,29.947,degC
38.1167,DO,7.607,%
38.1167,feed_rate,24.045,mL/h
38.1167,pH,6.346,-
38.1167,temp,30.068,degC
38.1333,DO,8.03,%
38.1333,feed_rate,24.045,mL/h
38.1333,pH,6.354,-
38.1333,temp,30.057,degC
38.15,DO,8.316,%
38.15,feed_rate,24.045,mL/h
38.15,pH,6.338,-
38.15,temp,30.008,degC
38.1667,DO,7.987,%
38.1667,feed_rate,24.045,mL/h
38.1667,pH,6.354,-
38.1667,temp,30.028,degC
38.1833,DO,7.973,%
38.1833,feed_rate,24.045,mL/h
38.1833,pH,6.319,-
38.1833,temp,29.906,degC
38.2,DO,8.143,%
38.2,feed_rate,24.045,mL/h
38.2,pH,6.337,-
38.2,temp,29.951,degC
38.2167,DO,7.963,%
38.2167,feed_rate,24.045,mL/h
38.2167,pH,6.343,-
38.2167,temp,30.009,degC
38.2333,DO,7.803,%
38.2333,feed_rate,24.045,mL/h
38.2333,pH,6.331,-
38.2333,temp,29.944,degC
38.25,DO,8.079,%
38.25,feed_rate,24.045,mL/h
38.25,pH,6.357,-
38.25,temp,29.925,degC
38.2667,DO,8.17,%
38.2667,feed_rate,24.045,mL/h
38.2667,pH,6.347,-
38.2667,temp,29.958,degC
38.2833,DO,7.688,%
38.2833,feed_rate,24.045,mL/h
38.2833,pH,6.363,-
38.2833,temp,30.032,degC
38.3,DO,7.557,%
38.3,feed_rate,24.045,mL/h
38.3,pH,6.333,-
38.3,temp,30.066,degC
38.3167,DO,7.494,%
38.3167,feed_rate,24.045,mL/h
38.3167,pH,6.338,-
38.3167,temp,29.944,degC
38.3333,DO,7.532,%
38.3333,feed_rate,24.045,mL/h
38.3333,pH,6.353,-
38.3333,temp,30.061,degC
38.35,DO,7.382,%
38.35,feed_rate,24.045,mL/h
38.35,pH,6.341,-
38.35,temp,29.933,degC
38.3667,DO,7.881,%
38.3667,feed_rate,24.045,mL/h
38.3667,pH,6.355,-
38.3667,temp,30.0,degC
38.3833,DO,7.586,%
38.3833,feed_rate,24.045,mL/h
38.3833,pH,6.353,-
38.3833,temp,29.992,degC
38.4,DO,7.315,%
38.4,feed_rate,24.045,mL/h
38.4,pH,6.339,-
38.4,temp,29.976,degC
38.4167,DO,7.487,%
38.4167,feed_rate,24.045,mL/h
38.4167,pH,6.348,-
38.4167,temp,30.077,degC
38.4333,DO,6.886,%
38.4333,feed_rate,24.045,mL/h
38.4333,pH,6.352,-
38.4333,temp,30.033,degC
38.45,DO,6.772,%
38.45,feed_rate,24.045,mL/h
38.45,pH,6.349,-
38.45,temp,29.997,degC
38.4667,DO,7.177,%
38.4667,feed_rate,24.045,mL/h
38.4667,pH,6.344,-
38.4667,temp,30.046,degC
38.4833,DO,6.917,%
38.4833,feed_rate,24.045,mL/h
38.4833,pH,6.341,-
38.4833,temp,29.962,degC
38.5,DO,6.853,%
38.5,feed_rate,24.045,mL/h
38.5,pH,6.344,-
38.5,temp,30.016,degC
38.5167,DO,7.381,%
38.5167,feed_rate,24.045,mL/h
38.5167,pH,6.356,-
38.5167,temp,30.066,degC
38.5333,DO,7.614,%
38.5333,feed_rate,24.045,mL/h
38.5333,pH,6.367,-
38.5333,temp,30.016,degC
38.55,DO,7.682,%
38.55,feed_rate,24.045,mL/h
38.55,pH,6.332,-
38.55,temp,30.091,degC
38.5667,DO,7.792,%
38.5667,feed_rate,24.045,mL/h
38.5667,pH,6.336,-
38.5667,temp,29.943,degC
38.5833,DO,7.604,%
38.5833,feed_rate,24.045,mL/h
38.5833,pH,6.344,-
38.5833,temp,29.936,degC
38.6,DO,7.75,%
38.6,feed_rate,24.045,mL/h
38.6,pH,6.36,-
38.6,temp,29.982,degC
38.6167,DO,7.713,%
38.6167,feed_rate,24.045,mL/h
38.6167,pH,6.337,-
38.6167,temp,29.986,degC
38.6333,DO,8.495,%
38.6333,feed_rate,24.045,mL/h
38.6333,pH,6.369,-
38.6333,temp,29.971,degC
38.65,DO,8.533,%
38.65,feed_rate,24.045,mL/h
38.65,pH,6.368,-
38.65,temp,30.066,degC
38.6667,DO,8.3,%
38.6667,feed_rate,24.045,mL/h
38.6667,pH,6.322,-
38.6667,temp,30.014,degC
38.6833,DO,8.2,%
38.6833,feed_rate,24.045,mL/h
38.6833,pH,6.352,-
38.6833,temp,29.948,degC
38.7,DO,8.152,%
38.7,feed_rate,24.045,mL/h
38.7,pH,6.351,-
38.7,temp,29.963,degC
38.7167,DO,7.683,%
38.7167,feed_rate,24.045,mL/h
38.7167,pH,6.341,-
38.7167,temp,30.018,degC
38.7333,DO,7.475,%
38.7333,feed_rate,24.045,mL/h
38.7333,pH,6.327,-
38.7333,temp,29.936,degC
38.75,DO,8.015,%
38.75,feed_rate,24.045,mL/h
38.75,pH,6.348,-
38.75,temp,30.015,degC
38.7667,DO,7.567,%
38.7667,feed_rate,24.045,mL/h
38.7667,pH,6.341,-
38.7667,temp,29.946,degC
38.7833,DO,7.456,%
38.7833,feed_rate,24.045,mL/h
38.7833,pH,6.357,-
38.7833,temp,29.994,degC
38.8,DO,7.849,%
38.8,feed_rate,24.045,mL/h
38.8,pH,6.351,-
38.8,temp,30.008,degC
38.8167,DO,8.309,%
38.8167,feed_rate,24.045,mL/h
38.8167,pH,6.336,-
38.8167,temp,29.925,degC
38.8333,DO,7.918,%
38.8333,feed_rate,24.045,mL/h
38.8333,pH,6.365,-
38.8333,temp,29.974,degC
38.85,DO,8.35,%
38.85,feed_rate,24.045,mL/h
38.85,pH,6.364,-
38.85,temp,29.977,degC
38.8667,DO,8.149,%
38.8667,feed_rate,24.045,mL/h
38.8667,pH,6.36,-
38.8667,temp,30.002,degC
38.8833,DO,8.595,%
38.8833,feed_rate,24.045,mL/h
38.8833,pH,6.346,-
38.8833,temp,30.032,degC
38.9,DO,8.604,%
38.9,feed_rate,24.045,mL/h
38.9,pH,6.354,-
38.9,temp,29.992,degC
38.9167,DO,8.377,%
38.9167,feed_rate,24.045,mL/h
38.9167,pH,6.346,-
38.9167,temp,29.929,degC
38.9333,DO,8.5,%
38.9333,feed_rate,24.045,mL/h
38.9333,pH,6.339,-
38.9333,temp,29.975,degC
38.95,DO,8.547,%
38.95,feed_rate,24.045,mL/h
38.95,pH,6.326,-
38.95,temp,29.952,degC
38.9667,DO,8.185,%
38.9667,feed_rate,24.045,mL/h
38.9667,pH,6.348,-
38.9667,temp,29.985,degC
38.9833,DO,8.772,%
38.9833,feed_rate,24.045,mL/h
38.9833,pH,6.325,-
38.9833,temp,30.043,degC
39.0,DO,8.364,%
39.0,feed_rate,24.371,mL/h
39.0,pH,6.352,-
39.0,temp,30.04,degC
39.0167,DO,8.486,%
39.0167,feed_rate,24.371,mL/h
39.0167,pH,6.331,-
39.0167,temp,30.052,degC
39.0333,DO,8.093,%
39.0333,feed_rate,24.371,mL/h
39.0333,pH,6.347,-
39.0333,temp,29.956,degC
39.05,DO,7.376,%
39.05,feed_rate,24.371,mL/h
39.05,pH,6.342,-
39.05,temp,29.913,degC
39.0667,DO,7.013,%
39.0667,feed_rate,24.371,mL/h
39.0667,pH,6.333,-
39.0667,temp,29.949,degC
39.0833,DO,7.03,%
39.0833,feed_rate,24.371,mL/h
39.0833,pH,6.334,-
39.0833,temp,29.995,degC
39.1,DO,7.279,%
39.1,feed_rate,24.371,mL/h
39.1,pH,6.338,-
39.1,temp,29.967,degC
39.1167,DO,7.801,%
39.1167,feed_rate,24.371,mL/h
39.1167,pH,6.359,-
39.1167,temp,29.937,degC
39.1333,DO,7.715,%
39.1333,feed_rate,24.371,mL/h
39.1333,pH,6.348,-
39.1333,temp,29.992,degC
39.15,DO,7.537,%
39.15,feed_rate,24.371,mL/h
39.15,pH,6.341,-
39.15,temp,30.056,degC
39.1667,DO,7.11,%
39.1667,feed_rate,24.371,mL/h
39.1667,pH,6.352,-
39.1667,temp,29.981,degC
39.1833,DO,7.124,%
39.1833,feed_rate,24.371,mL/h
39.1833,pH,6.332,-
39.1833,temp,30.016,degC
39.2,DO,7.239,%
39.2,feed_rate,24.371,mL/h
39.2,pH,6.328,-
39.2,temp,30.097,degC
39.2167,DO,6.577,%
39.2167,feed_rate,24.371,mL/h
39.2167,pH,6.335,-
39.2167,temp,29.969,degC
39.2333,DO,7.102,%
39.2333,feed_rate,24.371,mL/h
39.2333,pH,6.354,-
39.2333,temp,30.036,degC
39.25,DO,7.473,%
39.25,feed_rate,24.371,mL/h
39.25,pH,6.34,-
39.25,temp,29.925,degC
39.2667,DO,8.111,%
39.2667,feed_rate,24.371,mL/h
39.2667,pH,6.344,-
39.2667,temp,29.956,degC
39.2833,DO,7.665,%
39.2833,feed_rate,24.371,mL/h
39.2833,pH,6.344,-
39.2833,temp,29.989,degC
39.3,DO,7.593,%
39.3,feed_rate,24.371,mL/h
39.3,pH,6.339,-
39.3,temp,30.051,degC
39.3167,DO,7.528,%
39.3167,feed_rate,24.371,mL/h
39.3167,pH,6.356,-
39.3167,temp,30.004,degC
39.3333,DO,7.073,%
39.3333,feed_rate,24.371,mL/h
39.3333,pH,6.35,-
39.3333,temp,29.974,degC
39.35,DO,6.852,%
39.35,feed_rate,24.371,mL/h
39.35,pH,6.334,-
39.35,temp,30.029,degC
39.3667,DO,6.634,%
39.3667,feed_rate,24.371,mL/h
39.3667,pH,6.332,-
39.3667,temp,30.072,degC
39.3833,DO,6.91,%
39.3833,feed_rate,24.371,mL/h
39.3833,pH,6.342,-
39.3833,temp,30.07,degC
39.4,DO,7.106,%
39.4,feed_rate,24.371,mL/h
39.4,pH,6.333,-
39.4,temp,29.956,degC
39.4167,DO,7.538,%
39.4167,feed_rate,24.371,mL/h
39.4167,pH,6.342,-
39.4167,temp,30.029,degC
39.4333,DO,7.357,%
39.4333,feed_rate,24.371,mL/h
39.4333,pH,6.35,-
39.4333,temp,29.971,degC
39.45,DO,6.914,%
39.45,feed_rate,24.371,mL/h
39.45,pH,6.343,-
39.45,temp,30.033,degC
39.4667,DO,7.11,%
39.4667,feed_rate,24.371,mL/h
39.4667,pH,6.344,-
39.4667,temp,30.052,degC
39.4833,DO,7.247,%
39.4833,feed_rate,24.371,mL/h
39.4833,pH,6.337,-
39.4833,temp,29.944,degC
39.5,DO,7.445,%
39.5,feed_rate,24.371,mL/h
39.5,pH,6.334,-
39.5,temp,30.104,degC
39.5167,DO,7.778,%
39.5167,feed_rate,24.371,mL/h
39.5167,pH,6.332,-
39.5167,temp,29.905,degC
39.5333,DO,7.494,%
39.5333,feed_rate,24.371,mL/h
39.5333,pH,6.355,-
39.5333,temp,30.007,degC
39.55,DO,7.682,%
39.55,feed_rate,24.371,mL/h
39.55,pH,6.334,-
39.55,temp,29.913,degC
39.5667,DO,7.291,%
39.5667,feed_rate,24.371,mL/h
39.5667,pH,6.343,-
39.5667,temp,29.974,degC
39.5833,DO,7.327,%
39.5833,feed_rate,24.371,mL/h
39.5833,pH,6.343,-
39.5833,temp,30.075,degC
39.6,DO,7.516,%
39.6,feed_rate,24.371,mL/h
39.6,pH,6.346,-
39.6,temp,30.063,degC
39.6167,DO,7.425,%
39.6167,feed_rate,24.371,mL/h
39.6167,pH,6.338,-
39.6167,temp,30.093,degC
39.6333,DO,7.452,%
39.6333,feed_rate,24.371,mL/h
39.6333,pH,6.325,-
39.6333,temp,29.983,degC
39.65,DO,6.99,%
39.65,feed_rate,24.371,mL/h
39.65,pH,6.363,-
39.65,temp,29.951,degC
39.6667,DO,6.844,%
39.6667,feed_rate,24.371,mL/h
39.6667,pH,6.33,-
39.6667,temp,29.951,degC
39.6833,DO,6.967,%
39.6833,feed_rate,24.371,mL/h
39.6833,pH,6.347,-
39.6833,temp,30.143,degC
39.7,DO,6.659,%
39.7,feed_rate,24.371,mL/h
39.7,pH,6.33,-
39.7,temp,30.049,degC
39.7167,DO,6.517,%
39.7167,feed_rate,24.371,mL/h
39.7167,pH,6.348,-
39.7167,temp,29.952,degC
39.7333,DO,7.391,%
39.7333,feed_rate,24.371,mL/h
39.7333,pH,6.33,-
39.7333,temp,30.0,degC
39.75,DO,7.436,%
39.75,feed_rate,24.371,mL/h
39.75,pH,6.358,-
39.75,temp,29.995,degC
39.7667,DO,7.147,%
39.7667,feed_rate,24.371,mL/h
39.7667,pH,6.346,-
39.7667,temp,30.046,degC
39.7833,DO,6.852,%
39.7833,feed_rate,24.371,mL/h
39.7833,pH,6.325,-
39.7833,temp,29.97,degC
39.8,DO,7.34,%
39.8,feed_rate,24.371,mL/h
39.8,pH,6.358,-
39.8,temp,29.912,degC
39.8167,DO,6.473,%
39.8167,feed_rate,24.371,mL/h
39.8167,pH,6.321,-
39.8167,temp,29.961,degC
39.8333,DO,6.509,%
39.8333,feed_rate,24.371,mL/h
39.8333,pH,6.337,-
39.8333,temp,30.026,degC
39.85,DO,6.824,%
39.85,feed_rate,24.371,mL/h
39.85,pH,6.352,-
39.85,temp,30.003,degC
39.8667,DO,6.716,%
39.8667,feed_rate,24.371,mL/h
39.8667,pH,6.337,-
39.8667,temp,29.971,degC
39.8833,DO,6.953,%
39.8833,feed_rate,24.371,mL/h
39.8833,pH,6.354,-
39.8833,temp,29.936,degC
39.9,DO,6.67,%
39.9,feed_rate,24.371,mL/h
39.9,pH,6.341,-
39.9,temp,30.059,degC
39.9167,DO,6.752,%
39.9167,feed_rate,24.371,mL/h
39.9167,pH,6.334,-
39.9167,temp,30.029,degC
39.9333,DO,6.834,%
39.9333,feed_rate,24.371,mL/h
39.9333,pH,6.353,-
39.9333,temp,29.956,degC
39.95,DO,6.89,%
39.95,feed_rate,24.371,mL/h
39.95,pH,6.341,-
39.95,temp,29.971,degC
39.9667,DO,6.974,%
39.9667,feed_rate,24.371,mL/h
39.9667,pH,6.335,-
39.9667,temp,30.09,degC
39.9833,DO,7.009,%
39.9833,feed_rate,24.371,mL/h
39.9833,pH,6.35,-
39.9833,temp,29.985,degC
