time_h,signal_name,value,unit
0.0,DO,98.0,%
0.0,feed_rate,0.0,mL/h
0.0,pH,6.511,-
0.0,temp,29.966,degC
0.0167,DO,98.953,%
0.0167,feed_rate,0.0,mL/h
0.0167,pH,6.496,-
0.0167,temp,30.035,degC
0.0333,DO,98.746,%
0.0333,feed_rate,0.0,mL/h
0.0333,pH,6.508,-
0.0333,temp,29.976,degC
0.05,DO,98.8,%
0.05,feed_rate,0.0,mL/h
0.05,pH,6.509,-
0.05,temp,29.969,degC
0.0667,DO,99.569,%
0.0667,feed_rate,0.0,mL/h
0.0667,pH,6.517,-
0.0667,temp,29.922,degC
0.0833,DO,99.765,%
0.0833,feed_rate,0.0,mL/h
0.0833,pH,6.498,-
0.0833,temp,29.914,degC
0.1,DO,99.926,%
0.1,feed_rate,0.0,mL/h
0.1,pH,6.496,-
0.1,temp,30.021,degC
0.1167,DO,99.702,%
0.1167,feed_rate,0.0,mL/h
0.1167,pH,6.504,-
0.1167,temp,30.007,degC
0.1333,DO,99.181,%
0.1333,feed_rate,0.0,mL/h
0.1333,pH,6.5,-
0.1333,temp,30.002,degC
0.15,DO,99.309,%
0.15,feed_rate,0.0,mL/h
0.15,pH,6.502,-
0.15,temp,30.035,degC
0.1667,DO,99.393,%
0.1667,feed_rate,0.0,mL/h
0.1667,pH,6.512,-
0.1667,temp,29.977,degC
0.1833,DO,99.059,%
0.1833,feed_rate,0.0,mL/h
0.1833,pH,6.495,-
0.1833,temp,30.001,degC
0.2,DO,98.955,%
0.2,feed_rate,0.0,mL/h
0.2,pH,6.501,-
0.2,temp,29.957,degC
0.2167,DO,99.054,%
0.2167,feed_rate,0.0,mL/h
0.2167,pH,6.489,-
0.2167,temp,29.957,degC
0.2333,DO,98.871,%
0.2333,feed_rate,0.0,mL/h
0.2333,pH,6.497,-
0.2333,temp,29.962,degC
0.25,DO,98.979,%
0.25,feed_rate,0.0,mL/h
0.25,pH,6.492,-
0.25,temp,30.048,degC
0.2667,DO,99.122,%
0.2667,feed_rate,0.0,mL/h
0.2667,pH,6.491,-
0.2667,temp,30.035,degC
0.2833,DO,99.218,%
0.2833,feed_rate,0.0,mL/h
0.2833,pH,6.497,-
0.2833,temp,29.95,degC
0.3,DO,99.132,%
0.3,feed_rate,0.0,mL/h
0.3,pH,6.494,-
0.3,temp,29.984,degC
0.3167,DO,99.393,%
0.3167,feed_rate,0.0,mL/h
0.3167,pH,6.502,-
0.3167,temp,30.006,degC
0.3333,DO,99.69,%
0.3333,feed_rate,0.0,mL/h
0.3333,pH,6.507,-
0.3333,temp,29.96,degC
0.35,DO,99.756,%
0.35,feed_rate,0.0,mL/h
0.35,pH,6.484,-
0.35,temp,30.034,degC
0.3667,DO,99.467,%
0.3667,feed_rate,0.0,mL/h
0.3667,pH,6.509,-
0.3667,temp,29.961,degC
0.3833,DO,99.7,%
0.3833,feed_rate,0.0,mL/h
0.3833,pH,6.476,-
0.3833,temp,29.983,degC
0.4,DO,99.516,%
0.4,feed_rate,0.0,mL/h
0.4,pH,6.501,-
0.4,temp,29.983,degC
0.4167,DO,99.783,%
0.4167,feed_rate,0.0,mL/h
0.4167,pH,6.505,-
0.4167,temp,29.908,degC
0.4333,DO,99.41,%
0.4333,feed_rate,0.0,mL/h
0.4333,pH,6.492,-
0.4333,temp,29.912,degC
0.45,DO,99.707,%
0.45,feed_rate,0.0,mL/h
0.45,pH,6.496,-
0.45,temp,29.957,degC
0.4667,DO,99.664,%
0.4667,feed_rate,0.0,mL/h
0.4667,pH,6.49,-
0.4667,temp,30.059,degC
0.4833,DO,99.261,%
0.4833,feed_rate,0.0,mL/h
0.4833,pH,6.507,-
0.4833,temp,30.029,degC
0.5,DO,99.218,%
0.5,feed_rate,0.0,mL/h
0.5,pH,6.466,-
0.5,temp,30.022,degC
0.5167,DO,99.293,%
0.5167,feed_rate,0.0,mL/h
0.5167,pH,6.488,-
0.5167,temp,29.969,degC
0.5333,DO,99.419,%
0.5333,feed_rate,0.0,mL/h
0.5333,pH,6.478,-
0.5333,temp,29.976,degC
0.55,DO,99.142,%
0.55,feed_rate,0.0,mL/h
0.55,pH,6.5,-
0.55,temp,30.002,degC
0.5667,DO,98.882,%
0.5667,feed_rate,0.0,mL/h
0.5667,pH,6.511,-
0.5667,temp,30.013,degC
0.5833,DO,99.066,%
0.5833,feed_rate,0.0,mL/h
0.5833,pH,6.51,-
0.5833,temp,29.924,degC
0.6,DO,99.013,%
0.6,feed_rate,0.0,mL/h
0.6,pH,6.504,-
0.6,temp,29.964,degC
0.6167,DO,99.181,%
0.6167,feed_rate,0.0,mL/h
0.6167,pH,6.5,-
0.6167,temp,29.961,degC
0.6333,DO,99.471,%
0.6333,feed_rate,0.0,mL/h
0.6333,pH,6.49,-
0.6333,temp,30.065,degC
0.65,DO,98.981,%
0.65,feed_rate,0.0,mL/h
0.65,pH,6.51,-
0.65,temp,29.972,degC
0.6667,DO,99.159,%
0.6667,feed_rate,0.0,mL/h
0.6667,pH,6.504,-
0.6667,temp,29.959,degC
0.6833,DO,99.592,%
0.6833,feed_rate,0.0,mL/h
0.6833,pH,6.489,-
0.6833,temp,30.04,degC
0.7,DO,99.481,%
0.7,feed_rate,0.0,mL/h
0.7,pH,6.484,-
0.7,temp,29.978,degC
0.7167,DO,99.238,%
0.7167,feed_rate,0.0,mL/h
0.7167,pH,6.491,-
0.7167,temp,30.046,degC
0.7333,DO,99.511,%
0.7333,feed_rate,0.0,mL/h
0.7333,pH,6.508,-
0.7333,temp,29.951,degC
0.75,DO,99.58,%
0.75,feed_rate,0.0,mL/h
0.75,pH,6.51,-
0.75,temp,30.094,degC
0.7667,DO,99.827,%
0.7667,feed_rate,0.0,mL/h
0.7667,pH,6.513,-
0.7667,temp,29.995,degC
0.7833,DO,99.652,%
0.7833,feed_rate,0.0,mL/h
0.7833,pH,6.489,-
0.7833,temp,30.007,degC
0.8,DO,99.17,%
0.8,feed_rate,0.0,mL/h
0.8,pH,6.493,-
0.8,temp,29.988,degC
0.8167,DO,99.196,%
0.8167,feed_rate,0.0,mL/h
0.8167,pH,6.511,-
0.8167,temp,29.997,degC
0.8333,DO,99.115,%
0.8333,feed_rate,0.0,mL/h
0.8333,pH,6.499,-
0.8333,temp,30.001,degC
0.85,DO,99.416,%
0.85,feed_rate,0.0,mL/h
0.85,pH,6.504,-
0.85,temp,29.983,degC
0.8667,DO,99.482,%
0.8667,feed_rate,0.0,mL/h
0.8667,pH,6.483,-
0.8667,temp,30.062,degC
0.8833,DO,98.987,%
0.8833,feed_rate,0.0,mL/h
0.8833,pH,6.493,-
0.8833,temp,29.887,degC
0.9,DO,98.72,%
0.9,feed_rate,0.0,mL/h
0.9,pH,6.496,-
0.9,temp,29.939,degC
0.9167,DO,99.131,%
0.9167,feed_rate,0.0,mL/h
0.9167,pH,6.493,-
0.9167,temp,29.981,degC
0.9333,DO,99.397,%
0.9333,feed_rate,0.0,mL/h
0.9333,pH,6.492,-
0.9333,temp,29.993,degC
0.95,DO,99.213,%
0.95,feed_rate,0.0,mL/h
0.95,pH,6.48,-
0.95,temp,30.072,degC
0.9667,DO,99.258,%
0.9667,feed_rate,0.0,mL/h
0.9667,pH,6.512,-
0.9667,temp,30.027,degC
0.9833,DO,99.426,%
0.9833,feed_rate,0.0,mL/h
0.9833,pH,6.498,-
0.9833,temp,30.0,degC
1.0,DO,99.568,%
1.0,feed_rate,0.0,mL/h
1.0,pH,6.481,-
1.0,temp,29.959,degC
1.0167,DO,99.802,%
1.0167,feed_rate,0.0,mL/h
1.0167,pH,6.507,-
1.0167,temp,30.098,degC
1.0333,DO,99.804,%
1.0333,feed_rate,0.0,mL/h
1.0333,pH,6.497,-
1.0333,temp,30.043,degC
1.05,DO,99.699,%
1.05,feed_rate,0.0,mL/h
1.05,pH,6.503,-
1.05,temp,30.127,degC
1.0667,DO,99.565,%
1.0667,feed_rate,0.0,mL/h
1.0667,pH,6.494,-
1.0667,temp,29.925,degC
1.0833,DO,99.851,%
1.0833,feed_rate,0.0,mL/h
1.0833,pH,6.488,-
1.0833,temp,30.086,degC
1.1,DO,99.088,%
1.1,feed_rate,0.0,mL/h
1.1,pH,6.488,-
1.1,temp,29.995,degC
1.1167,DO,99.11,%
1.1167,feed_rate,0.0,mL/h
1.1167,pH,6.499,-
1.1167,temp,29.957,degC
1.1333,DO,99.179,%
1.1333,feed_rate,0.0,mL/h
1.1333,pH,6.503,-
1.1333,temp,30.006,degC
1.15,DO,98.796,%
1.15,feed_rate,0.0,mL/h
1.15,pH,6.5,-
1.15,temp,30.006,degC
1.1667,DO,99.016,%
1.1667,feed_rate,0.0,mL/h
1.1667,pH,6.502,-
1.1667,temp,29.984,degC
1.1833,DO,98.896,%
1.1833,feed_rate,0.0,mL/h
1.1833,pH,6.507,-
1.1833,temp,29.927,degC
1.2,DO,99.254,%
1.2,feed_rate,0.0,mL/h
1.2,pH,6.498,-
1.2,temp,29.982,degC
1.2167,DO,99.243,%
1.2167,feed_rate,0.0,mL/h
1.2167,pH,6.505,-
1.2167,temp,29.936,degC
1.2333,DO,99.472,%
1.2333,feed_rate,0.0,mL/h
1.2333,pH,6.506,-
1.2333,temp,30.004,degC
1.25,DO,99.82,%
1.25,feed_rate,0.0,mL/h
1.25,pH,6.498,-
1.25,temp,29.932,degC
1.2667,DO,99.846,%
1.2667,feed_rate,0.0,mL/h
1.2667,pH,6.494,-
1.2667,temp,30.011,degC
1.2833,DO,99.489,%
1.2833,feed_rate,0.0,mL/h
1.2833,pH,6.491,-
1.2833,temp,29.979,degC
1.3,DO,99.011,%
1.3,feed_rate,0.0,mL/h
1.3,pH,6.483,-
1.3,temp,30.048,degC
1.3167,DO,99.608,%
1.3167,feed_rate,0.0,mL/h
1.3167,pH,6.479,-
1.3167,temp,29.96,degC
1.3333,DO,99.526,%
1.3333,feed_rate,0.0,mL/h
1.3333,pH,6.508,-
1.3333,temp,29.932,degC
1.35,DO,99.286,%
1.35,feed_rate,0.0,mL/h
1.35,pH,6.495,-
1.35,temp,29.929,degC
1.3667,DO,99.344,%
1.3667,feed_rate,0.0,mL/h
1.3667,pH,6.489,-
1.3667,temp,30.013,degC
1.3833,DO,99.288,%
1.3833,feed_rate,0.0,mL/h
1.3833,pH,6.511,-
1.3833,temp,30.197,degC
1.4,DO,99.556,%
1.4,feed_rate,0.0,mL/h
1.4,pH,6.504,-
1.4,temp,29.93,degC
1.4167,DO,99.525,%
1.4167,feed_rate,0.0,mL/h
1.4167,pH,6.495,-
1.4167,temp,29.968,degC
1.4333,DO,99.492,%
1.4333,feed_rate,0.0,mL/h
1.4333,pH,6.505,-
1.4333,temp,30.076,degC
1.45,DO,99.247,%
1.45,feed_rate,0.0,mL/h
1.45,pH,6.493,-
1.45,temp,30.032,degC
1.4667,DO,99.406,%
1.4667,feed_rate,0.0,mL/h
1.4667,pH,6.498,-
1.4667,temp,30.063,degC
1.4833,DO,99.081,%
1.4833,feed_rate,0.0,mL/h
1.4833,pH,6.513,-
1.4833,temp,30.014,degC
1.5,DO,99.33,%
1.5,feed_rate,0.0,mL/h
1.5,pH,6.505,-
1.5,temp,30.023,degC
1.5167,DO,99.786,%
1.5167,feed_rate,0.0,mL/h
1.5167,pH,6.492,-
1.5167,temp,30.001,degC
1.5333,DO,99.236,%
1.5333,feed_rate,0.0,mL/h
1.5333,pH,6.501,-
1.5333,temp,29.943,degC
1.55,DO,98.512,%
1.55,feed_rate,0.0,mL/h
1.55,pH,6.506,-
1.55,temp,30.009,degC
1.5667,DO,98.857,%
1.5667,feed_rate,0.0,mL/h
1.5667,pH,6.493,-
1.5667,temp,29.95,degC
1.5833,DO,99.712,%
1.5833,feed_rate,0.0,mL/h
1.5833,pH,6.49,-
1.5833,temp,30.03,degC
1.6,DO,99.331,%
1.6,feed_rate,0.0,mL/h
1.6,pH,6.513,-
1.6,temp,29.862,degC
1.6167,DO,98.95,%
1.6167,feed_rate,0.0,mL/h
1.6167,pH,6.491,-
1.6167,temp,29.894,degC
1.6333,DO,99.196,%
1.6333,feed_rate,0.0,mL/h
1.6333,pH,6.481,-
1.6333,temp,29.99,degC
1.65,DO,98.964,%
1.65,feed_rate,0.0,mL/h
1.65,pH,6.496,-
1.65,temp,30.002,degC
1.6667,DO,98.877,%
1.6667,feed_rate,0.0,mL/h
1.6667,pH,6.517,-
1.6667,temp,30.089,degC
1.6833,DO,98.855,%
1.6833,feed_rate,0.0,mL/h
1.6833,pH,6.5,-
1.6833,temp,29.956,degC
1.7,DO,99.1,%
1.7,feed_rate,0.0,mL/h
1.7,pH,6.504,-
1.7,temp,30.028,degC
1.7167,DO,99.014,%
1.7167,feed_rate,0.0,mL/h
1.7167,pH,6.472,-
1.7167,temp,29.906,degC
1.7333,DO,99.15,%
1.7333,feed_rate,0.0,mL/h
1.7333,pH,6.489,-
1.7333,temp,30.115,degC
1.75,DO,99.121,%
1.75,feed_rate,0.0,mL/h
1.75,pH,6.506,-
1.75,temp,29.865,degC
1.7667,DO,98.897,%
1.7667,feed_rate,0.0,mL/h
1.7667,pH,6.49,-
1.7667,temp,30.071,degC
1.7833,DO,98.874,%
1.7833,feed_rate,0.0,mL/h
1.7833,pH,6.507,-
1.7833,temp,29.977,degC
1.8,DO,98.666,%
1.8,feed_rate,0.0,mL/h
1.8,pH,6.499,-
1.8,temp,29.904,degC
1.8167,DO,98.786,%
1.8167,feed_rate,0.0,mL/h
1.8167,pH,6.498,-
1.8167,temp,29.966,degC
1.8333,DO,98.541,%
1.8333,feed_rate,0.0,mL/h
1.8333,pH,6.511,-
1.8333,temp,30.038,degC
1.85,DO,98.355,%
1.85,feed_rate,0.0,mL/h
1.85,pH,6.489,-
1.85,temp,29.987,degC
1.8667,DO,98.969,%
1.8667,feed_rate,0.0,mL/h
1.8667,pH,6.489,-
1.8667,temp,29.951,degC
1.8833,DO,99.007,%
1.8833,feed_rate,0.0,mL/h
1.8833,pH,6.495,-
1.8833,temp,30.002,degC
1.9,DO,99.036,%
1.9,feed_rate,0.0,mL/h
1.9,pH,6.496,-
1.9,temp,29.993,degC
1.9167,DO,99.228,%
1.9167,feed_rate,0.0,mL/h
1.9167,pH,6.477,-
1.9167,temp,30.039,degC
1.9333,DO,99.102,%
1.9333,feed_rate,0.0,mL/h
1.9333,pH,6.506,-
1.9333,temp,30.027,degC
1.95,DO,99.057,%
1.95,feed_rate,0.0,mL/h
1.95,pH,6.496,-
1.95,temp,29.969,degC
1.9667,DO,99.217,%
1.9667,feed_rate,0.0,mL/h
1.9667,pH,6.492,-
1.9667,temp,29.954,degC
1.9833,DO,99.301,%
1.9833,feed_rate,0.0,mL/h
1.9833,pH,6.5,-
1.9833,temp,29.995,degC
2.0,DO,98.934,%
2.0,feed_rate,0.0,mL/h
2.0,pH,6.489,-
2.0,temp,29.985,degC
2.0167,DO,99.238,%
2.0167,feed_rate,0.0,mL/h
2.0167,pH,6.505,-
2.0167,temp,30.006,degC
2.0333,DO,99.054,%
2.0333,feed_rate,0.0,mL/h
2.0333,pH,6.494,-
2.0333,temp,29.941,degC
2.05,DO,98.765,%
2.05,feed_rate,0.0,mL/h
2.05,pH,6.5,-
2.05,temp,29.999,degC
2.0667,DO,98.58,%
2.0667,feed_rate,0.0,mL/h
2.0667,pH,6.484,-
2.0667,temp,29.951,degC
2.0833,DO,98.584,%
2.0833,feed_rate,0.0,mL/h
2.0833,pH,6.49,-
2.0833,temp,30.021,degC
2.1,DO,99.192,%
2.1,feed_rate,0.0,mL/h
2.1,pH,6.497,-
2.1,temp,30.006,degC
2.1167,DO,98.837,%
2.1167,feed_rate,0.0,mL/h
2.1167,pH,6.483,-
2.1167,temp,29.98,degC
2.1333,DO,98.952,%
2.1333,feed_rate,0.0,mL/h
2.1333,pH,6.486,-
2.1333,temp,29.913,degC
2.15,DO,98.354,%
2.15,feed_rate,0.0,mL/h
2.15,pH,6.492,-
2.15,temp,30.049,degC
2.1667,DO,98.516,%
2.1667,feed_rate,0.0,mL/h
2.1667,pH,6.504,-
2.1667,temp,29.95,degC
2.1833,DO,98.914,%
2.1833,feed_rate,0.0,mL/h
2.1833,pH,6.5,-
2.1833,temp,29.969,degC
2.2,DO,98.891,%
2.2,feed_rate,0.0,mL/h
2.2,pH,6.502,-
2.2,temp,29.988,degC
2.2167,DO,98.754,%
2.2167,feed_rate,0.0,mL/h
2.2167,pH,6.495,-
2.2167,temp,30.013,degC
2.2333,DO,98.902,%
2.2333,feed_rate,0.0,mL/h
2.2333,pH,6.501,-
2.2333,temp,29.965,degC
2.25,DO,99.16,%
2.25,feed_rate,0.0,mL/h
2.25,pH,6.508,-
2.25,temp,29.966,degC
2.2667,DO,99.354,%
2.2667,feed_rate,0.0,mL/h
2.2667,pH,6.494,-
2.2667,temp,29.921,degC
2.2833,DO,99.902,%
2.2833,feed_rate,0.0,mL/h
2.2833,pH,6.496,-
2.2833,temp,30.045,degC
2.3,DO,99.809,%
2.3,feed_rate,0.0,mL/h
2.3,pH,6.498,-
2.3,temp,29.968,degC
2.3167,DO,99.494,%
2.3167,feed_rate,0.0,mL/h
2.3167,pH,6.472,-
2.3167,temp,29.969,degC
2.3333,DO,99.381,%
2.3333,feed_rate,0.0,mL/h
2.3333,pH,6.491,-
2.3333,temp,29.889,degC
2.35,DO,99.306,%
2.35,feed_rate,0.0,mL/h
2.35,pH,6.496,-
2.35,temp,29.963,degC
2.3667,DO,99.299,%
2.3667,feed_rate,0.0,mL/h
2.3667,pH,6.499,-
2.3667,temp,30.037,degC
2.3833,DO,99.251,%
2.3833,feed_rate,0.0,mL/h
2.3833,pH,6.488,-
2.3833,temp,30.046,degC
2.4,DO,99.272,%
2.4,feed_rate,0.0,mL/h
2.4,pH,6.501,-
2.4,temp,29.941,degC
2.4167,DO,98.735,%
2.4167,feed_rate,0.0,mL/h
2.4167,pH,6.485,-
2.4167,temp,29.996,degC
2.4333,DO,99.055,%
2.4333,feed_rate,0.0,mL/h
2.4333,pH,6.49,-
2.4333,temp,30.025,degC
2.45,DO,98.888,%
2.45,feed_rate,0.0,mL/h
2.45,pH,6.508,-
2.45,temp,29.922,degC
2.4667,DO,98.574,%
2.4667,feed_rate,0.0,mL/h
2.4667,pH,6.478,-
2.4667,temp,29.974,degC
2.4833,DO,98.865,%
2.4833,feed_rate,0.0,mL/h
2.4833,pH,6.49,-
2.4833,temp,30.029,degC
2.5,DO,99.301,%
2.5,feed_rate,0.0,mL/h
2.5,pH,6.49,-
2.5,temp,30.048,degC
2.5167,DO,99.401,%
2.5167,feed_rate,0.0,mL/h
2.5167,pH,6.49,-
2.5167,temp,29.921,degC
2.5333,DO,99.381,%
2.5333,feed_rate,0.0,mL/h
2.5333,pH,6.486,-
2.5333,temp,29.938,degC
2.55,DO,99.036,%
2.55,feed_rate,0.0,mL/h
2.55,pH,6.497,-
2.55,temp,30.052,degC
2.5667,DO,99.9,%
2.5667,feed_rate,0.0,mL/h
2.5667,pH,6.48,-
2.5667,temp,29.973,degC
2.5833,DO,99.992,%
2.5833,feed_rate,0.0,mL/h
2.5833,pH,6.477,-
2.5833,temp,30.011,degC
2.6,DO,99.459,%
2.6,feed_rate,0.0,mL/h
2.6,pH,6.495,-
2.6,temp,29.935,degC
2.6167,DO,99.14,%
2.6167,feed_rate,0.0,mL/h
2.6167,pH,6.479,-
2.6167,temp,30.052,degC
2.6333,DO,99.143,%
2.6333,feed_rate,0.0,mL/h
2.6333,pH,6.494,-
2.6333,temp,30.013,degC
2.65,DO,98.653,%
2.65,feed_rate,0.0,mL/h
2.65,pH,6.491,-
2.65,temp,30.064,degC
2.6667,DO,98.776,%
2.6667,feed_rate,0.0,mL/h
2.6667,pH,6.483,-
2.6667,temp,29.946,degC
2.6833,DO,98.685,%
2.6833,feed_rate,0.0,mL/h
2.6833,pH,6.487,-
2.6833,temp,29.966,degC
2.7,DO,99.117,%
2.7,feed_rate,0.0,mL/h
2.7,pH,6.489,-
2.7,temp,29.932,degC
2.7167,DO,99.382,%
2.7167,feed_rate,0.0,mL/h
2.7167,pH,6.494,-
2.7167,temp,29.931,degC
2.7333,DO,98.491,%
2.7333,feed_rate,0.0,mL/h
2.7333,pH,6.484,-
2.7333,temp,29.926,degC
2.75,DO,98.603,%
2.75,feed_rate,0.0,mL/h
2.75,pH,6.488,-
2.75,temp,30.001,degC
2.7667,DO,98.194,%
2.7667,feed_rate,0.0,mL/h
2.7667,pH,6.475,-
2.7667,temp,29.945,degC
2.7833,DO,98.684,%
2.7833,feed_rate,0.0,mL/h
2.7833,pH,6.487,-
2.7833,temp,29.989,degC
2.8,DO,98.792,%
2.8,feed_rate,0.0,mL/h
2.8,pH,6.47,-
2.8,temp,29.955,degC
2.8167,DO,98.991,%
2.8167,feed_rate,0.0,mL/h
2.8167,pH,6.489,-
2.8167,temp,30.008,degC
2.8333,DO,98.666,%
2.8333,feed_rate,0.0,mL/h
2.8333,pH,6.485,-
2.8333,temp,30.031,degC
2.85,DO,99.272,%
2.85,feed_rate,0.0,mL/h
2.85,pH,6.51,-
2.85,temp,30.03,degC
2.8667,DO,99.814,%
2.8667,feed_rate,0.0,mL/h
2.8667,pH,6.502,-
2.8667,temp,30.033,degC
2.8833,DO,99.32,%
2.8833,feed_rate,0.0,mL/h
2.8833,pH,6.488,-
2.8833,temp,29.983,degC
2.9,DO,99.356,%
2.9,feed_rate,0.0,mL/h
2.9,pH,6.498,-
2.9,temp,30.025,degC
2.9167,DO,99.069,%
2.9167,feed_rate,0.0,mL/h
2.9167,pH,6.492,-
2.9167,temp,29.977,degC
2.9333,DO,99.034,%
2.9333,feed_rate,0.0,mL/h
2.9333,pH,6.477,-
2.9333,temp,29.949,degC
2.95,DO,98.631,%
2.95,feed_rate,0.0,mL/h
2.95,pH,6.464,-
2.95,temp,29.928,degC
2.9667,DO,99.248,%
2.9667,feed_rate,0.0,mL/h
2.9667,pH,6.5,-
2.9667,temp,29.988,degC
2.9833,DO,98.89,%
2.9833,feed_rate,0.0,mL/h
2.9833,pH,6.492,-
2.9833,temp,30.004,degC
3.0,DO,98.804,%
3.0,feed_rate,0.0,mL/h
3.0,pH,6.469,-
3.0,temp,30.073,degC
3.0167,DO,98.973,%
3.0167,feed_rate,0.0,mL/h
3.0167,pH,6.495,-
3.0167,temp,29.967,degC
3.0333,DO,98.762,%
3.0333,feed_rate,0.0,mL/h
3.0333,pH,6.497,-
3.0333,temp,30.065,degC
3.05,DO,98.715,%
3.05,feed_rate,0.0,mL/h
3.05,pH,6.481,-
3.05,temp,29.913,degC
3.0667,DO,98.579,%
3.0667,feed_rate,0.0,mL/h
3.0667,pH,6.496,-
3.0667,temp,29.987,degC
3.0833,DO,98.598,%
3.0833,feed_rate,0.0,mL/h
3.0833,pH,6.471,-
3.0833,temp,30.109,degC
3.1,DO,98.3,%
3.1,feed_rate,0.0,mL/h
3.1,pH,6.486,-
3.1,temp,29.975,degC
3.1167,DO,98.281,%
3.1167,feed_rate,0.0,mL/h
3.1167,pH,6.488,-
3.1167,temp,29.947,degC
3.1333,DO,98.334,%
3.1333,feed_rate,0.0,mL/h
3.1333,pH,6.496,-
3.1333,temp,29.941,degC
3.15,DO,98.337,%
3.15,feed_rate,0.0,mL/h
3.15,pH,6.492,-
3.15,temp,30.104,degC
3.1667,DO,98.455,%
3.1667,feed_rate,0.0,mL/h
3.1667,pH,6.49,-
3.1667,temp,30.055,degC
3.1833,DO,98.443,%
3.1833,feed_rate,0.0,mL/h
3.1833,pH,6.493,-
3.1833,temp,29.965,degC
3.2,DO,98.746,%
3.2,feed_rate,0.0,mL/h
3.2,pH,6.481,-
3.2,temp,29.97,degC
3.2167,DO,98.665,%
3.2167,feed_rate,0.0,mL/h
3.2167,pH,6.502,-
3.2167,temp,29.868,degC
3.2333,DO,98.654,%
3.2333,feed_rate,0.0,mL/h
3.2333,pH,6.484,-
3.2333,temp,29.984,degC
3.25,DO,98.486,%
3.25,feed_rate,0.0,mL/h
3.25,pH,6.495,-
3.25,temp,30.071,degC
3.2667,DO,98.392,%
3.2667,feed_rate,0.0,mL/h
3.2667,pH,6.487,-
3.2667,temp,29.896,degC
3.2833,DO,98.094,%
3.2833,feed_rate,0.0,mL/h
3.2833,pH,6.485,-
3.2833,temp,30.047,degC
3.3,DO,98.389,%
3.3,feed_rate,0.0,mL/h
3.3,pH,6.493,-
3.3,temp,30.025,degC
3.3167,DO,98.125,%
3.3167,feed_rate,0.0,mL/h
3.3167,pH,6.491,-
3.3167,temp,30.073,degC
3.3333,DO,98.032,%
3.3333,feed_rate,0.0,mL/h
3.3333,pH,6.5,-
3.3333,temp,29.967,degC
3.35,DO,98.288,%
3.35,feed_rate,0.0,mL/h
3.35,pH,6.498,-
3.35,temp,30.008,degC
3.3667,DO,98.504,%
3.3667,feed_rate,0.0,mL/h
3.3667,pH,6.481,-
3.3667,temp,30.062,degC
3.3833,DO,98.435,%
3.3833,feed_rate,0.0,mL/h
3.3833,pH,6.492,-
3.3833,temp,30.019,degC
3.4,DO,97.892,%
3.4,feed_rate,0.0,mL/h
3.4,pH,6.488,-
3.4,temp,30.03,degC
3.4167,DO,98.189,%
3.4167,feed_rate,0.0,mL/h
3.4167,pH,6.479,-
3.4167,temp,29.979,degC
3.4333,DO,98.376,%
3.4333,feed_rate,0.0,mL/h
3.4333,pH,6.476,-
3.4333,temp,29.986,degC
3.45,DO,98.024,%
3.45,feed_rate,0.0,mL/h
3.45,pH,6.489,-
3.45,temp,29.966,degC
3.4667,DO,98.395,%
3.4667,feed_rate,0.0,mL/h
3.4667,pH,6.481,-
3.4667,temp,30.001,degC
3.4833,DO,98.249,%
3.4833,feed_rate,0.0,mL/h
3.4833,pH,6.472,-
3.4833,temp,29.997,degC
3.5,DO,98.003,%
3.5,feed_rate,0.0,mL/h
3.5,pH,6.485,-
3.5,temp,29.983,degC
3.5167,DO,98.172,%
3.5167,feed_rate,0.0,mL/h
3.5167,pH,6.488,-
3.5167,temp,29.888,degC
3.5333,DO,98.223,%
3.5333,feed_rate,0.0,mL/h
3.5333,pH,6.487,-
3.5333,temp,29.924,degC
3.55,DO,98.377,%
3.55,feed_rate,0.0,mL/h
3.55,pH,6.474,-
3.55,temp,29.992,degC
3.5667,DO,97.957,%
3.5667,feed_rate,0.0,mL/h
3.5667,pH,6.48,-
3.5667,temp,30.054,degC
3.5833,DO,98.644,%
3.5833,feed_rate,0.0,mL/h
3.5833,pH,6.5,-
3.5833,temp,29.951,degC
3.6,DO,98.468,%
3.6,feed_rate,0.0,mL/h
3.6,pH,6.478,-
3.6,temp,29.969,degC
3.6167,DO,98.045,%
3.6167,feed_rate,0.0,mL/h
3.6167,pH,6.482,-
3.6167,temp,29.993,degC
3.6333,DO,98.352,%
3.6333,feed_rate,0.0,mL/h
3.6333,pH,6.509,-
3.6333,temp,30.044,degC
3.65,DO,98.304,%
3.65,feed_rate,0.0,mL/h
3.65,pH,6.489,-
3.65,temp,30.079,degC
3.6667,DO,98.469,%
3.6667,feed_rate,0.0,mL/h
3.6667,pH,6.481,-
3.6667,temp,30.01,degC
3.6833,DO,98.399,%
3.6833,feed_rate,0.0,mL/h
3.6833,pH,6.466,-
3.6833,temp,29.996,degC
3.7,DO,98.426,%
3.7,feed_rate,0.0,mL/h
3.7,pH,6.488,-
3.7,temp,29.956,degC
3.7167,DO,98.538,%
3.7167,feed_rate,0.0,mL/h
3.7167,pH,6.471,-
3.7167,temp,30.015,degC
3.7333,DO,98.328,%
3.7333,feed_rate,0.0,mL/h
3.7333,pH,6.485,-
3.7333,temp,29.981,degC
3.75,DO,98.587,%
3.75,feed_rate,0.0,mL/h
3.75,pH,6.476,-
3.75,temp,30.003,degC
3.7667,DO,98.447,%
3.7667,feed_rate,0.0,mL/h
3.7667,pH,6.468,-
3.7667,temp,29.951,degC
3.7833,DO,98.214,%
3.7833,feed_rate,0.0,mL/h
3.7833,pH,6.502,-
3.7833,temp,30.05,degC
3.8,DO,98.31,%
3.8,feed_rate,0.0,mL/h
3.8,pH,6.484,-
3.8,temp,29.975,degC
3.8167,DO,98.496,%
3.8167,feed_rate,0.0,mL/h
3.8167,pH,6.494,-
3.8167,temp,29.918,degC
3.8333,DO,98.441,%
3.8333,feed_rate,0.0,mL/h
3.8333,pH,6.492,-
3.8333,temp,29.994,degC
3.85,DO,98.205,%
3.85,feed_rate,0.0,mL/h
3.85,pH,6.477,-
3.85,temp,29.94,degC
3.8667,DO,98.46,%
3.8667,feed_rate,0.0,mL/h
3.8667,pH,6.486,-
3.8667,temp,30.022,degC
3.8833,DO,97.948,%
3.8833,feed_rate,0.0,mL/h
3.8833,pH,6.481,-
3.8833,temp,30.062,degC
3.9,DO,97.755,%
3.9,feed_rate,0.0,mL/h
3.9,pH,6.494,-
3.9,temp,30.023,degC
3.9167,DO,97.921,%
3.9167,feed_rate,0.0,mL/h
3.9167,pH,6.489,-
3.9167,temp,29.988,degC
3.9333,DO,97.632,%
3.9333,feed_rate,0.0,mL/h
3.9333,pH,6.481,-
3.9333,temp,29.954,degC
3.95,DO,97.816,%
3.95,feed_rate,0.0,mL/h
3.95,pH,6.501,-
3.95,temp,29.971,degC
3.9667,DO,97.936,%
3.9667,feed_rate,0.0,mL/h
3.9667,pH,6.489,-
3.9667,temp,30.103,degC
3.9833,DO,98.317,%
3.9833,feed_rate,0.0,mL/h
3.9833,pH,6.489,-
3.9833,temp,30.049,degC
4.0,DO,98.076,%
4.0,feed_rate,0.0,mL/h
4.0,pH,6.476,-
4.0,temp,29.945,degC
4.0167,DO,97.968,%
4.0167,feed_rate,0.0,mL/h
4.0167,pH,6.488,-
4.0167,temp,29.949,degC
4.0333,DO,98.168,%
4.0333,feed_rate,0.0,mL/h
4.0333,pH,6.469,-
4.0333,temp,30.015,degC
4.05,DO,97.489,%
4.05,feed_rate,0.0,mL/h
4.05,pH,6.488,-
4.05,temp,30.002,degC
4.0667,DO,98.612,%
4.0667,feed_rate,0.0,mL/h
4.0667,pH,6.474,-
4.0667,temp,30.003,degC
4.0833,DO,98.368,%
4.0833,feed_rate,0.0,mL/h
4.0833,pH,6.486,-
4.0833,temp,30.028,degC
4.1,DO,98.163,%
4.1,feed_rate,0.0,mL/h
4.1,pH,6.481,-
4.1,temp,29.943,degC
4.1167,DO,98.474,%
4.1167,feed_rate,0.0,mL/h
4.1167,pH,6.486,-
4.1167,temp,29.957,degC
4.1333,DO,98.451,%
4.1333,feed_rate,0.0,mL/h
4.1333,pH,6.487,-
4.1333,temp,30.048,degC
4.15,DO,97.909,%
4.15,feed_rate,0.0,mL/h
4.15,pH,6.483,-
4.15,temp,30.014,degC
4.1667,DO,98.195,%
4.1667,feed_rate,0.0,mL/h
4.1667,pH,6.483,-
4.1667,temp,29.986,degC
4.1833,DO,98.491,%
4.1833,feed_rate,0.0,mL/h
4.1833,pH,6.468,-
4.1833,temp,29.993,degC
4.2,DO,98.335,%
4.2,feed_rate,0.0,mL/h
4.2,pH,6.464,-
4.2,temp,30.031,degC
4.2167,DO,98.258,%
4.2167,feed_rate,0.0,mL/h
4.2167,pH,6.496,-
4.2167,temp,30.014,degC
4.2333,DO,98.426,%
4.2333,feed_rate,0.0,mL/h
4.2333,pH,6.489,-
4.2333,temp,29.965,degC
4.25,DO,98.139,%
4.25,feed_rate,0.0,mL/h
4.25,pH,6.468,-
4.25,temp,29.94,degC
4.2667,DO,98.313,%
4.2667,feed_rate,0.0,mL/h
4.2667,pH,6.502,-
4.2667,temp,30.038,degC
4.2833,DO,98.378,%
4.2833,feed_rate,0.0,mL/h
4.2833,pH,6.476,-
4.2833,temp,29.938,degC
4.3,DO,98.166,%
4.3,feed_rate,0.0,mL/h
4.3,pH,6.488,-
4.3,temp,30.101,degC
4.3167,DO,97.78,%
4.3167,feed_rate,0.0,mL/h
4.3167,pH,6.487,-
4.3167,temp,29.941,degC
4.3333,DO,97.819,%
4.3333,feed_rate,0.0,mL/h
4.3333,pH,6.484,-
4.3333,temp,29.968,degC
4.35,DO,97.653,%
4.35,feed_rate,0.0,mL/h
4.35,pH,6.489,-
4.35,temp,30.053,degC
4.3667,DO,98.082,%
4.3667,feed_rate,0.0,mL/h
4.3667,pH,6.469,-
4.3667,temp,30.071,degC
4.3833,DO,98.166,%
4.3833,feed_rate,0.0,mL/h
4.3833,pH,6.482,-
4.3833,temp,30.002,degC
4.4,DO,98.423,%
4.4,feed_rate,0.0,mL/h
4.4,pH,6.48,-
4.4,temp,29.866,degC
4.4167,DO,98.432,%
4.4167,feed_rate,0.0,mL/h
4.4167,pH,6.483,-
4.4167,temp,29.993,degC
4.4333,DO,98.476,%
4.4333,feed_rate,0.0,mL/h
4.4333,pH,6.48,-
4.4333,temp,29.894,degC
4.45,DO,98.196,%
4.45,feed_rate,0.0,mL/h
4.45,pH,6.476,-
4.45,temp,29.974,degC
4.4667,DO,98.405,%
4.4667,feed_rate,0.0,mL/h
4.4667,pH,6.475,-
4.4667,temp,30.041,degC
4.4833,DO,98.905,%
4.4833,feed_rate,0.0,mL/h
4.4833,pH,6.491,-
4.4833,temp,30.039,degC
4.5,DO,98.676,%
4.5,feed_rate,0.0,mL/h
4.5,pH,6.474,-
4.5,temp,30.005,degC
4.5167,DO,98.405,%
4.5167,feed_rate,0.0,mL/h
4.5167,pH,6.486,-
4.5167,temp,30.011,degC
4.5333,DO,98.317,%
4.5333,feed_rate,0.0,mL/h
4.5333,pH,6.485,-
4.5333,temp,30.03,degC
4.55,DO,98.147,%
4.55,feed_rate,0.0,mL/h
4.55,pH,6.481,-
4.55,temp,29.979,degC
4.5667,DO,97.944,%
4.5667,feed_rate,0.0,mL/h
4.5667,pH,6.486,-
4.5667,temp,29.98,degC
4.5833,DO,98.031,%
4.5833,feed_rate,0.0,mL/h
4.5833,pH,6.487,-
4.5833,temp,30.059,degC
4.6,DO,97.97,%
4.6,feed_rate,0.0,mL/h
4.6,pH,6.476,-
4.6,temp,30.023,degC
4.6167,DO,98.438,%
4.6167,feed_rate,0.0,mL/h
4.6167,pH,6.485,-
4.6167,temp,30.06,degC
4.6333,DO,98.379,%
4.6333,feed_rate,0.0,mL/h
4.6333,pH,6.501,-
4.6333,temp,30.019,degC
4.65,DO,98.427,%
4.65,feed_rate,0.0,mL/h
4.65,pH,6.471,-
4.65,temp,30.019,degC
4.6667,DO,98.652,%
4.6667,feed_rate,0.0,mL/h
4.6667,pH,6.478,-
4.6667,temp,30.041,degC
4.6833,DO,98.454,%
4.6833,feed_rate,0.0,mL/h
4.6833,pH,6.474,-
4.6833,temp,30.035,degC
4.7,DO,98.815,%
4.7,feed_rate,0.0,mL/h
4.7,pH,6.501,-
4.7,temp,30.085,degC
4.7167,DO,98.481,%
4.7167,feed_rate,0.0,mL/h
4.7167,pH,6.467,-
4.7167,temp,30.029,degC
4.7333,DO,98.159,%
4.7333,feed_rate,0.0,mL/h
4.7333,pH,6.481,-
4.7333,temp,29.976,degC
4.75,DO,98.032,%
4.75,feed_rate,0.0,mL/h
4.75,pH,6.49,-
4.75,temp,29.98,degC
4.7667,DO,98.003,%
4.7667,feed_rate,0.0,mL/h
4.7667,pH,6.472,-
4.7667,temp,29.952,degC
4.7833,DO,97.593,%
4.7833,feed_rate,0.0,mL/h
4.7833,pH,6.48,-
4.7833,temp,30.011,degC
4.8,DO,97.672,%
4.8,feed_rate,0.0,mL/h
4.8,pH,6.474,-
4.8,temp,29.964,degC
4.8167,DO,97.244,%
4.8167,feed_rate,0.0,mL/h
4.8167,pH,6.467,-
4.8167,temp,29.934,degC
4.8333,DO,97.817,%
4.8333,feed_rate,0.0,mL/h
4.8333,pH,6.48,-
4.8333,temp,30.032,degC
4.85,DO,97.831,%
4.85,feed_rate,0.0,mL/h
4.85,pH,6.486,-
4.85,temp,30.073,degC
4.8667,DO,97.672,%
4.8667,feed_rate,0.0,mL/h
4.8667,pH,6.477,-
4.8667,temp,29.919,degC
4.8833,DO,97.463,%
4.8833,feed_rate,0.0,mL/h
4.8833,pH,6.482,-
4.8833,temp,30.048,degC
4.9,DO,97.451,%
4.9,feed_rate,0.0,mL/h
4.9,pH,6.487,-
4.9,temp,30.01,degC
4.9167,DO,97.487,%
4.9167,feed_rate,0.0,mL/h
4.9167,pH,6.492,-
4.9167,temp,29.948,degC
4.9333,DO,97.268,%
4.9333,feed_rate,0.0,mL/h
4.9333,pH,6.468,-
4.9333,temp,29.965,degC
4.95,DO,97.128,%
4.95,feed_rate,0.0,mL/h
4.95,pH,6.486,-
4.95,temp,29.99,degC
4.9667,DO,97.233,%
4.9667,feed_rate,0.0,mL/h
4.9667,pH,6.474,-
4.9667,temp,30.114,degC
4.9833,DO,97.215,%
4.9833,feed_rate,0.0,mL/h
4.9833,pH,6.461,-
4.9833,temp,30.011,degC
5.0,DO,97.636,%
5.0,feed_rate,0.0,mL/h
5.0,pH,6.472,-
5.0,temp,30.078,degC
5.0167,DO,98.031,%
5.0167,feed_rate,0.0,mL/h
5.0167,pH,6.486,-
5.0167,temp,29.969,degC
5.0333,DO,98.008,%
5.0333,feed_rate,0.0,mL/h
5.0333,pH,6.483,-
5.0333,temp,30.052,degC
5.05,DO,98.124,%
5.05,feed_rate,0.0,mL/h
5.05,pH,6.469,-
5.05,temp,30.04,degC
5.0667,DO,97.673,%
5.0667,feed_rate,0.0,mL/h
5.0667,pH,6.496,-
5.0667,temp,29.966,degC
5.0833,DO,97.901,%
5.0833,feed_rate,0.0,mL/h
5.0833,pH,6.484,-
5.0833,temp,29.97,degC
5.1,DO,97.881,%
5.1,feed_rate,0.0,mL/h
5.1,pH,6.479,-
5.1,temp,30.024,degC
5.1167,DO,98.017,%
5.1167,feed_rate,0.0,mL/h
5.1167,pH,6.474,-
5.1167,temp,29.92,degC
5.1333,DO,98.458,%
5.1333,feed_rate,0.0,mL/h
5.1333,pH,6.484,-
5.1333,temp,29.998,degC
5.15,DO,97.645,%
5.15,feed_rate,0.0,mL/h
5.15,pH,6.476,-
5.15,temp,29.935,degC
5.1667,DO,97.754,%
5.1667,feed_rate,0.0,mL/h
5.1667,pH,6.491,-
5.1667,temp,30.0,degC
5.1833,DO,97.431,%
5.1833,feed_rate,0.0,mL/h
5.1833,pH,6.482,-
5.1833,temp,30.021,degC
5.2,DO,97.678,%
5.2,feed_rate,0.0,mL/h
5.2,pH,6.485,-
5.2,temp,30.034,degC
5.2167,DO,97.301,%
5.2167,feed_rate,0.0,mL/h
5.2167,pH,6.476,-
5.2167,temp,30.019,degC
5.2333,DO,97.243,%
5.2333,feed_rate,0.0,mL/h
5.2333,pH,6.464,-
5.2333,temp,29.99,degC
5.25,DO,97.403,%
5.25,feed_rate,0.0,mL/h
5.25,pH,6.484,-
5.25,temp,29.973,degC
5.2667,DO,97.653,%
5.2667,feed_rate,0.0,mL/h
5.2667,pH,6.469,-
5.2667,temp,29.957,degC
5.2833,DO,97.688,%
5.2833,feed_rate,0.0,mL/h
5.2833,pH,6.478,-
5.2833,temp,29.969,degC
5.3,DO,97.454,%
5.3,feed_rate,0.0,mL/h
5.3,pH,6.479,-
5.3,temp,29.978,degC
5.3167,DO,97.335,%
5.3167,feed_rate,0.0,mL/h
5.3167,pH,6.471,-
5.3167,temp,29.974,degC
5.3333,DO,97.67,%
5.3333,feed_rate,0.0,mL/h
5.3333,pH,6.488,-
5.3333,temp,30.008,degC
5.35,DO,97.668,%
5.35,feed_rate,0.0,mL/h
5.35,pH,6.464,-
5.35,temp,29.965,degC
5.3667,DO,97.161,%
5.3667,feed_rate,0.0,mL/h
5.3667,pH,6.493,-
5.3667,temp,29.92,degC
5.3833,DO,97.51,%
5.3833,feed_rate,0.0,mL/h
5.3833,pH,6.473,-
5.3833,temp,30.033,degC
5.4,DO,97.66,%
5.4,feed_rate,0.0,mL/h
5.4,pH,6.488,-
5.4,temp,29.962,degC
5.4167,DO,97.913,%
5.4167,feed_rate,0.0,mL/h
5.4167,pH,6.491,-
5.4167,temp,29.916,degC
5.4333,DO,97.751,%
5.4333,feed_rate,0.0,mL/h
5.4333,pH,6.47,-
5.4333,temp,29.953,degC
5.45,DO,97.968,%
5.45,feed_rate,0.0,mL/h
5.45,pH,6.471,-
5.45,temp,29.982,degC
5.4667,DO,97.572,%
5.4667,feed_rate,0.0,mL/h
5.4667,pH,6.487,-
5.4667,temp,29.988,degC
5.4833,DO,97.743,%
5.4833,feed_rate,0.0,mL/h
5.4833,pH,6.48,-
5.4833,temp,30.01,degC
5.5,DO,97.558,%
5.5,feed_rate,0.0,mL/h
5.5,pH,6.479,-
5.5,temp,30.095,degC
5.5167,DO,97.757,%
5.5167,feed_rate,0.0,mL/h
5.5167,pH,6.46,-
5.5167,temp,29.933,degC
5.5333,DO,98.014,%
5.5333,feed_rate,0.0,mL/h
5.5333,pH,6.462,-
5.5333,temp,30.079,degC
5.55,DO,97.694,%
5.55,feed_rate,0.0,mL/h
5.55,pH,6.483,-
5.55,temp,30.007,degC
5.5667,DO,97.64,%
5.5667,feed_rate,0.0,mL/h
5.5667,pH,6.492,-
5.5667,temp,29.983,degC
5.5833,DO,97.622,%
5.5833,feed_rate,0.0,mL/h
5.5833,pH,6.471,-
5.5833,temp,29.887,degC
5.6,DO,97.95,%
5.6,feed_rate,0.0,mL/h
5.6,pH,6.469,-
5.6,temp,29.985,degC
5.6167,DO,98.066,%
5.6167,feed_rate,0.0,mL/h
5.6167,pH,6.48,-
5.6167,temp,30.032,degC
5.6333,DO,97.577,%
5.6333,feed_rate,0.0,mL/h
5.6333,pH,6.482,-
5.6333,temp,29.946,degC
5.65,DO,97.687,%
5.65,feed_rate,0.0,mL/h
5.65,pH,6.483,-
5.65,temp,29.923,degC
5.6667,DO,97.858,%
5.6667,feed_rate,0.0,mL/h
5.6667,pH,6.473,-
5.6667,temp,29.934,degC
5.6833,DO,98.406,%
5.6833,feed_rate,0.0,mL/h
5.6833,pH,6.458,-
5.6833,temp,30.007,degC
5.7,DO,97.7,%
5.7,feed_rate,0.0,mL/h
5.7,pH,6.492,-
5.7,temp,30.001,degC
5.7167,DO,97.476,%
5.7167,feed_rate,0.0,mL/h
5.7167,pH,6.472,-
5.7167,temp,30.079,degC
5.7333,DO,97.855,%
5.7333,feed_rate,0.0,mL/h
5.7333,pH,6.49,-
5.7333,temp,29.975,degC
5.75,DO,97.349,%
5.75,feed_rate,0.0,mL/h
5.75,pH,6.457,-
5.75,temp,30.039,degC
5.7667,DO,96.987,%
5.7667,feed_rate,0.0,mL/h
5.7667,pH,6.481,-
5.7667,temp,29.938,degC
5.7833,DO,97.211,%
5.7833,feed_rate,0.0,mL/h
5.7833,pH,6.472,-
5.7833,temp,29.987,degC
5.8,DO,97.537,%
5.8,feed_rate,0.0,mL/h
5.8,pH,6.466,-
5.8,temp,30.053,degC
5.8167,DO,97.289,%
5.8167,feed_rate,0.0,mL/h
5.8167,pH,6.486,-
5.8167,temp,29.984,degC
5.8333,DO,97.451,%
5.8333,feed_rate,0.0,mL/h
5.8333,pH,6.489,-
5.8333,temp,30.025,degC
5.85,DO,97.45,%
5.85,feed_rate,0.0,mL/h
5.85,pH,6.471,-
5.85,temp,29.935,degC
5.8667,DO,97.867,%
5.8667,feed_rate,0.0,mL/h
5.8667,pH,6.483,-
5.8667,temp,29.951,degC
5.8833,DO,97.742,%
5.8833,feed_rate,0.0,mL/h
5.8833,pH,6.466,-
5.8833,temp,29.971,degC
5.9,DO,97.937,%
5.9,feed_rate,0.0,mL/h
5.9,pH,6.47,-
5.9,temp,29.942,degC
5.9167,DO,97.521,%
5.9167,feed_rate,0.0,mL/h
5.9167,pH,6.474,-
5.9167,temp,29.975,degC
5.9333,DO,97.402,%
5.9333,feed_rate,0.0,mL/h
5.9333,pH,6.473,-
5.9333,temp,30.072,degC
5.95,DO,97.329,%
5.95,feed_rate,0.0,mL/h
5.95,pH,6.483,-
5.95,temp,29.987,degC
5.9667,DO,97.639,%
5.9667,feed_rate,0.0,mL/h
5.9667,pH,6.464,-
5.9667,temp,30.011,degC
5.9833,DO,97.717,%
5.9833,feed_rate,0.0,mL/h
5.9833,pH,6.486,-
5.9833,temp,30.077,degC
6.0,DO,97.376,%
6.0,feed_rate,0.0,mL/h
6.0,pH,6.486,-
6.0,temp,30.0,degC
6.0167,DO,97.531,%
6.0167,feed_rate,0.0,mL/h
6.0167,pH,6.474,-
6.0167,temp,29.991,degC
6.0333,DO,97.678,%
6.0333,feed_rate,0.0,mL/h
6.0333,pH,6.464,-
6.0333,temp,29.975,degC
6.05,DO,97.528,%
6.05,feed_rate,0.0,mL/h
6.05,pH,6.452,-
6.05,temp,30.055,degC
6.0667,DO,97.362,%
6.0667,feed_rate,0.0,mL/h
6.0667,pH,6.475,-
6.0667,temp,30.045,degC
6.0833,DO,97.244,%
6.0833,feed_rate,0.0,mL/h
6.0833,pH,6.469,-
6.0833,temp,30.102,degC
6.1,DO,96.697,%
6.1,feed_rate,0.0,mL/h
6.1,pH,6.477,-
6.1,temp,30.103,degC
6.1167,DO,96.822,%
6.1167,feed_rate,0.0,mL/h
6.1167,pH,6.465,-
6.1167,temp,29.925,degC
6.1333,DO,96.932,%
6.1333,feed_rate,0.0,mL/h
6.1333,pH,6.475,-
6.1333,temp,30.038,degC
6.15,DO,96.687,%
6.15,feed_rate,0.0,mL/h
6.15,pH,6.475,-
6.15,temp,30.106,degC
6.1667,DO,96.97,%
6.1667,feed_rate,0.0,mL/h
6.1667,pH,6.475,-
6.1667,temp,30.016,degC
6.1833,DO,96.559,%
6.1833,feed_rate,0.0,mL/h
6.1833,pH,6.478,-
6.1833,temp,30.008,degC
6.2,DO,96.473,%
6.2,feed_rate,0.0,mL/h
6.2,pH,6.478,-
6.2,temp,29.943,degC
6.2167,DO,96.424,%
6.2167,feed_rate,0.0,mL/h
6.2167,pH,6.485,-
6.2167,temp,30.058,degC
6.2333,DO,97.121,%
6.2333,feed_rate,0.0,mL/h
6.2333,pH,6.467,-
6.2333,temp,29.95,degC
6.25,DO,96.599,%
6.25,feed_rate,0.0,mL/h
6.25,pH,6.482,-
6.25,temp,30.009,degC
6.2667,DO,96.827,%
6.2667,feed_rate,0.0,mL/h
6.2667,pH,6.477,-
6.2667,temp,29.984,degC
6.2833,DO,97.12,%
6.2833,feed_rate,0.0,mL/h
6.2833,pH,6.471,-
6.2833,temp,30.024,degC
6.3,DO,97.182,%
6.3,feed_rate,0.0,mL/h
6.3,pH,6.465,-
6.3,temp,29.979,degC
6.3167,DO,97.469,%
6.3167,feed_rate,0.0,mL/h
6.3167,pH,6.489,-
6.3167,temp,29.98,degC
6.3333,DO,97.04,%
6.3333,feed_rate,0.0,mL/h
6.3333,pH,6.477,-
6.3333,temp,30.053,degC
6.35,DO,96.311,%
6.35,feed_rate,0.0,mL/h
6.35,pH,6.47,-
6.35,temp,29.999,degC
6.3667,DO,96.638,%
6.3667,feed_rate,0.0,mL/h
6.3667,pH,6.475,-
6.3667,temp,30.046,degC
6.3833,DO,96.308,%
6.3833,feed_rate,0.0,mL/h
6.3833,pH,6.475,-
6.3833,temp,29.967,degC
6.4,DO,96.301,%
6.4,feed_rate,0.0,mL/h
6.4,pH,6.469,-
6.4,temp,30.075,degC
6.4167,DO,96.037,%
6.4167,feed_rate,0.0,mL/h
6.4167,pH,6.461,-
6.4167,temp,30.027,degC
6.4333,DO,96.491,%
6.4333,feed_rate,0.0,mL/h
6.4333,pH,6.476,-
6.4333,temp,30.062,degC
6.45,DO,96.795,%
6.45,feed_rate,0.0,mL/h
6.45,pH,6.473,-
6.45,temp,30.04,degC
6.4667,DO,96.559,%
6.4667,feed_rate,0.0,mL/h
6.4667,pH,6.471,-
6.4667,temp,29.922,degC
6.4833,DO,96.854,%
6.4833,feed_rate,0.0,mL/h
6.4833,pH,6.484,-
6.4833,temp,29.872,degC
6.5,DO,96.852,%
6.5,feed_rate,0.0,mL/h
6.5,pH,6.461,-
6.5,temp,30.054,degC
6.5167,DO,96.769,%
6.5167,feed_rate,0.0,mL/h
6.5167,pH,6.465,-
6.5167,temp,29.977,degC
6.5333,DO,96.758,%
6.5333,feed_rate,0.0,mL/h
6.5333,pH,6.475,-
6.5333,temp,29.98,degC
6.55,DO,96.668,%
6.55,feed_rate,0.0,mL/h
6.55,pH,6.482,-
6.55,temp,29.959,degC
6.5667,DO,96.837,%
6.5667,feed_rate,0.0,mL/h
6.5667,pH,6.48,-
6.5667,temp,29.973,degC
6.5833,DO,96.878,%
6.5833,feed_rate,0.0,mL/h
6.5833,pH,6.481,-
6.5833,temp,30.015,degC
6.6,DO,96.709,%
6.6,feed_rate,0.0,mL/h
6.6,pH,6.452,-
6.6,temp,30.045,degC
6.6167,DO,96.977,%
6.6167,feed_rate,0.0,mL/h
6.6167,pH,6.478,-
6.6167,temp,29.986,degC
6.6333,DO,96.703,%
6.6333,feed_rate,0.0,mL/h
6.6333,pH,6.478,-
6.6333,temp,29.891,degC
6.65,DO,96.749,%
6.65,feed_rate,0.0,mL/h
6.65,pH,6.48,-
6.65,temp,30.03,degC
6.6667,DO,96.823,%
6.6667,feed_rate,0.0,mL/h
6.6667,pH,6.467,-
6.6667,temp,30.015,degC
6.6833,DO,97.196,%
6.6833,feed_rate,0.0,mL/h
6.6833,pH,6.478,-
6.6833,temp,29.969,degC
6.7,DO,96.895,%
6.7,feed_rate,0.0,mL/h
6.7,pH,6.483,-
6.7,temp,29.935,degC
6.7167,DO,97.326,%
6.7167,feed_rate,0.0,mL/h
6.7167,pH,6.489,-
6.7167,temp,29.933,degC
6.7333,DO,97.196,%
6.7333,feed_rate,0.0,mL/h
6.7333,pH,6.476,-
6.7333,temp,30.063,degC
6.75,DO,96.978,%
6.75,feed_rate,0.0,mL/h
6.75,pH,6.46,-
6.75,temp,29.969,degC
6.7667,DO,96.656,%
6.7667,feed_rate,0.0,mL/h
6.7667,pH,6.474,-
6.7667,temp,30.06,degC
6.7833,DO,96.773,%
6.7833,feed_rate,0.0,mL/h
6.7833,pH,6.479,-
6.7833,temp,29.988,degC
6.8,DO,96.701,%
6.8,feed_rate,0.0,mL/h
6.8,pH,6.478,-
6.8,temp,30.044,degC
6.8167,DO,96.294,%
6.8167,feed_rate,0.0,mL/h
6.8167,pH,6.492,-
6.8167,temp,29.954,degC
6.8333,DO,95.957,%
6.8333,feed_rate,0.0,mL/h
6.8333,pH,6.471,-
6.8333,temp,29.937,degC
6.85,DO,95.856,%
6.85,feed_rate,0.0,mL/h
6.85,pH,6.463,-
6.85,temp,29.99,degC
6.8667,DO,95.735,%
6.8667,feed_rate,0.0,mL/h
6.8667,pH,6.466,-
6.8667,temp,29.913,degC
6.8833,DO,96.164,%
6.8833,feed_rate,0.0,mL/h
6.8833,pH,6.479,-
6.8833,temp,29.933,degC
6.9,DO,96.59,%
6.9,feed_rate,0.0,mL/h
6.9,pH,6.465,-
6.9,temp,30.023,degC
6.9167,DO,96.774,%
6.9167,feed_rate,0.0,mL/h
6.9167,pH,6.462,-
6.9167,temp,30.078,degC
6.9333,DO,96.764,%
6.9333,feed_rate,0.0,mL/h
6.9333,pH,6.464,-
6.9333,temp,30.009,degC
6.95,DO,96.517,%
6.95,feed_rate,0.0,mL/h
6.95,pH,6.484,-
6.95,temp,29.917,degC
6.9667,DO,96.46,%
6.9667,feed_rate,0.0,mL/h
6.9667,pH,6.475,-
6.9667,temp,29.948,degC
6.9833,DO,96.659,%
6.9833,feed_rate,0.0,mL/h
6.9833,pH,6.469,-
6.9833,temp,30.009,degC
7.0,DO,97.189,%
7.0,feed_rate,0.0,mL/h
7.0,pH,6.48,-
7.0,temp,29.993,degC
7.0167,DO,97.243,%
7.0167,feed_rate,0.0,mL/h
7.0167,pH,6.479,-
7.0167,temp,30.12,degC
7.0333,DO,96.924,%
7.0333,feed_rate,0.0,mL/h
7.0333,pH,6.462,-
7.0333,temp,30.095,degC
7.05,DO,96.761,%
7.05,feed_rate,0.0,mL/h
7.05,pH,6.48,-
7.05,temp,29.985,degC
7.0667,DO,96.47,%
7.0667,feed_rate,0.0,mL/h
7.0667,pH,6.474,-
7.0667,temp,30.105,degC
7.0833,DO,96.144,%
7.0833,feed_rate,0.0,mL/h
7.0833,pH,6.451,-
7.0833,temp,29.952,degC
7.1,DO,96.058,%
7.1,feed_rate,0.0,mL/h
7.1,pH,6.46,-
7.1,temp,29.952,degC
7.1167,DO,96.099,%
7.1167,feed_rate,0.0,mL/h
7.1167,pH,6.474,-
7.1167,temp,30.072,degC
7.1333,DO,96.62,%
7.1333,feed_rate,0.0,mL/h
7.1333,pH,6.476,-
7.1333,temp,29.948,degC
7.15,DO,96.497,%
7.15,feed_rate,0.0,mL/h
7.15,pH,6.469,-
7.15,temp,29.972,degC
7.1667,DO,96.787,%
7.1667,feed_rate,0.0,mL/h
7.1667,pH,6.462,-
7.1667,temp,30.081,degC
7.1833,DO,97.137,%
7.1833,feed_rate,0.0,mL/h
7.1833,pH,6.474,-
7.1833,temp,29.979,degC
7.2,DO,96.907,%
7.2,feed_rate,0.0,mL/h
7.2,pH,6.453,-
7.2,temp,30.069,degC
7.2167,DO,97.177,%
7.2167,feed_rate,0.0,mL/h
7.2167,pH,6.477,-
7.2167,temp,30.036,degC
7.2333,DO,97.121,%
7.2333,feed_rate,0.0,mL/h
7.2333,pH,6.47,-
7.2333,temp,29.979,degC
7.25,DO,96.733,%
7.25,feed_rate,0.0,mL/h
7.25,pH,6.471,-
7.25,temp,30.033,degC
7.2667,DO,96.623,%
7.2667,feed_rate,0.0,mL/h
7.2667,pH,6.465,-
7.2667,temp,30.057,degC
7.2833,DO,96.457,%
7.2833,feed_rate,0.0,mL/h
7.2833,pH,6.479,-
7.2833,temp,30.042,degC
7.3,DO,96.244,%
7.3,feed_rate,0.0,mL/h
7.3,pH,6.448,-
7.3,temp,29.958,degC
7.3167,DO,96.08,%
7.3167,feed_rate,0.0,mL/h
7.3167,pH,6.462,-
7.3167,temp,30.048,degC
7.3333,DO,96.047,%
7.3333,feed_rate,0.0,mL/h
7.3333,pH,6.477,-
7.3333,temp,29.883,degC
7.35,DO,96.103,%
7.35,feed_rate,0.0,mL/h
7.35,pH,6.464,-
7.35,temp,29.985,degC
7.3667,DO,95.748,%
7.3667,feed_rate,0.0,mL/h
7.3667,pH,6.485,-
7.3667,temp,30.002,degC
7.3833,DO,95.722,%
7.3833,feed_rate,0.0,mL/h
7.3833,pH,6.475,-
7.3833,temp,30.047,degC
7.4,DO,95.243,%
7.4,feed_rate,0.0,mL/h
7.4,pH,6.463,-
7.4,temp,30.069,degC
7.4167,DO,95.39,%
7.4167,feed_rate,0.0,mL/h
7.4167,pH,6.482,-
7.4167,temp,29.932,degC
7.4333,DO,95.613,%
7.4333,feed_rate,0.0,mL/h
7.4333,pH,6.47,-
7.4333,temp,29.972,degC
7.45,DO,95.648,%
7.45,feed_rate,0.0,mL/h
7.45,pH,6.476,-
7.45,temp,29.993,degC
7.4667,DO,95.709,%
7.4667,feed_rate,0.0,mL/h
7.4667,pH,6.464,-
7.4667,temp,29.975,degC
7.4833,DO,95.844,%
7.4833,feed_rate,0.0,mL/h
7.4833,pH,6.464,-
7.4833,temp,30.018,degC
7.5,DO,95.571,%
7.5,feed_rate,0.0,mL/h
7.5,pH,6.477,-
7.5,temp,30.032,degC
7.5167,DO,95.476,%
7.5167,feed_rate,0.0,mL/h
7.5167,pH,6.471,-
7.5167,temp,30.034,degC
7.5333,DO,95.621,%
7.5333,feed_rate,0.0,mL/h
7.5333,pH,6.463,-
7.5333,temp,29.982,degC
7.55,DO,95.879,%
7.55,feed_rate,0.0,mL/h
7.55,pH,6.461,-
7.55,temp,30.16,degC
7.5667,DO,95.899,%
7.5667,feed_rate,0.0,mL/h
7.5667,pH,6.477,-
7.5667,temp,29.941,degC
7.5833,DO,96.558,%
7.5833,feed_rate,0.0,mL/h
7.5833,pH,6.487,-
7.5833,temp,29.989,degC
7.6,DO,96.287,%
7.6,feed_rate,0.0,mL/h
7.6,pH,6.462,-
7.6,temp,30.078,degC
7.6167,DO,96.393,%
7.6167,feed_rate,0.0,mL/h
7.6167,pH,6.477,-
7.6167,temp,30.041,degC
7.6333,DO,96.553,%
7.6333,feed_rate,0.0,mL/h
7.6333,pH,6.441,-
7.6333,temp,30.04,degC
7.65,DO,96.256,%
7.65,feed_rate,0.0,mL/h
7.65,pH,6.456,-
7.65,temp,30.064,degC
7.6667,DO,95.808,%
7.6667,feed_rate,0.0,mL/h
7.6667,pH,6.476,-
7.6667,temp,29.991,degC
7.6833,DO,95.337,%
7.6833,feed_rate,0.0,mL/h
7.6833,pH,6.485,-
7.6833,temp,30.006,degC
7.7,DO,95.358,%
7.7,feed_rate,0.0,mL/h
7.7,pH,6.47,-
7.7,temp,30.058,degC
7.7167,DO,95.655,%
7.7167,feed_rate,0.0,mL/h
7.7167,pH,6.475,-
7.7167,temp,30.083,degC
7.7333,DO,95.636,%
7.7333,feed_rate,0.0,mL/h
7.7333,pH,6.472,-
7.7333,temp,29.937,degC
7.75,DO,95.586,%
7.75,feed_rate,0.0,mL/h
7.75,pH,6.479,-
7.75,temp,29.976,degC
7.7667,DO,95.376,%
7.7667,feed_rate,0.0,mL/h
7.7667,pH,6.459,-
7.7667,temp,30.002,degC
7.7833,DO,95.485,%
7.7833,feed_rate,0.0,mL/h
7.7833,pH,6.476,-
7.7833,temp,30.048,degC
7.8,DO,94.758,%
7.8,feed_rate,0.0,mL/h
7.8,pH,6.465,-
7.8,temp,29.94,degC
7.8167,DO,94.882,%
7.8167,feed_rate,0.0,mL/h
7.8167,pH,6.466,-
7.8167,temp,30.05,degC
7.8333,DO,94.916,%
7.8333,feed_rate,0.0,mL/h
7.8333,pH,6.469,-
7.8333,temp,29.968,degC
7.85,DO,94.518,%
7.85,feed_rate,0.0,mL/h
7.85,pH,6.467,-
7.85,temp,30.041,degC
7.8667,DO,95.258,%
7.8667,feed_rate,0.0,mL/h
7.8667,pH,6.461,-
7.8667,temp,30.016,degC
7.8833,DO,94.777,%
7.8833,feed_rate,0.0,mL/h
7.8833,pH,6.466,-
7.8833,temp,30.077,degC
7.9,DO,94.48,%
7.9,feed_rate,0.0,mL/h
7.9,pH,6.46,-
7.9,temp,29.951,degC
7.9167,DO,94.2,%
7.9167,feed_rate,0.0,mL/h
7.9167,pH,6.483,-
7.9167,temp,30.032,degC
7.9333,DO,94.664,%
7.9333,feed_rate,0.0,mL/h
7.9333,pH,6.476,-
7.9333,temp,29.988,degC
7.95,DO,94.431,%
7.95,feed_rate,0.0,mL/h
7.95,pH,6.465,-
7.95,temp,29.967,degC
7.9667,DO,94.707,%
7.9667,feed_rate,0.0,mL/h
7.9667,pH,6.484,-
7.9667,temp,30.05,degC
7.9833,DO,94.898,%
7.9833,feed_rate,0.0,mL/h
7.9833,pH,6.481,-
7.9833,temp,29.954,degC
8.0,DO,94.947,%
8.0,feed_rate,0.0,mL/h
8.0,pH,6.473,-
8.0,temp,30.04,degC
8.0167,DO,90.591,%
8.0167,feed_rate,9.802,mL/h
8.0167,pH,6.463,-
8.0167,temp,29.95,degC
8.0333,DO,87.309,%
8.0333,feed_rate,9.802,mL/h
8.0333,pH,6.471,-
8.0333,temp,29.943,degC
8.05,DO,85.364,%
8.05,feed_rate,9.802,mL/h
8.05,pH,6.474,-
8.05,temp,30.037,degC
8.0667,DO,82.913,%
8.0667,feed_rate,9.802,mL/h
8.0667,pH,6.482,-
8.0667,temp,30.111,degC
8.0833,DO,81.086,%
8.0833,feed_rate,9.802,mL/h
8.0833,pH,6.466,-
8.0833,temp,30.026,degC
8.1,DO,79.819,%
8.1,feed_rate,9.802,mL/h
8.1,pH,6.463,-
8.1,temp,29.954,degC
8.1167,DO,79.092,%
8.1167,feed_rate,9.802,mL/h
8.1167,pH,6.491,-
8.1167,temp,30.019,degC
8.1333,DO,78.337,%
8.1333,feed_rate,9.802,mL/h
8.1333,pH,6.482,-
8.1333,temp,29.986,degC
8.15,DO,77.876,%
8.15,feed_rate,9.802,mL/h
8.15,pH,6.471,-
8.15,temp,29.968,degC
8.1667,DO,76.958,%
8.1667,feed_rate,9.802,mL/h
8.1667,pH,6.459,-
8.1667,temp,30.012,degC
8.1833,DO,76.822,%
8.1833,feed_rate,9.802,mL/h
8.1833,pH,6.473,-
8.1833,temp,30.028,degC
8.2,DO,76.596,%
8.2,feed_rate,9.802,mL/h
8.2,pH,6.479,-
8.2,temp,30.042,degC
8.2167,DO,75.76,%
8.2167,feed_rate,9.802,mL/h
8.2167,pH,6.475,-
8.2167,temp,29.95,degC
8.2333,DO,76.026,%
8.2333,feed_rate,9.802,mL/h
8.2333,pH,6.476,-
8.2333,temp,30.083,degC
8.25,DO,76.459,%
8.25,feed_rate,9.802,mL/h
8.25,pH,6.468,-
8.25,temp,29.986,degC
8.2667,DO,75.882,%
8.2667,feed_rate,9.802,mL/h
8.2667,pH,6.479,-
8.2667,temp,29.92,degC
8.2833,DO,75.662,%
8.2833,feed_rate,9.802,mL/h
8.2833,pH,6.461,-
8.2833,temp,29.958,degC
8.3,DO,75.883,%
8.3,feed_rate,9.802,mL/h
8.3,pH,6.463,-
8.3,temp,30.007,degC
8.3167,DO,75.191,%
8.3167,feed_rate,9.802,mL/h
8.3167,pH,6.462,-
8.3167,temp,29.957,degC
8.3333,DO,74.479,%
8.3333,feed_rate,9.802,mL/h
8.3333,pH,6.461,-
8.3333,temp,30.01,degC
8.35,DO,74.112,%
8.35,feed_rate,9.802,mL/h
8.35,pH,6.486,-
8.35,temp,29.955,degC
8.3667,DO,74.031,%
8.3667,feed_rate,9.802,mL/h
8.3667,pH,6.45,-
8.3667,temp,30.052,degC
8.3833,DO,73.958,%
8.3833,feed_rate,9.802,mL/h
8.3833,pH,6.469,-
8.3833,temp,30.009,degC
8.4,DO,74.249,%
8.4,feed_rate,9.802,mL/h
8.4,pH,6.457,-
8.4,temp,29.987,degC
8.4167,DO,74.375,%
8.4167,feed_rate,9.802,mL/h
8.4167,pH,6.455,-
8.4167,temp,30.049,degC
8.4333,DO,74.015,%
8.4333,feed_rate,9.802,mL/h
8.4333,pH,6.468,-
8.4333,temp,29.952,degC
8.45,DO,74.266,%
8.45,feed_rate,9.802,mL/h
8.45,pH,6.451,-
8.45,temp,29.991,degC
8.4667,DO,74.853,%
8.4667,feed_rate,9.802,mL/h
8.4667,pH,6.466,-
8.4667,temp,30.029,degC
8.4833,DO,75.114,%
8.4833,feed_rate,9.802,mL/h
8.4833,pH,6.489,-
8.4833,temp,30.018,degC
8.5,DO,75.254,%
8.5,feed_rate,9.802,mL/h
8.5,pH,6.465,-
8.5,temp,30.002,degC
8.5167,DO,75.07,%
8.5167,feed_rate,9.802,mL/h
8.5167,pH,6.471,-
8.5167,temp,30.043,degC
8.5333,DO,75.206,%
8.5333,feed_rate,9.802,mL/h
8.5333,pH,6.458,-
8.5333,temp,29.973,degC
8.55,DO,74.723,%
8.55,feed_rate,9.802,mL/h
8.55,pH,6.471,-
8.55,temp,29.998,degC
8.5667,DO,74.847,%
8.5667,feed_rate,9.802,mL/h
8.5667,pH,6.451,-
8.5667,temp,29.955,degC
8.5833,DO,74.688,%
8.5833,feed_rate,9.802,mL/h
8.5833,pH,6.468,-
8.5833,temp,29.996,degC
8.6,DO,74.921,%
8.6,feed_rate,9.802,mL/h
8.6,pH,6.465,-
8.6,temp,29.94,degC
8.6167,DO,74.901,%
8.6167,feed_rate,9.802,mL/h
8.6167,pH,6.487,-
8.6167,temp,29.94,degC
8.6333,DO,74.413,%
8.6333,feed_rate,9.802,mL/h
8.6333,pH,6.465,-
8.6333,temp,29.998,degC
8.65,DO,74.382,%
8.65,feed_rate,9.802,mL/h
8.65,pH,6.462,-
8.65,temp,29.947,degC
8.6667,DO,74.678,%
8.6667,feed_rate,9.802,mL/h
8.6667,pH,6.46,-
8.6667,temp,30.037,degC
8.6833,DO,74.205,%
8.6833,feed_rate,9.802,mL/h
8.6833,pH,6.454,-
8.6833,temp,30.047,degC
8.7,DO,73.991,%
8.7,feed_rate,9.802,mL/h
8.7,pH,6.473,-
8.7,temp,30.028,degC
8.7167,DO,73.751,%
8.7167,feed_rate,9.802,mL/h
8.7167,pH,6.48,-
8.7167,temp,30.036,degC
8.7333,DO,73.334,%
8.7333,feed_rate,9.802,mL/h
8.7333,pH,6.462,-
8.7333,temp,30.024,degC
8.75,DO,73.732,%
8.75,feed_rate,9.802,mL/h
8.75,pH,6.472,-
8.75,temp,29.923,degC
8.7667,DO,74.149,%
8.7667,feed_rate,9.802,mL/h
8.7667,pH,6.462,-
8.7667,temp,29.943,degC
8.7833,DO,74.324,%
8.7833,feed_rate,9.802,mL/h
8.7833,pH,6.469,-
8.7833,temp,30.015,degC
8.8,DO,74.29,%
8.8,feed_rate,9.802,mL/h
8.8,pH,6.47,-
8.8,temp,29.944,degC
8.8167,DO,74.168,%
8.8167,feed_rate,9.802,mL/h
8.8167,pH,6.451,-
8.8167,temp,29.964,degC
8.8333,DO,74.151,%
8.8333,feed_rate,9.802,mL/h
8.8333,pH,6.457,-
8.8333,temp,29.997,degC
8.85,DO,73.841,%
8.85,feed_rate,9.802,mL/h
8.85,pH,6.474,-
8.85,temp,30.014,degC
8.8667,DO,74.073,%
8.8667,feed_rate,9.802,mL/h
8.8667,pH,6.446,-
8.8667,temp,29.919,degC
8.8833,DO,74.299,%
8.8833,feed_rate,9.802,mL/h
8.8833,pH,6.465,-
8.8833,temp,30.0,degC
8.9,DO,74.439,%
8.9,feed_rate,9.802,mL/h
8.9,pH,6.461,-
8.9,temp,30.041,degC
8.9167,DO,74.105,%
8.9167,feed_rate,9.802,mL/h
8.9167,pH,6.455,-
8.9167,temp,30.017,degC
8.9333,DO,74.015,%
8.9333,feed_rate,9.802,mL/h
8.9333,pH,6.465,-
8.9333,temp,30.074,degC
8.95,DO,73.863,%
8.95,feed_rate,9.802,mL/h
8.95,pH,6.467,-
8.95,temp,29.975,degC
8.9667,DO,74.321,%
8.9667,feed_rate,9.802,mL/h
8.9667,pH,6.47,-
8.9667,temp,30.063,degC
8.9833,DO,74.198,%
8.9833,feed_rate,9.802,mL/h
8.9833,pH,6.438,-
8.9833,temp,30.107,degC
9.0,DO,73.475,%
9.0,feed_rate,9.802,mL/h
9.0,pH,6.481,-
9.0,temp,30.035,degC
9.0167,DO,73.575,%
9.0167,feed_rate,9.802,mL/h
9.0167,pH,6.459,-
9.0167,temp,30.049,degC
9.0333,DO,74.092,%
9.0333,feed_rate,9.802,mL/h
9.0333,pH,6.474,-
9.0333,temp,30.05,degC
9.05,DO,74.141,%
9.05,feed_rate,9.802,mL/h
9.05,pH,6.463,-
9.05,temp,29.89,degC
9.0667,DO,74.231,%
9.0667,feed_rate,9.802,mL/h
9.0667,pH,6.458,-
9.0667,temp,29.964,degC
9.0833,DO,74.044,%
9.0833,feed_rate,9.802,mL/h
9.0833,pH,6.463,-
9.0833,temp,30.053,degC
9.1,DO,73.286,%
9.1,feed_rate,9.802,mL/h
9.1,pH,6.495,-
9.1,temp,29.935,degC
9.1167,DO,72.72,%
9.1167,feed_rate,9.802,mL/h
9.1167,pH,6.479,-
9.1167,temp,30.014,degC
9.1333,DO,72.431,%
9.1333,feed_rate,9.802,mL/h
9.1333,pH,6.46,-
9.1333,temp,30.026,degC
9.15,DO,72.528,%
9.15,feed_rate,9.802,mL/h
9.15,pH,6.466,-
9.15,temp,30.062,degC
9.1667,DO,72.73,%
9.1667,feed_rate,9.802,mL/h
9.1667,pH,6.475,-
9.1667,temp,29.992,degC
9.1833,DO,72.999,%
9.1833,feed_rate,9.802,mL/h
9.1833,pH,6.469,-
9.1833,temp,30.042,degC
9.2,DO,72.898,%
9.2,feed_rate,9.802,mL/h
9.2,pH,6.464,-
9.2,temp,29.998,degC
9.2167,DO,73.199,%
9.2167,feed_rate,9.802,mL/h
9.2167,pH,6.461,-
9.2167,temp,30.078,degC
9.2333,DO,73.063,%
9.2333,feed_rate,9.802,mL/h
9.2333,pH,6.452,-
9.2333,temp,29.967,degC
9.25,DO,72.819,%
9.25,feed_rate,9.802,mL/h
9.25,pH,6.471,-
9.25,temp,29.972,degC
9.2667,DO,73.085,%
9.2667,feed_rate,9.802,mL/h
9.2667,pH,6.474,-
9.2667,temp,30.019,degC
9.2833,DO,72.76,%
9.2833,feed_rate,9.802,mL/h
9.2833,pH,6.485,-
9.2833,temp,30.082,degC
9.3,DO,71.949,%
9.3,feed_rate,9.802,mL/h
9.3,pH,6.457,-
9.3,temp,30.012,degC
9.3167,DO,71.794,%
9.3167,feed_rate,9.802,mL/h
9.3167,pH,6.469,-
9.3167,temp,29.997,degC
9.3333,DO,72.009,%
9.3333,feed_rate,9.802,mL/h
9.3333,pH,6.462,-
9.3333,temp,29.967,degC
9.35,DO,71.221,%
9.35,feed_rate,9.802,mL/h
9.35,pH,6.475,-
9.35,temp,30.051,degC
9.3667,DO,71.401,%
9.3667,feed_rate,9.802,mL/h
9.3667,pH,6.462,-
9.3667,temp,29.964,degC
9.3833,DO,71.546,%
9.3833,feed_rate,9.802,mL/h
9.3833,pH,6.456,-
9.3833,temp,29.986,degC
9.4,DO,71.326,%
9.4,feed_rate,9.802,mL/h
9.4,pH,6.446,-
9.4,temp,29.984,degC
9.4167,DO,71.126,%
9.4167,feed_rate,9.802,mL/h
9.4167,pH,6.47,-
9.4167,temp,30.054,degC
9.4333,DO,72.168,%
9.4333,feed_rate,7.544,mL/h
9.4333,pH,6.464,-
9.4333,temp,29.956,degC
9.45,DO,72.969,%
9.45,feed_rate,7.544,mL/h
9.45,pH,6.473,-
9.45,temp,29.956,degC
9.4667,DO,74.145,%
9.4667,feed_rate,7.544,mL/h
9.4667,pH,6.457,-
9.4667,temp,30.009,degC
9.4833,DO,74.813,%
9.4833,feed_rate,7.544,mL/h
9.4833,pH,6.488,-
9.4833,temp,30.001,degC
9.5,DO,74.753,%
9.5,feed_rate,7.544,mL/h
9.5,pH,6.455,-
9.5,temp,29.924,degC
9.5167,DO,74.916,%
9.5167,feed_rate,7.544,mL/h
9.5167,pH,6.467,-
9.5167,temp,29.954,degC
9.5333,DO,75.507,%
9.5333,feed_rate,7.544,mL/h
9.5333,pH,6.466,-
9.5333,temp,29.966,degC
9.55,DO,76.329,%
9.55,feed_rate,7.544,mL/h
9.55,pH,6.473,-
9.55,temp,30.0,degC
9.5667,DO,76.527,%
9.5667,feed_rate,7.544,mL/h
9.5667,pH,6.46,-
9.5667,temp,29.956,degC
9.5833,DO,76.655,%
9.5833,feed_rate,7.544,mL/h
9.5833,pH,6.453,-
9.5833,temp,30.097,degC
9.6,DO,77.215,%
9.6,feed_rate,7.544,mL/h
9.6,pH,6.452,-
9.6,temp,30.012,degC
9.6167,DO,77.091,%
9.6167,feed_rate,7.544,mL/h
9.6167,pH,6.47,-
9.6167,temp,30.059,degC
9.6333,DO,76.898,%
9.6333,feed_rate,7.544,mL/h
9.6333,pH,6.463,-
9.6333,temp,30.015,degC
9.65,DO,76.405,%
9.65,feed_rate,7.544,mL/h
9.65,pH,6.465,-
9.65,temp,30.011,degC
9.6667,DO,76.273,%
9.6667,feed_rate,7.544,mL/h
9.6667,pH,6.453,-
9.6667,temp,30.035,degC
9.6833,DO,76.967,%
9.6833,feed_rate,7.544,mL/h
9.6833,pH,6.463,-
9.6833,temp,29.981,degC
9.7,DO,76.435,%
9.7,feed_rate,7.544,mL/h
9.7,pH,6.463,-
9.7,temp,29.908,degC
9.7167,DO,76.431,%
9.7167,feed_rate,7.544,mL/h
9.7167,pH,6.467,-
9.7167,temp,30.02,degC
9.7333,DO,75.995,%
9.7333,feed_rate,7.544,mL/h
9.7333,pH,6.446,-
9.7333,temp,29.961,degC
9.75,DO,76.099,%
9.75,feed_rate,7.544,mL/h
9.75,pH,6.453,-
9.75,temp,30.064,degC
9.7667,DO,76.403,%
9.7667,feed_rate,7.544,mL/h
9.7667,pH,6.478,-
9.7667,temp,29.953,degC
9.7833,DO,76.299,%
9.7833,feed_rate,7.544,mL/h
9.7833,pH,6.457,-
9.7833,temp,30.006,degC
9.8,DO,76.5,%
9.8,feed_rate,7.544,mL/h
9.8,pH,6.46,-
9.8,temp,30.0,degC
9.8167,DO,76.65,%
9.8167,feed_rate,7.544,mL/h
9.8167,pH,6.457,-
9.8167,temp,29.97,degC
9.8333,DO,76.68,%
9.8333,feed_rate,7.544,mL/h
9.8333,pH,6.446,-
9.8333,temp,29.979,degC
9.85,DO,77.077,%
9.85,feed_rate,7.544,mL/h
9.85,pH,6.45,-
9.85,temp,29.99,degC
9.8667,DO,77.106,%
9.8667,feed_rate,7.544,mL/h
9.8667,pH,6.464,-
9.8667,temp,30.008,degC
9.8833,DO,76.796,%
9.8833,feed_rate,7.544,mL/h
9.8833,pH,6.454,-
9.8833,temp,30.012,degC
9.9,DO,76.427,%
9.9,feed_rate,7.544,mL/h
9.9,pH,6.481,-
9.9,temp,30.001,degC
9.9167,DO,76.075,%
9.9167,feed_rate,7.544,mL/h
9.9167,pH,6.445,-
9.9167,temp,29.998,degC
9.9333,DO,76.181,%
9.9333,feed_rate,7.544,mL/h
9.9333,pH,6.441,-
9.9333,temp,29.887,degC
9.95,DO,76.019,%
9.95,feed_rate,7.544,mL/h
9.95,pH,6.456,-
9.95,temp,30.068,degC
9.9667,DO,76.796,%
9.9667,feed_rate,7.544,mL/h
9.9667,pH,6.448,-
9.9667,temp,30.033,degC
9.9833,DO,77.145,%
9.9833,feed_rate,7.544,mL/h
9.9833,pH,6.474,-
9.9833,temp,29.936,degC
10.0,DO,76.798,%
10.0,feed_rate,7.544,mL/h
10.0,pH,6.456,-
10.0,temp,29.957,degC
10.0167,DO,76.478,%
10.0167,feed_rate,7.544,mL/h
10.0167,pH,6.465,-
10.0167,temp,29.892,degC
10.0333,DO,76.82,%
10.0333,feed_rate,7.544,mL/h
10.0333,pH,6.446,-
10.0333,temp,29.851,degC
10.05,DO,76.013,%
10.05,feed_rate,7.544,mL/h
10.05,pH,6.466,-
10.05,temp,29.975,degC
10.0667,DO,75.789,%
10.0667,feed_rate,7.544,mL/h
10.0667,pH,6.466,-
10.0667,temp,30.082,degC
10.0833,DO,76.023,%
10.0833,feed_rate,7.544,mL/h
10.0833,pH,6.472,-
10.0833,temp,30.007,degC
10.1,DO,75.642,%
10.1,feed_rate,7.544,mL/h
10.1,pH,6.462,-
10.1,temp,30.01,degC
10.1167,DO,75.46,%
10.1167,feed_rate,7.544,mL/h
10.1167,pH,6.465,-
10.1167,temp,30.003,degC
10.1333,DO,75.344,%
10.1333,feed_rate,7.544,mL/h
10.1333,pH,6.461,-
10.1333,temp,30.029,degC
10.15,DO,75.547,%
10.15,feed_rate,7.544,mL/h
10.15,pH,6.469,-
10.15,temp,29.997,degC
10.1667,DO,75.543,%
10.1667,feed_rate,7.544,mL/h
10.1667,pH,6.455,-
10.1667,temp,29.958,degC
10.1833,DO,75.611,%
10.1833,feed_rate,7.544,mL/h
10.1833,pH,6.465,-
10.1833,temp,29.97,degC
10.2,DO,75.716,%
10.2,feed_rate,7.544,mL/h
10.2,pH,6.453,-
10.2,temp,30.034,degC
10.2167,DO,75.621,%
10.2167,feed_rate,7.544,mL/h
10.2167,pH,6.466,-
10.2167,temp,29.98,degC
10.2333,DO,75.861,%
10.2333,feed_rate,7.544,mL/h
10.2333,pH,6.456,-
10.2333,temp,29.904,degC
10.25,DO,75.493,%
10.25,feed_rate,7.544,mL/h
10.25,pH,6.452,-
10.25,temp,30.027,degC
10.2667,DO,74.978,%
10.2667,feed_rate,7.544,mL/h
10.2667,pH,6.452,-
10.2667,temp,30.011,degC
10.2833,DO,74.455,%
10.2833,feed_rate,7.544,mL/h
10.2833,pH,6.473,-
10.2833,temp,30.067,degC
10.3,DO,74.075,%
10.3,feed_rate,7.544,mL/h
10.3,pH,6.443,-
10.3,temp,30.005,degC
10.3167,DO,74.083,%
10.3167,feed_rate,7.544,mL/h
10.3167,pH,6.444,-
10.3167,temp,30.0,degC
10.3333,DO,74.556,%
10.3333,feed_rate,7.544,mL/h
10.3333,pH,6.465,-
10.3333,temp,29.994,degC
10.35,DO,74.668,%
10.35,feed_rate,7.544,mL/h
10.35,pH,6.449,-
10.35,temp,29.96,degC
10.3667,DO,74.518,%
10.3667,feed_rate,7.544,mL/h
10.3667,pH,6.454,-
10.3667,temp,30.013,degC
10.3833,DO,74.247,%
10.3833,feed_rate,7.544,mL/h
10.3833,pH,6.453,-
10.3833,temp,29.974,degC
10.4,DO,74.185,%
10.4,feed_rate,7.544,mL/h
10.4,pH,6.481,-
10.4,temp,29.948,degC
10.4167,DO,74.163,%
10.4167,feed_rate,7.544,mL/h
10.4167,pH,6.452,-
10.4167,temp,29.995,degC
10.4333,DO,74.089,%
10.4333,feed_rate,7.544,mL/h
10.4333,pH,6.451,-
10.4333,temp,30.004,degC
10.45,DO,73.761,%
10.45,feed_rate,7.544,mL/h
10.45,pH,6.454,-
10.45,temp,30.018,degC
10.4667,DO,73.776,%
10.4667,feed_rate,7.544,mL/h
10.4667,pH,6.46,-
10.4667,temp,30.033,degC
10.4833,DO,74.228,%
10.4833,feed_rate,7.544,mL/h
10.4833,pH,6.463,-
10.4833,temp,30.109,degC
10.5,DO,73.623,%
10.5,feed_rate,7.544,mL/h
10.5,pH,6.443,-
10.5,temp,29.986,degC
10.5167,DO,73.71,%
10.5167,feed_rate,7.544,mL/h
10.5167,pH,6.462,-
10.5167,temp,30.067,degC
10.5333,DO,73.207,%
10.5333,feed_rate,7.544,mL/h
10.5333,pH,6.477,-
10.5333,temp,30.0,degC
10.55,DO,73.486,%
10.55,feed_rate,7.544,mL/h
10.55,pH,6.44,-
10.55,temp,30.006,degC
10.5667,DO,73.422,%
10.5667,feed_rate,7.544,mL/h
10.5667,pH,6.463,-
10.5667,temp,30.04,degC
10.5833,DO,72.96,%
10.5833,feed_rate,7.544,mL/h
10.5833,pH,6.465,-
10.5833,temp,29.957,degC
10.6,DO,73.237,%
10.6,feed_rate,7.544,mL/h
10.6,pH,6.459,-
10.6,temp,29.996,degC
10.6167,DO,73.965,%
10.6167,feed_rate,7.544,mL/h
10.6167,pH,6.456,-
10.6167,temp,30.034,degC
10.6333,DO,74.026,%
10.6333,feed_rate,7.544,mL/h
10.6333,pH,6.434,-
10.6333,temp,29.927,degC
10.65,DO,74.381,%
10.65,feed_rate,7.544,mL/h
10.65,pH,6.469,-
10.65,temp,29.953,degC
10.6667,DO,74.287,%
10.6667,feed_rate,7.544,mL/h
10.6667,pH,6.454,-
10.6667,temp,29.977,degC
10.6833,DO,73.576,%
10.6833,feed_rate,7.544,mL/h
10.6833,pH,6.455,-
10.6833,temp,29.998,degC
10.7,DO,73.793,%
10.7,feed_rate,7.544,mL/h
10.7,pH,6.469,-
10.7,temp,30.038,degC
10.7167,DO,73.684,%
10.7167,feed_rate,7.544,mL/h
10.7167,pH,6.434,-
10.7167,temp,29.935,degC
10.7333,DO,73.275,%
10.7333,feed_rate,7.544,mL/h
10.7333,pH,6.456,-
10.7333,temp,30.069,degC
10.75,DO,73.613,%
10.75,feed_rate,7.544,mL/h
10.75,pH,6.463,-
10.75,temp,30.035,degC
10.7667,DO,73.724,%
10.7667,feed_rate,7.544,mL/h
10.7667,pH,6.464,-
10.7667,temp,30.03,degC
10.7833,DO,73.56,%
10.7833,feed_rate,7.544,mL/h
10.7833,pH,6.463,-
10.7833,temp,29.901,degC
10.8,DO,73.838,%
10.8,feed_rate,7.544,mL/h
10.8,pH,6.477,-
10.8,temp,30.016,degC
10.8167,DO,73.529,%
10.8167,feed_rate,7.544,mL/h
10.8167,pH,6.46,-
10.8167,temp,29.96,degC
10.8333,DO,73.727,%
10.8333,feed_rate,7.544,mL/h
10.8333,pH,6.467,-
10.8333,temp,30.036,degC
10.85,DO,73.4,%
10.85,feed_rate,7.544,mL/h
10.85,pH,6.464,-
10.85,temp,29.995,degC
10.8667,DO,73.572,%
10.8667,feed_rate,7.544,mL/h
10.8667,pH,6.442,-
10.8667,temp,29.978,degC
10.8833,DO,73.21,%
10.8833,feed_rate,7.544,mL/h
10.8833,pH,6.449,-
10.8833,temp,29.953,degC
10.9,DO,73.688,%
10.9,feed_rate,7.544,mL/h
10.9,pH,6.477,-
10.9,temp,29.988,degC
10.9167,DO,73.69,%
10.9167,feed_rate,7.544,mL/h
10.9167,pH,6.454,-
10.9167,temp,30.033,degC
10.9333,DO,74.036,%
10.9333,feed_rate,7.544,mL/h
10.9333,pH,6.456,-
10.9333,temp,29.917,degC
10.95,DO,73.626,%
10.95,feed_rate,7.544,mL/h
10.95,pH,6.443,-
10.95,temp,29.962,degC
10.9667,DO,73.393,%
10.9667,feed_rate,7.544,mL/h
10.9667,pH,6.453,-
10.9667,temp,29.987,degC
10.9833,DO,73.592,%
10.9833,feed_rate,7.544,mL/h
10.9833,pH,6.443,-
10.9833,temp,29.989,degC
11.0,DO,72.666,%
11.0,feed_rate,7.544,mL/h
11.0,pH,6.45,-
11.0,temp,29.976,degC
11.0167,DO,72.419,%
11.0167,feed_rate,7.544,mL/h
11.0167,pH,6.461,-
11.0167,temp,30.009,degC
11.0333,DO,72.842,%
11.0333,feed_rate,7.544,mL/h
11.0333,pH,6.448,-
11.0333,temp,30.003,degC
11.05,DO,73.0,%
11.05,feed_rate,7.544,mL/h
11.05,pH,6.45,-
11.05,temp,29.894,degC
11.0667,DO,73.27,%
11.0667,feed_rate,7.544,mL/h
11.0667,pH,6.469,-
11.0667,temp,30.05,degC
11.0833,DO,73.091,%
11.0833,feed_rate,7.544,mL/h
11.0833,pH,6.46,-
11.0833,temp,29.928,degC
11.1,DO,73.199,%
11.1,feed_rate,7.544,mL/h
11.1,pH,6.461,-
11.1,temp,30.058,degC
11.1167,DO,72.888,%
11.1167,feed_rate,7.544,mL/h
11.1167,pH,6.465,-
11.1167,temp,30.038,degC
11.1333,DO,72.437,%
11.1333,feed_rate,7.544,mL/h
11.1333,pH,6.45,-
11.1333,temp,29.911,degC
11.15,DO,71.969,%
11.15,feed_rate,7.544,mL/h
11.15,pH,6.451,-
11.15,temp,30.005,degC
11.1667,DO,71.928,%
11.1667,feed_rate,7.544,mL/h
11.1667,pH,6.435,-
11.1667,temp,30.067,degC
11.1833,DO,71.887,%
11.1833,feed_rate,7.544,mL/h
11.1833,pH,6.463,-
11.1833,temp,30.069,degC
11.2,DO,71.819,%
11.2,feed_rate,7.544,mL/h
11.2,pH,6.453,-
11.2,temp,30.009,degC
11.2167,DO,70.879,%
11.2167,feed_rate,7.544,mL/h
11.2167,pH,6.455,-
11.2167,temp,29.961,degC
11.2333,DO,70.583,%
11.2333,feed_rate,7.544,mL/h
11.2333,pH,6.444,-
11.2333,temp,30.06,degC
11.25,DO,70.775,%
11.25,feed_rate,7.544,mL/h
11.25,pH,6.461,-
11.25,temp,29.924,degC
11.2667,DO,71.165,%
11.2667,feed_rate,7.544,mL/h
11.2667,pH,6.461,-
11.2667,temp,29.925,degC
11.2833,DO,71.207,%
11.2833,feed_rate,7.544,mL/h
11.2833,pH,6.457,-
11.2833,temp,30.038,degC
11.3,DO,71.141,%
11.3,feed_rate,7.544,mL/h
11.3,pH,6.439,-
11.3,temp,29.939,degC
11.3167,DO,70.649,%
11.3167,feed_rate,7.544,mL/h
11.3167,pH,6.446,-
11.3167,temp,30.027,degC
11.3333,DO,71.545,%
11.3333,feed_rate,7.544,mL/h
11.3333,pH,6.454,-
11.3333,temp,29.946,degC
11.35,DO,71.314,%
11.35,feed_rate,7.544,mL/h
11.35,pH,6.446,-
11.35,temp,29.968,degC
11.3667,DO,71.108,%
11.3667,feed_rate,9.66,mL/h
11.3667,pH,6.458,-
11.3667,temp,30.058,degC
11.3833,DO,70.897,%
11.3833,feed_rate,9.66,mL/h
11.3833,pH,6.465,-
11.3833,temp,29.996,degC
11.4,DO,70.331,%
11.4,feed_rate,9.66,mL/h
11.4,pH,6.447,-
11.4,temp,30.032,degC
11.4167,DO,69.615,%
11.4167,feed_rate,9.66,mL/h
11.4167,pH,6.453,-
11.4167,temp,29.99,degC
11.4333,DO,69.243,%
11.4333,feed_rate,9.66,mL/h
11.4333,pH,6.447,-
11.4333,temp,29.977,degC
11.45,DO,68.549,%
11.45,feed_rate,9.66,mL/h
11.45,pH,6.465,-
11.45,temp,29.965,degC
11.4667,DO,68.408,%
11.4667,feed_rate,9.66,mL/h
11.4667,pH,6.463,-
11.4667,temp,29.953,degC
11.4833,DO,68.208,%
11.4833,feed_rate,9.66,mL/h
11.4833,pH,6.481,-
11.4833,temp,30.02,degC
11.5,DO,68.196,%
11.5,feed_rate,9.66,mL/h
11.5,pH,6.454,-
11.5,temp,30.022,degC
11.5167,DO,68.302,%
11.5167,feed_rate,9.66,mL/h
11.5167,pH,6.445,-
11.5167,temp,30.083,degC
11.5333,DO,68.611,%
11.5333,feed_rate,9.66,mL/h
11.5333,pH,6.458,-
11.5333,temp,30.014,degC
11.55,DO,68.211,%
11.55,feed_rate,9.66,mL/h
11.55,pH,6.451,-
11.55,temp,29.987,degC
11.5667,DO,68.311,%
11.5667,feed_rate,9.66,mL/h
11.5667,pH,6.456,-
11.5667,temp,30.025,degC
11.5833,DO,67.829,%
11.5833,feed_rate,9.66,mL/h
11.5833,pH,6.466,-
11.5833,temp,30.072,degC
11.6,DO,67.403,%
11.6,feed_rate,9.66,mL/h
11.6,pH,6.451,-
11.6,temp,29.928,degC
11.6167,DO,67.134,%
11.6167,feed_rate,9.66,mL/h
11.6167,pH,6.461,-
11.6167,temp,30.083,degC
11.6333,DO,66.8,%
11.6333,feed_rate,9.66,mL/h
11.6333,pH,6.432,-
11.6333,temp,29.959,degC
11.65,DO,67.11,%
11.65,feed_rate,9.66,mL/h
11.65,pH,6.464,-
11.65,temp,29.96,degC
11.6667,DO,67.331,%
11.6667,feed_rate,9.66,mL/h
11.6667,pH,6.455,-
11.6667,temp,30.129,degC
11.6833,DO,67.602,%
11.6833,feed_rate,9.66,mL/h
11.6833,pH,6.451,-
11.6833,temp,30.055,degC
11.7,DO,67.418,%
11.7,feed_rate,9.66,mL/h
11.7,pH,6.448,-
11.7,temp,29.973,degC
11.7167,DO,67.351,%
11.7167,feed_rate,9.66,mL/h
11.7167,pH,6.467,-
11.7167,temp,30.043,degC
11.7333,DO,67.031,%
11.7333,feed_rate,9.66,mL/h
11.7333,pH,6.448,-
11.7333,temp,30.068,degC
11.75,DO,66.592,%
11.75,feed_rate,9.66,mL/h
11.75,pH,6.466,-
11.75,temp,30.034,degC
11.7667,DO,66.71,%
11.7667,feed_rate,9.66,mL/h
11.7667,pH,6.448,-
11.7667,temp,30.055,degC
11.7833,DO,66.74,%
11.7833,feed_rate,9.66,mL/h
11.7833,pH,6.453,-
11.7833,temp,30.018,degC
11.8,DO,66.341,%
11.8,feed_rate,9.66,mL/h
11.8,pH,6.456,-
11.8,temp,30.026,degC
11.8167,DO,66.518,%
11.8167,feed_rate,9.66,mL/h
11.8167,pH,6.473,-
11.8167,temp,29.943,degC
11.8333,DO,65.951,%
11.8333,feed_rate,9.66,mL/h
11.8333,pH,6.455,-
11.8333,temp,29.949,degC
11.85,DO,65.956,%
11.85,feed_rate,9.66,mL/h
11.85,pH,6.455,-
11.85,temp,30.01,degC
11.8667,DO,65.813,%
11.8667,feed_rate,9.66,mL/h
11.8667,pH,6.452,-
11.8667,temp,29.933,degC
11.8833,DO,65.719,%
11.8833,feed_rate,9.66,mL/h
11.8833,pH,6.45,-
11.8833,temp,30.034,degC
11.9,DO,65.466,%
11.9,feed_rate,9.66,mL/h
11.9,pH,6.446,-
11.9,temp,29.996,degC
11.9167,DO,65.864,%
11.9167,feed_rate,9.66,mL/h
11.9167,pH,6.471,-
11.9167,temp,30.059,degC
11.9333,DO,66.055,%
11.9333,feed_rate,9.66,mL/h
11.9333,pH,6.467,-
11.9333,temp,30.045,degC
11.95,DO,66.383,%
11.95,feed_rate,9.66,mL/h
11.95,pH,6.445,-
11.95,temp,29.979,degC
11.9667,DO,66.318,%
11.9667,feed_rate,9.66,mL/h
11.9667,pH,6.454,-
11.9667,temp,29.865,degC
11.9833,DO,65.827,%
11.9833,feed_rate,9.66,mL/h
11.9833,pH,6.44,-
11.9833,temp,29.928,degC
12.0,DO,65.698,%
12.0,feed_rate,9.66,mL/h
12.0,pH,6.462,-
12.0,temp,30.0,degC
12.0167,DO,65.341,%
12.0167,feed_rate,9.66,mL/h
12.0167,pH,6.459,-
12.0167,temp,30.102,degC
12.0333,DO,65.535,%
12.0333,feed_rate,9.66,mL/h
12.0333,pH,6.453,-
12.0333,temp,30.001,degC
12.05,DO,65.906,%
12.05,feed_rate,9.66,mL/h
12.05,pH,6.444,-
12.05,temp,30.029,degC
12.0667,DO,65.926,%
12.0667,feed_rate,9.66,mL/h
12.0667,pH,6.46,-
12.0667,temp,29.999,degC
12.0833,DO,65.653,%
12.0833,feed_rate,9.66,mL/h
12.0833,pH,6.458,-
12.0833,temp,29.867,degC
12.1,DO,65.492,%
12.1,feed_rate,9.66,mL/h
12.1,pH,6.45,-
12.1,temp,30.03,degC
12.1167,DO,65.524,%
12.1167,feed_rate,9.66,mL/h
12.1167,pH,6.459,-
12.1167,temp,29.987,degC
12.1333,DO,65.044,%
12.1333,feed_rate,9.66,mL/h
12.1333,pH,6.438,-
12.1333,temp,29.925,degC
12.15,DO,65.127,%
12.15,feed_rate,9.66,mL/h
12.15,pH,6.446,-
12.15,temp,30.035,degC
12.1667,DO,65.196,%
12.1667,feed_rate,9.66,mL/h
12.1667,pH,6.442,-
12.1667,temp,29.998,degC
12.1833,DO,65.018,%
12.1833,feed_rate,9.66,mL/h
12.1833,pH,6.453,-
12.1833,temp,30.148,degC
12.2,DO,64.902,%
12.2,feed_rate,9.66,mL/h
12.2,pH,6.468,-
12.2,temp,29.889,degC
12.2167,DO,64.974,%
12.2167,feed_rate,9.66,mL/h
12.2167,pH,6.452,-
12.2167,temp,29.96,degC
12.2333,DO,64.723,%
12.2333,feed_rate,9.66,mL/h
12.2333,pH,6.463,-
12.2333,temp,30.002,degC
12.25,DO,64.511,%
12.25,feed_rate,9.66,mL/h
12.25,pH,6.451,-
12.25,temp,29.981,degC
12.2667,DO,64.81,%
12.2667,feed_rate,9.66,mL/h
12.2667,pH,6.447,-
12.2667,temp,30.033,degC
12.2833,DO,64.87,%
12.2833,feed_rate,9.66,mL/h
12.2833,pH,6.461,-
12.2833,temp,30.045,degC
12.3,DO,65.344,%
12.3,feed_rate,9.66,mL/h
12.3,pH,6.456,-
12.3,temp,30.024,degC
12.3167,DO,64.912,%
12.3167,feed_rate,9.66,mL/h
12.3167,pH,6.465,-
12.3167,temp,30.003,degC
12.3333,DO,64.317,%
12.3333,feed_rate,9.66,mL/h
12.3333,pH,6.461,-
12.3333,temp,29.965,degC
12.35,DO,64.646,%
12.35,feed_rate,9.66,mL/h
12.35,pH,6.443,-
12.35,temp,30.009,degC
12.3667,DO,64.902,%
12.3667,feed_rate,9.66,mL/h
12.3667,pH,6.425,-
12.3667,temp,30.045,degC
12.3833,DO,64.587,%
12.3833,feed_rate,9.66,mL/h
12.3833,pH,6.452,-
12.3833,temp,30.006,degC
12.4,DO,64.104,%
12.4,feed_rate,9.66,mL/h
12.4,pH,6.439,-
12.4,temp,29.895,degC
12.4167,DO,64.132,%
12.4167,feed_rate,9.66,mL/h
12.4167,pH,6.436,-
12.4167,temp,30.084,degC
12.4333,DO,63.632,%
12.4333,feed_rate,9.66,mL/h
12.4333,pH,6.436,-
12.4333,temp,29.975,degC
12.45,DO,63.643,%
12.45,feed_rate,9.66,mL/h
12.45,pH,6.444,-
12.45,temp,30.044,degC
12.4667,DO,63.088,%
12.4667,feed_rate,9.66,mL/h
12.4667,pH,6.448,-
12.4667,temp,29.975,degC
12.4833,DO,63.215,%
12.4833,feed_rate,9.66,mL/h
12.4833,pH,6.45,-
12.4833,temp,30.054,degC
12.5,DO,62.74,%
12.5,feed_rate,9.66,mL/h
12.5,pH,6.471,-
12.5,temp,29.984,degC
12.5167,DO,62.914,%
12.5167,feed_rate,9.66,mL/h
12.5167,pH,6.438,-
12.5167,temp,30.075,degC
12.5333,DO,63.567,%
12.5333,feed_rate,9.66,mL/h
12.5333,pH,6.45,-
12.5333,temp,30.066,degC
12.55,DO,63.543,%
12.55,feed_rate,9.66,mL/h
12.55,pH,6.437,-
12.55,temp,29.968,degC
12.5667,DO,63.822,%
12.5667,feed_rate,9.66,mL/h
12.5667,pH,6.44,-
12.5667,temp,29.854,degC
12.5833,DO,63.611,%
12.5833,feed_rate,9.66,mL/h
12.5833,pH,6.45,-
12.5833,temp,30.018,degC
12.6,DO,63.354,%
12.6,feed_rate,9.66,mL/h
12.6,pH,6.454,-
12.6,temp,29.951,degC
12.6167,DO,62.956,%
12.6167,feed_rate,9.66,mL/h
12.6167,pH,6.437,-
12.6167,temp,30.049,degC
12.6333,DO,63.387,%
12.6333,feed_rate,9.66,mL/h
12.6333,pH,6.461,-
12.6333,temp,30.019,degC
12.65,DO,63.39,%
12.65,feed_rate,9.66,mL/h
12.65,pH,6.44,-
12.65,temp,29.982,degC
12.6667,DO,63.885,%
12.6667,feed_rate,9.66,mL/h
12.6667,pH,6.459,-
12.6667,temp,29.953,degC
12.6833,DO,63.428,%
12.6833,feed_rate,9.66,mL/h
12.6833,pH,6.449,-
12.6833,temp,29.958,degC
12.7,DO,63.338,%
12.7,feed_rate,9.66,mL/h
12.7,pH,6.458,-
12.7,temp,30.074,degC
12.7167,DO,63.344,%
12.7167,feed_rate,9.66,mL/h
12.7167,pH,6.455,-
12.7167,temp,30.048,degC
12.7333,DO,63.737,%
12.7333,feed_rate,9.66,mL/h
12.7333,pH,6.446,-
12.7333,temp,29.989,degC
12.75,DO,64.162,%
12.75,feed_rate,9.66,mL/h
12.75,pH,6.454,-
12.75,temp,30.016,degC
12.7667,DO,63.75,%
12.7667,feed_rate,9.66,mL/h
12.7667,pH,6.436,-
12.7667,temp,30.046,degC
12.7833,DO,63.262,%
12.7833,feed_rate,9.66,mL/h
12.7833,pH,6.436,-
12.7833,temp,29.991,degC
12.8,DO,62.679,%
12.8,feed_rate,9.66,mL/h
12.8,pH,6.445,-
12.8,temp,29.91,degC
12.8167,DO,63.122,%
12.8167,feed_rate,9.66,mL/h
12.8167,pH,6.462,-
12.8167,temp,30.083,degC
12.8333,DO,63.038,%
12.8333,feed_rate,9.66,mL/h
12.8333,pH,6.441,-
12.8333,temp,29.984,degC
12.85,DO,62.79,%
12.85,feed_rate,9.66,mL/h
12.85,pH,6.443,-
12.85,temp,29.97,degC
12.8667,DO,62.759,%
12.8667,feed_rate,9.66,mL/h
12.8667,pH,6.465,-
12.8667,temp,30.002,degC
12.8833,DO,61.97,%
12.8833,feed_rate,9.66,mL/h
12.8833,pH,6.449,-
12.8833,temp,29.952,degC
12.9,DO,61.577,%
12.9,feed_rate,9.66,mL/h
12.9,pH,6.448,-
12.9,temp,29.946,degC
12.9167,DO,62.049,%
12.9167,feed_rate,9.66,mL/h
12.9167,pH,6.438,-
12.9167,temp,30.012,degC
12.9333,DO,62.252,%
12.9333,feed_rate,9.66,mL/h
12.9333,pH,6.449,-
12.9333,temp,29.965,degC
12.95,DO,62.33,%
12.95,feed_rate,9.66,mL/h
12.95,pH,6.454,-
12.95,temp,30.022,degC
12.9667,DO,62.034,%
12.9667,feed_rate,9.66,mL/h
12.9667,pH,6.448,-
12.9667,temp,30.021,degC
12.9833,DO,62.262,%
12.9833,feed_rate,9.66,mL/h
12.9833,pH,6.456,-
12.9833,temp,30.099,degC
13.0,DO,62.79,%
13.0,feed_rate,9.66,mL/h
13.0,pH,6.451,-
13.0,temp,29.987,degC
13.0167,DO,62.3,%
13.0167,feed_rate,9.66,mL/h
13.0167,pH,6.458,-
13.0167,temp,30.005,degC
13.0333,DO,62.267,%
13.0333,feed_rate,9.66,mL/h
13.0333,pH,6.456,-
13.0333,temp,29.973,degC
13.05,DO,62.094,%
13.05,feed_rate,9.66,mL/h
13.05,pH,6.446,-
13.05,temp,30.06,degC
13.0667,DO,62.183,%
13.0667,feed_rate,9.66,mL/h
13.0667,pH,6.456,-
13.0667,temp,30.025,degC
13.0833,DO,62.137,%
13.0833,feed_rate,9.66,mL/h
13.0833,pH,6.466,-
13.0833,temp,30.02,degC
13.1,DO,62.041,%
13.1,feed_rate,9.66,mL/h
13.1,pH,6.451,-
13.1,temp,30.095,degC
13.1167,DO,61.731,%
13.1167,feed_rate,9.66,mL/h
13.1167,pH,6.435,-
13.1167,temp,30.015,degC
13.1333,DO,61.731,%
13.1333,feed_rate,9.66,mL/h
13.1333,pH,6.449,-
13.1333,temp,30.014,degC
13.15,DO,61.54,%
13.15,feed_rate,9.66,mL/h
13.15,pH,6.445,-
13.15,temp,29.935,degC
13.1667,DO,61.515,%
13.1667,feed_rate,9.66,mL/h
13.1667,pH,6.473,-
13.1667,temp,29.914,degC
13.1833,DO,61.508,%
13.1833,feed_rate,9.66,mL/h
13.1833,pH,6.455,-
13.1833,temp,29.975,degC
13.2,DO,61.706,%
13.2,feed_rate,9.66,mL/h
13.2,pH,6.436,-
13.2,temp,30.006,degC
13.2167,DO,61.481,%
13.2167,feed_rate,9.66,mL/h
13.2167,pH,6.445,-
13.2167,temp,29.946,degC
13.2333,DO,61.367,%
13.2333,feed_rate,9.66,mL/h
13.2333,pH,6.462,-
13.2333,temp,29.953,degC
13.25,DO,61.682,%
13.25,feed_rate,9.66,mL/h
13.25,pH,6.435,-
13.25,temp,30.039,degC
13.2667,DO,61.535,%
13.2667,feed_rate,9.66,mL/h
13.2667,pH,6.442,-
13.2667,temp,29.973,degC
13.2833,DO,61.392,%
13.2833,feed_rate,9.66,mL/h
13.2833,pH,6.447,-
13.2833,temp,29.972,degC
13.3,DO,61.604,%
13.3,feed_rate,9.66,mL/h
13.3,pH,6.445,-
13.3,temp,29.984,degC
13.3167,DO,61.584,%
13.3167,feed_rate,9.66,mL/h
13.3167,pH,6.441,-
13.3167,temp,29.946,degC
13.3333,DO,61.501,%
13.3333,feed_rate,9.66,mL/h
13.3333,pH,6.448,-
13.3333,temp,30.044,degC
13.35,DO,61.462,%
13.35,feed_rate,9.66,mL/h
13.35,pH,6.432,-
13.35,temp,30.073,degC
13.3667,DO,60.98,%
13.3667,feed_rate,9.66,mL/h
13.3667,pH,6.441,-
13.3667,temp,30.053,degC
13.3833,DO,61.093,%
13.3833,feed_rate,9.66,mL/h
13.3833,pH,6.44,-
13.3833,temp,30.078,degC
13.4,DO,61.431,%
13.4,feed_rate,9.66,mL/h
13.4,pH,6.443,-
13.4,temp,29.902,degC
13.4167,DO,61.467,%
13.4167,feed_rate,9.66,mL/h
13.4167,pH,6.443,-
13.4167,temp,30.046,degC
13.4333,DO,60.842,%
13.4333,feed_rate,9.66,mL/h
13.4333,pH,6.446,-
13.4333,temp,29.995,degC
13.45,DO,60.882,%
13.45,feed_rate,9.66,mL/h
13.45,pH,6.443,-
13.45,temp,30.07,degC
13.4667,DO,60.546,%
13.4667,feed_rate,9.66,mL/h
13.4667,pH,6.442,-
13.4667,temp,29.969,degC
13.4833,DO,60.469,%
13.4833,feed_rate,9.66,mL/h
13.4833,pH,6.45,-
13.4833,temp,30.042,degC
13.5,DO,60.502,%
13.5,feed_rate,9.66,mL/h
13.5,pH,6.455,-
13.5,temp,30.091,degC
13.5167,DO,60.12,%
13.5167,feed_rate,9.66,mL/h
13.5167,pH,6.455,-
13.5167,temp,30.033,degC
13.5333,DO,60.561,%
13.5333,feed_rate,9.66,mL/h
13.5333,pH,6.434,-
13.5333,temp,30.009,degC
13.55,DO,60.481,%
13.55,feed_rate,9.66,mL/h
13.55,pH,6.448,-
13.55,temp,29.994,degC
13.5667,DO,60.663,%
13.5667,feed_rate,9.66,mL/h
13.5667,pH,6.453,-
13.5667,temp,30.029,degC
13.5833,DO,60.75,%
13.5833,feed_rate,9.66,mL/h
13.5833,pH,6.443,-
13.5833,temp,29.993,degC
13.6,DO,61.02,%
13.6,feed_rate,9.66,mL/h
13.6,pH,6.45,-
13.6,temp,29.944,degC
13.6167,DO,61.178,%
13.6167,feed_rate,9.66,mL/h
13.6167,pH,6.443,-
13.6167,temp,30.034,degC
13.6333,DO,60.493,%
13.6333,feed_rate,9.66,mL/h
13.6333,pH,6.449,-
13.6333,temp,30.086,degC
13.65,DO,60.388,%
13.65,feed_rate,9.66,mL/h
13.65,pH,6.43,-
13.65,temp,30.023,degC
13.6667,DO,59.639,%
13.6667,feed_rate,9.66,mL/h
13.6667,pH,6.45,-
13.6667,temp,30.057,degC
13.6833,DO,59.534,%
13.6833,feed_rate,9.66,mL/h
13.6833,pH,6.44,-
13.6833,temp,30.064,degC
13.7,DO,59.787,%
13.7,feed_rate,9.66,mL/h
13.7,pH,6.438,-
13.7,temp,30.006,degC
13.7167,DO,60.037,%
13.7167,feed_rate,9.66,mL/h
13.7167,pH,6.442,-
13.7167,temp,30.0,degC
13.7333,DO,60.337,%
13.7333,feed_rate,9.66,mL/h
13.7333,pH,6.455,-
13.7333,temp,29.963,degC
13.75,DO,60.065,%
13.75,feed_rate,9.66,mL/h
13.75,pH,6.454,-
13.75,temp,30.015,degC
13.7667,DO,60.045,%
13.7667,feed_rate,9.66,mL/h
13.7667,pH,6.447,-
13.7667,temp,30.029,degC
13.7833,DO,59.95,%
13.7833,feed_rate,9.66,mL/h
13.7833,pH,6.453,-
13.7833,temp,29.957,degC
13.8,DO,60.213,%
13.8,feed_rate,9.66,mL/h
13.8,pH,6.44,-
13.8,temp,29.989,degC
13.8167,DO,60.507,%
13.8167,feed_rate,9.66,mL/h
13.8167,pH,6.432,-
13.8167,temp,30.056,degC
13.8333,DO,60.147,%
13.8333,feed_rate,9.66,mL/h
13.8333,pH,6.426,-
13.8333,temp,29.971,degC
13.85,DO,61.089,%
13.85,feed_rate,9.66,mL/h
13.85,pH,6.444,-
13.85,temp,30.041,degC
13.8667,DO,60.694,%
13.8667,feed_rate,9.66,mL/h
13.8667,pH,6.443,-
13.8667,temp,30.022,degC
13.8833,DO,60.257,%
13.8833,feed_rate,9.66,mL/h
13.8833,pH,6.445,-
13.8833,temp,29.988,degC
13.9,DO,60.185,%
13.9,feed_rate,9.66,mL/h
13.9,pH,6.445,-
13.9,temp,30.048,degC
13.9167,DO,60.164,%
13.9167,feed_rate,9.66,mL/h
13.9167,pH,6.456,-
13.9167,temp,30.035,degC
13.9333,DO,60.071,%
13.9333,feed_rate,9.66,mL/h
13.9333,pH,6.435,-
13.9333,temp,30.001,degC
13.95,DO,59.625,%
13.95,feed_rate,9.66,mL/h
13.95,pH,6.436,-
13.95,temp,30.009,degC
13.9667,DO,59.894,%
13.9667,feed_rate,9.66,mL/h
13.9667,pH,6.463,-
13.9667,temp,30.023,degC
13.9833,DO,59.671,%
13.9833,feed_rate,9.66,mL/h
13.9833,pH,6.451,-
13.9833,temp,30.029,degC
14.0,DO,59.926,%
14.0,feed_rate,9.66,mL/h
14.0,pH,6.441,-
14.0,temp,30.026,degC
14.0167,DO,60.075,%
14.0167,feed_rate,9.66,mL/h
14.0167,pH,6.423,-
14.0167,temp,30.039,degC
14.0333,DO,59.382,%
14.0333,feed_rate,9.66,mL/h
14.0333,pH,6.435,-
14.0333,temp,29.979,degC
14.05,DO,58.903,%
14.05,feed_rate,9.66,mL/h
14.05,pH,6.44,-
14.05,temp,30.077,degC
14.0667,DO,58.503,%
14.0667,feed_rate,9.66,mL/h
14.0667,pH,6.443,-
14.0667,temp,29.999,degC
14.0833,DO,58.545,%
14.0833,feed_rate,9.66,mL/h
14.0833,pH,6.445,-
14.0833,temp,29.995,degC
14.1,DO,58.508,%
14.1,feed_rate,9.66,mL/h
14.1,pH,6.441,-
14.1,temp,30.069,degC
14.1167,DO,58.532,%
14.1167,feed_rate,9.66,mL/h
14.1167,pH,6.455,-
14.1167,temp,30.054,degC
14.1333,DO,58.214,%
14.1333,feed_rate,9.66,mL/h
14.1333,pH,6.431,-
14.1333,temp,29.911,degC
14.15,DO,58.319,%
14.15,feed_rate,9.66,mL/h
14.15,pH,6.44,-
14.15,temp,30.004,degC
14.1667,DO,58.685,%
14.1667,feed_rate,9.66,mL/h
14.1667,pH,6.436,-
14.1667,temp,30.042,degC
14.1833,DO,58.143,%
14.1833,feed_rate,9.66,mL/h
14.1833,pH,6.451,-
14.1833,temp,30.031,degC
14.2,DO,58.04,%
14.2,feed_rate,9.66,mL/h
14.2,pH,6.445,-
14.2,temp,29.92,degC
14.2167,DO,58.078,%
14.2167,feed_rate,9.66,mL/h
14.2167,pH,6.451,-
14.2167,temp,29.969,degC
14.2333,DO,57.984,%
14.2333,feed_rate,9.66,mL/h
14.2333,pH,6.443,-
14.2333,temp,29.965,degC
14.25,DO,57.876,%
14.25,feed_rate,9.66,mL/h
14.25,pH,6.48,-
14.25,temp,30.035,degC
14.2667,DO,58.367,%
14.2667,feed_rate,9.66,mL/h
14.2667,pH,6.45,-
14.2667,temp,30.047,degC
14.2833,DO,58.602,%
14.2833,feed_rate,9.66,mL/h
14.2833,pH,6.435,-
14.2833,temp,30.022,degC
14.3,DO,58.648,%
14.3,feed_rate,9.66,mL/h
14.3,pH,6.442,-
14.3,temp,30.002,degC
14.3167,DO,58.189,%
14.3167,feed_rate,9.66,mL/h
14.3167,pH,6.438,-
14.3167,temp,29.963,degC
14.3333,DO,58.711,%
14.3333,feed_rate,9.66,mL/h
14.3333,pH,6.45,-
14.3333,temp,30.058,degC
14.35,DO,58.552,%
14.35,feed_rate,9.66,mL/h
14.35,pH,6.452,-
14.35,temp,29.894,degC
14.3667,DO,58.131,%
14.3667,feed_rate,9.66,mL/h
14.3667,pH,6.446,-
14.3667,temp,30.031,degC
14.3833,DO,57.855,%
14.3833,feed_rate,9.66,mL/h
14.3833,pH,6.44,-
14.3833,temp,30.034,degC
14.4,DO,57.576,%
14.4,feed_rate,9.66,mL/h
14.4,pH,6.435,-
14.4,temp,30.019,degC
14.4167,DO,58.123,%
14.4167,feed_rate,9.66,mL/h
14.4167,pH,6.458,-
14.4167,temp,30.004,degC
14.4333,DO,57.975,%
14.4333,feed_rate,9.66,mL/h
14.4333,pH,6.453,-
14.4333,temp,30.011,degC
14.45,DO,57.801,%
14.45,feed_rate,9.66,mL/h
14.45,pH,6.413,-
14.45,temp,30.037,degC
14.4667,DO,56.986,%
14.4667,feed_rate,9.66,mL/h
14.4667,pH,6.443,-
14.4667,temp,29.971,degC
14.4833,DO,57.188,%
14.4833,feed_rate,9.66,mL/h
14.4833,pH,6.433,-
14.4833,temp,30.04,degC
14.5,DO,56.799,%
14.5,feed_rate,9.66,mL/h
14.5,pH,6.438,-
14.5,temp,30.004,degC
14.5167,DO,56.455,%
14.5167,feed_rate,9.66,mL/h
14.5167,pH,6.459,-
14.5167,temp,30.009,degC
14.5333,DO,56.689,%
14.5333,feed_rate,9.66,mL/h
14.5333,pH,6.43,-
14.5333,temp,29.871,degC
14.55,DO,56.422,%
14.55,feed_rate,9.66,mL/h
14.55,pH,6.431,-
14.55,temp,29.937,degC
14.5667,DO,56.707,%
14.5667,feed_rate,9.66,mL/h
14.5667,pH,6.466,-
14.5667,temp,29.992,degC
14.5833,DO,57.008,%
14.5833,feed_rate,9.66,mL/h
14.5833,pH,6.437,-
14.5833,temp,29.97,degC
14.6,DO,56.363,%
14.6,feed_rate,9.66,mL/h
14.6,pH,6.439,-
14.6,temp,30.049,degC
14.6167,DO,56.331,%
14.6167,feed_rate,9.66,mL/h
14.6167,pH,6.453,-
14.6167,temp,29.929,degC
14.6333,DO,55.862,%
14.6333,feed_rate,9.66,mL/h
14.6333,pH,6.436,-
14.6333,temp,30.064,degC
14.65,DO,55.928,%
14.65,feed_rate,9.66,mL/h
14.65,pH,6.442,-
14.65,temp,30.044,degC
14.6667,DO,56.262,%
14.6667,feed_rate,9.66,mL/h
14.6667,pH,6.444,-
14.6667,temp,30.014,degC
14.6833,DO,55.833,%
14.6833,feed_rate,9.66,mL/h
14.6833,pH,6.455,-
14.6833,temp,29.979,degC
14.7,DO,56.428,%
14.7,feed_rate,9.66,mL/h
14.7,pH,6.425,-
14.7,temp,29.945,degC
14.7167,DO,56.258,%
14.7167,feed_rate,9.66,mL/h
14.7167,pH,6.433,-
14.7167,temp,29.942,degC
14.7333,DO,55.848,%
14.7333,feed_rate,9.66,mL/h
14.7333,pH,6.44,-
14.7333,temp,29.967,degC
14.75,DO,55.826,%
14.75,feed_rate,9.66,mL/h
14.75,pH,6.45,-
14.75,temp,30.002,degC
14.7667,DO,56.07,%
14.7667,feed_rate,9.66,mL/h
14.7667,pH,6.434,-
14.7667,temp,30.036,degC
14.7833,DO,55.603,%
14.7833,feed_rate,9.66,mL/h
14.7833,pH,6.445,-
14.7833,temp,30.038,degC
14.8,DO,55.631,%
14.8,feed_rate,9.66,mL/h
14.8,pH,6.436,-
14.8,temp,30.057,degC
14.8167,DO,55.229,%
14.8167,feed_rate,9.66,mL/h
14.8167,pH,6.437,-
14.8167,temp,30.054,degC
14.8333,DO,54.687,%
14.8333,feed_rate,12.113,mL/h
14.8333,pH,6.453,-
14.8333,temp,29.968,degC
14.85,DO,53.927,%
14.85,feed_rate,12.113,mL/h
14.85,pH,6.438,-
14.85,temp,29.976,degC
14.8667,DO,53.132,%
14.8667,feed_rate,12.113,mL/h
14.8667,pH,6.47,-
14.8667,temp,30.057,degC
14.8833,DO,52.923,%
14.8833,feed_rate,12.113,mL/h
14.8833,pH,6.444,-
14.8833,temp,29.963,degC
14.9,DO,52.046,%
14.9,feed_rate,12.113,mL/h
14.9,pH,6.452,-
14.9,temp,30.054,degC
14.9167,DO,51.601,%
14.9167,feed_rate,12.113,mL/h
14.9167,pH,6.448,-
14.9167,temp,30.006,degC
14.9333,DO,51.905,%
14.9333,feed_rate,12.113,mL/h
14.9333,pH,6.425,-
14.9333,temp,29.934,degC
14.95,DO,51.545,%
14.95,feed_rate,12.113,mL/h
14.95,pH,6.425,-
14.95,temp,30.025,degC
14.9667,DO,51.69,%
14.9667,feed_rate,12.113,mL/h
14.9667,pH,6.445,-
14.9667,temp,30.014,degC
14.9833,DO,51.445,%
14.9833,feed_rate,12.113,mL/h
14.9833,pH,6.429,-
14.9833,temp,29.963,degC
15.0,DO,50.968,%
15.0,feed_rate,12.113,mL/h
15.0,pH,6.435,-
15.0,temp,29.883,degC
15.0167,DO,50.711,%
15.0167,feed_rate,12.113,mL/h
15.0167,pH,6.437,-
15.0167,temp,30.017,degC
15.0333,DO,50.59,%
15.0333,feed_rate,12.113,mL/h
15.0333,pH,6.431,-
15.0333,temp,30.025,degC
15.05,DO,50.336,%
15.05,feed_rate,12.113,mL/h
15.05,pH,6.452,-
15.05,temp,30.044,degC
15.0667,DO,49.996,%
15.0667,feed_rate,12.113,mL/h
15.0667,pH,6.448,-
15.0667,temp,30.024,degC
15.0833,DO,49.725,%
15.0833,feed_rate,12.113,mL/h
15.0833,pH,6.441,-
15.0833,temp,29.967,degC
15.1,DO,49.286,%
15.1,feed_rate,12.113,mL/h
15.1,pH,6.445,-
15.1,temp,29.92,degC
15.1167,DO,49.401,%
15.1167,feed_rate,12.113,mL/h
15.1167,pH,6.43,-
15.1167,temp,29.997,degC
15.1333,DO,49.566,%
15.1333,feed_rate,12.113,mL/h
15.1333,pH,6.448,-
15.1333,temp,30.051,degC
15.15,DO,49.793,%
15.15,feed_rate,12.113,mL/h
15.15,pH,6.431,-
15.15,temp,29.998,degC
15.1667,DO,49.196,%
15.1667,feed_rate,12.113,mL/h
15.1667,pH,6.455,-
15.1667,temp,29.942,degC
15.1833,DO,49.49,%
15.1833,feed_rate,12.113,mL/h
15.1833,pH,6.433,-
15.1833,temp,29.919,degC
15.2,DO,49.467,%
15.2,feed_rate,12.113,mL/h
15.2,pH,6.434,-
15.2,temp,29.872,degC
15.2167,DO,49.013,%
15.2167,feed_rate,12.113,mL/h
15.2167,pH,6.451,-
15.2167,temp,30.013,degC
15.2333,DO,49.096,%
15.2333,feed_rate,12.113,mL/h
15.2333,pH,6.446,-
15.2333,temp,30.026,degC
15.25,DO,49.366,%
15.25,feed_rate,12.113,mL/h
15.25,pH,6.429,-
15.25,temp,29.895,degC
15.2667,DO,49.483,%
15.2667,feed_rate,12.113,mL/h
15.2667,pH,6.445,-
15.2667,temp,29.973,degC
15.2833,DO,49.625,%
15.2833,feed_rate,12.113,mL/h
15.2833,pH,6.439,-
15.2833,temp,30.074,degC
15.3,DO,49.793,%
15.3,feed_rate,12.113,mL/h
15.3,pH,6.439,-
15.3,temp,29.897,degC
15.3167,DO,49.901,%
15.3167,feed_rate,12.113,mL/h
15.3167,pH,6.445,-
15.3167,temp,30.078,degC
15.3333,DO,49.697,%
15.3333,feed_rate,12.113,mL/h
15.3333,pH,6.445,-
15.3333,temp,30.061,degC
15.35,DO,48.907,%
15.35,feed_rate,12.113,mL/h
15.35,pH,6.449,-
15.35,temp,30.046,degC
15.3667,DO,48.661,%
15.3667,feed_rate,12.113,mL/h
15.3667,pH,6.443,-
15.3667,temp,30.028,degC
15.3833,DO,48.787,%
15.3833,feed_rate,12.113,mL/h
15.3833,pH,6.442,-
15.3833,temp,30.029,degC
15.4,DO,48.629,%
15.4,feed_rate,12.113,mL/h
15.4,pH,6.437,-
15.4,temp,30.035,degC
15.4167,DO,48.838,%
15.4167,feed_rate,12.113,mL/h
15.4167,pH,6.453,-
15.4167,temp,30.086,degC
15.4333,DO,49.026,%
15.4333,feed_rate,12.113,mL/h
15.4333,pH,6.431,-
15.4333,temp,29.948,degC
15.45,DO,48.941,%
15.45,feed_rate,12.113,mL/h
15.45,pH,6.457,-
15.45,temp,29.915,degC
15.4667,DO,49.411,%
15.4667,feed_rate,12.113,mL/h
15.4667,pH,6.46,-
15.4667,temp,29.904,degC
15.4833,DO,48.919,%
15.4833,feed_rate,12.113,mL/h
15.4833,pH,6.46,-
15.4833,temp,30.015,degC
15.5,DO,49.086,%
15.5,feed_rate,12.113,mL/h
15.5,pH,6.437,-
15.5,temp,30.055,degC
15.5167,DO,48.787,%
15.5167,feed_rate,12.113,mL/h
15.5167,pH,6.459,-
15.5167,temp,29.968,degC
15.5333,DO,48.443,%
15.5333,feed_rate,12.113,mL/h
15.5333,pH,6.449,-
15.5333,temp,30.025,degC
15.55,DO,48.568,%
15.55,feed_rate,12.113,mL/h
15.55,pH,6.449,-
15.55,temp,30.014,degC
15.5667,DO,48.295,%
15.5667,feed_rate,12.113,mL/h
15.5667,pH,6.471,-
15.5667,temp,30.062,degC
15.5833,DO,48.508,%
15.5833,feed_rate,12.113,mL/h
15.5833,pH,6.44,-
15.5833,temp,30.04,degC
15.6,DO,48.059,%
15.6,feed_rate,12.113,mL/h
15.6,pH,6.443,-
15.6,temp,30.025,degC
15.6167,DO,48.049,%
15.6167,feed_rate,12.113,mL/h
15.6167,pH,6.425,-
15.6167,temp,29.97,degC
15.6333,DO,47.766,%
15.6333,feed_rate,12.113,mL/h
15.6333,pH,6.415,-
15.6333,temp,29.985,degC
15.65,DO,47.711,%
15.65,feed_rate,12.113,mL/h
15.65,pH,6.44,-
15.65,temp,30.048,degC
15.6667,DO,47.615,%
15.6667,feed_rate,12.113,mL/h
15.6667,pH,6.442,-
15.6667,temp,30.012,degC
15.6833,DO,47.299,%
15.6833,feed_rate,12.113,mL/h
15.6833,pH,6.444,-
15.6833,temp,30.069,degC
15.7,DO,47.571,%
15.7,feed_rate,12.113,mL/h
15.7,pH,6.44,-
15.7,temp,29.972,degC
15.7167,DO,47.207,%
15.7167,feed_rate,12.113,mL/h
15.7167,pH,6.417,-
15.7167,temp,30.051,degC
15.7333,DO,46.984,%
15.7333,feed_rate,12.113,mL/h
15.7333,pH,6.441,-
15.7333,temp,29.994,degC
15.75,DO,47.356,%
15.75,feed_rate,12.113,mL/h
15.75,pH,6.448,-
15.75,temp,30.024,degC
15.7667,DO,47.666,%
15.7667,feed_rate,12.113,mL/h
15.7667,pH,6.453,-
15.7667,temp,29.918,degC
15.7833,DO,47.812,%
15.7833,feed_rate,12.113,mL/h
15.7833,pH,6.427,-
15.7833,temp,30.038,degC
15.8,DO,47.82,%
15.8,feed_rate,12.113,mL/h
15.8,pH,6.428,-
15.8,temp,29.958,degC
15.8167,DO,48.396,%
15.8167,feed_rate,12.113,mL/h
15.8167,pH,6.43,-
15.8167,temp,30.062,degC
15.8333,DO,47.799,%
15.8333,feed_rate,12.113,mL/h
15.8333,pH,6.43,-
15.8333,temp,30.046,degC
15.85,DO,47.451,%
15.85,feed_rate,12.113,mL/h
15.85,pH,6.42,-
15.85,temp,29.972,degC
15.8667,DO,47.086,%
15.8667,feed_rate,12.113,mL/h
15.8667,pH,6.43,-
15.8667,temp,30.077,degC
15.8833,DO,47.35,%
15.8833,feed_rate,12.113,mL/h
15.8833,pH,6.452,-
15.8833,temp,30.079,degC
15.9,DO,47.368,%
15.9,feed_rate,12.113,mL/h
15.9,pH,6.426,-
15.9,temp,30.091,degC
15.9167,DO,47.618,%
15.9167,feed_rate,12.113,mL/h
15.9167,pH,6.418,-
15.9167,temp,30.065,degC
15.9333,DO,47.765,%
15.9333,feed_rate,12.113,mL/h
15.9333,pH,6.434,-
15.9333,temp,29.986,degC
15.95,DO,47.513,%
15.95,feed_rate,12.113,mL/h
15.95,pH,6.431,-
15.95,temp,30.076,degC
15.9667,DO,47.122,%
15.9667,feed_rate,12.113,mL/h
15.9667,pH,6.443,-
15.9667,temp,29.942,degC
15.9833,DO,46.746,%
15.9833,feed_rate,12.113,mL/h
15.9833,pH,6.429,-
15.9833,temp,29.988,degC
16.0,DO,47.396,%
16.0,feed_rate,12.113,mL/h
16.0,pH,6.434,-
16.0,temp,30.021,degC
16.0167,DO,47.532,%
16.0167,feed_rate,12.113,mL/h
16.0167,pH,6.428,-
16.0167,temp,29.924,degC
16.0333,DO,47.517,%
16.0333,feed_rate,12.113,mL/h
16.0333,pH,6.426,-
16.0333,temp,30.064,degC
16.05,DO,47.215,%
16.05,feed_rate,12.113,mL/h
16.05,pH,6.439,-
16.05,temp,30.036,degC
16.0667,DO,47.004,%
16.0667,feed_rate,12.113,mL/h
16.0667,pH,6.437,-
16.0667,temp,29.998,degC
16.0833,DO,46.782,%
16.0833,feed_rate,12.113,mL/h
16.0833,pH,6.435,-
16.0833,temp,29.898,degC
16.1,DO,46.598,%
16.1,feed_rate,12.113,mL/h
16.1,pH,6.441,-
16.1,temp,29.971,degC
16.1167,DO,45.817,%
16.1167,feed_rate,12.113,mL/h
16.1167,pH,6.427,-
16.1167,temp,30.045,degC
16.1333,DO,45.884,%
16.1333,feed_rate,12.113,mL/h
16.1333,pH,6.436,-
16.1333,temp,30.037,degC
16.15,DO,45.831,%
16.15,feed_rate,12.113,mL/h
16.15,pH,6.437,-
16.15,temp,29.96,degC
16.1667,DO,45.979,%
16.1667,feed_rate,12.113,mL/h
16.1667,pH,6.447,-
16.1667,temp,29.94,degC
16.1833,DO,46.062,%
16.1833,feed_rate,12.113,mL/h
16.1833,pH,6.416,-
16.1833,temp,30.006,degC
16.2,DO,46.312,%
16.2,feed_rate,12.113,mL/h
16.2,pH,6.432,-
16.2,temp,29.946,degC
16.2167,DO,46.241,%
16.2167,feed_rate,12.113,mL/h
16.2167,pH,6.44,-
16.2167,temp,29.923,degC
16.2333,DO,46.416,%
16.2333,feed_rate,12.113,mL/h
16.2333,pH,6.429,-
16.2333,temp,30.076,degC
16.25,DO,45.538,%
16.25,feed_rate,12.113,mL/h
16.25,pH,6.436,-
16.25,temp,30.004,degC
16.2667,DO,45.263,%
16.2667,feed_rate,12.113,mL/h
16.2667,pH,6.442,-
16.2667,temp,30.022,degC
16.2833,DO,45.881,%
16.2833,feed_rate,12.113,mL/h
16.2833,pH,6.44,-
16.2833,temp,29.992,degC
16.3,DO,45.481,%
16.3,feed_rate,12.113,mL/h
16.3,pH,6.417,-
16.3,temp,30.052,degC
16.3167,DO,45.433,%
16.3167,feed_rate,12.113,mL/h
16.3167,pH,6.423,-
16.3167,temp,30.052,degC
16.3333,DO,45.679,%
16.3333,feed_rate,12.113,mL/h
16.3333,pH,6.406,-
16.3333,temp,29.996,degC
16.35,DO,45.389,%
16.35,feed_rate,12.113,mL/h
16.35,pH,6.441,-
16.35,temp,29.982,degC
16.3667,DO,45.628,%
16.3667,feed_rate,12.113,mL/h
16.3667,pH,6.437,-
16.3667,temp,29.984,degC
16.3833,DO,45.163,%
16.3833,feed_rate,12.113,mL/h
16.3833,pH,6.448,-
16.3833,temp,30.049,degC
16.4,DO,44.635,%
16.4,feed_rate,12.113,mL/h
16.4,pH,6.435,-
16.4,temp,30.01,degC
16.4167,DO,44.378,%
16.4167,feed_rate,12.113,mL/h
16.4167,pH,6.423,-
16.4167,temp,29.944,degC
16.4333,DO,44.064,%
16.4333,feed_rate,12.113,mL/h
16.4333,pH,6.445,-
16.4333,temp,30.07,degC
16.45,DO,44.294,%
16.45,feed_rate,12.113,mL/h
16.45,pH,6.421,-
16.45,temp,30.005,degC
16.4667,DO,44.377,%
16.4667,feed_rate,12.113,mL/h
16.4667,pH,6.434,-
16.4667,temp,30.028,degC
16.4833,DO,44.627,%
16.4833,feed_rate,12.113,mL/h
16.4833,pH,6.432,-
16.4833,temp,30.075,degC
16.5,DO,44.407,%
16.5,feed_rate,12.113,mL/h
16.5,pH,6.442,-
16.5,temp,30.029,degC
16.5167,DO,45.295,%
16.5167,feed_rate,12.113,mL/h
16.5167,pH,6.443,-
16.5167,temp,30.044,degC
16.5333,DO,45.203,%
16.5333,feed_rate,12.113,mL/h
16.5333,pH,6.43,-
16.5333,temp,30.0,degC
16.55,DO,45.135,%
16.55,feed_rate,12.113,mL/h
16.55,pH,6.426,-
16.55,temp,30.034,degC
16.5667,DO,45.22,%
16.5667,feed_rate,12.113,mL/h
16.5667,pH,6.433,-
16.5667,temp,30.049,degC
16.5833,DO,45.068,%
16.5833,feed_rate,12.113,mL/h
16.5833,pH,6.428,-
16.5833,temp,30.023,degC
16.6,DO,44.82,%
16.6,feed_rate,12.113,mL/h
16.6,pH,6.443,-
16.6,temp,29.999,degC
16.6167,DO,44.827,%
16.6167,feed_rate,12.113,mL/h
16.6167,pH,6.437,-
16.6167,temp,29.995,degC
16.6333,DO,45.072,%
16.6333,feed_rate,12.113,mL/h
16.6333,pH,6.447,-
16.6333,temp,29.99,degC
16.65,DO,45.182,%
16.65,feed_rate,12.113,mL/h
16.65,pH,6.46,-
16.65,temp,30.016,degC
16.6667,DO,45.343,%
16.6667,feed_rate,12.113,mL/h
16.6667,pH,6.425,-
16.6667,temp,29.98,degC
16.6833,DO,45.009,%
16.6833,feed_rate,12.113,mL/h
16.6833,pH,6.427,-
16.6833,temp,30.031,degC
16.7,DO,44.67,%
16.7,feed_rate,12.113,mL/h
16.7,pH,6.438,-
16.7,temp,29.981,degC
16.7167,DO,45.221,%
16.7167,feed_rate,12.113,mL/h
16.7167,pH,6.437,-
16.7167,temp,30.053,degC
16.7333,DO,44.98,%
16.7333,feed_rate,12.113,mL/h
16.7333,pH,6.43,-
16.7333,temp,30.009,degC
16.75,DO,44.992,%
16.75,feed_rate,12.113,mL/h
16.75,pH,6.416,-
16.75,temp,29.971,degC
16.7667,DO,45.07,%
16.7667,feed_rate,12.113,mL/h
16.7667,pH,6.458,-
16.7667,temp,30.025,degC
16.7833,DO,45.327,%
16.7833,feed_rate,12.113,mL/h
16.7833,pH,6.434,-
16.7833,temp,29.95,degC
16.8,DO,44.692,%
16.8,feed_rate,12.113,mL/h
16.8,pH,6.421,-
16.8,temp,30.152,degC
16.8167,DO,44.435,%
16.8167,feed_rate,12.113,mL/h
16.8167,pH,6.409,-
16.8167,temp,29.969,degC
16.8333,DO,44.233,%
16.8333,feed_rate,12.113,mL/h
16.8333,pH,6.447,-
16.8333,temp,29.996,degC
16.85,DO,44.102,%
16.85,feed_rate,12.113,mL/h
16.85,pH,6.436,-
16.85,temp,30.073,degC
16.8667,DO,43.353,%
16.8667,feed_rate,12.113,mL/h
16.8667,pH,6.433,-
16.8667,temp,29.976,degC
16.8833,DO,43.44,%
16.8833,feed_rate,12.113,mL/h
16.8833,pH,6.422,-
16.8833,temp,29.958,degC
16.9,DO,42.66,%
16.9,feed_rate,12.113,mL/h
16.9,pH,6.431,-
16.9,temp,29.955,degC
16.9167,DO,42.984,%
16.9167,feed_rate,12.113,mL/h
16.9167,pH,6.428,-
16.9167,temp,30.059,degC
16.9333,DO,43.306,%
16.9333,feed_rate,12.113,mL/h
16.9333,pH,6.407,-
16.9333,temp,29.947,degC
16.95,DO,43.571,%
16.95,feed_rate,12.113,mL/h
16.95,pH,6.459,-
16.95,temp,30.086,degC
16.9667,DO,43.233,%
16.9667,feed_rate,12.113,mL/h
16.9667,pH,6.436,-
16.9667,temp,30.033,degC
16.9833,DO,43.601,%
16.9833,feed_rate,12.113,mL/h
16.9833,pH,6.429,-
16.9833,temp,29.997,degC
17.0,DO,43.341,%
17.0,feed_rate,12.113,mL/h
17.0,pH,6.422,-
17.0,temp,30.059,degC
17.0167,DO,43.013,%
17.0167,feed_rate,12.113,mL/h
17.0167,pH,6.426,-
17.0167,temp,30.003,degC
17.0333,DO,42.816,%
17.0333,feed_rate,12.113,mL/h
17.0333,pH,6.456,-
17.0333,temp,29.989,degC
17.05,DO,42.689,%
17.05,feed_rate,12.113,mL/h
17.05,pH,6.436,-
17.05,temp,29.94,degC
17.0667,DO,42.883,%
17.0667,feed_rate,12.113,mL/h
17.0667,pH,6.418,-
17.0667,temp,29.932,degC
17.0833,DO,43.225,%
17.0833,feed_rate,12.113,mL/h
17.0833,pH,6.441,-
17.0833,temp,30.014,degC
17.1,DO,42.612,%
17.1,feed_rate,12.113,mL/h
17.1,pH,6.437,-
17.1,temp,29.902,degC
17.1167,DO,42.579,%
17.1167,feed_rate,12.113,mL/h
17.1167,pH,6.437,-
17.1167,temp,29.925,degC
17.1333,DO,42.977,%
17.1333,feed_rate,12.113,mL/h
17.1333,pH,6.43,-
17.1333,temp,29.926,degC
17.15,DO,43.077,%
17.15,feed_rate,12.113,mL/h
17.15,pH,6.43,-
17.15,temp,29.998,degC
17.1667,DO,43.239,%
17.1667,feed_rate,12.113,mL/h
17.1667,pH,6.433,-
17.1667,temp,29.933,degC
17.1833,DO,42.757,%
17.1833,feed_rate,12.113,mL/h
17.1833,pH,6.429,-
17.1833,temp,29.992,degC
17.2,DO,43.098,%
17.2,feed_rate,12.113,mL/h
17.2,pH,6.417,-
17.2,temp,30.125,degC
17.2167,DO,42.607,%
17.2167,feed_rate,12.113,mL/h
17.2167,pH,6.421,-
17.2167,temp,30.001,degC
17.2333,DO,42.732,%
17.2333,feed_rate,12.113,mL/h
17.2333,pH,6.431,-
17.2333,temp,30.087,degC
17.25,DO,43.174,%
17.25,feed_rate,12.113,mL/h
17.25,pH,6.415,-
17.25,temp,30.007,degC
17.2667,DO,43.674,%
17.2667,feed_rate,12.113,mL/h
17.2667,pH,6.429,-
17.2667,temp,29.945,degC
17.2833,DO,43.655,%
17.2833,feed_rate,12.113,mL/h
17.2833,pH,6.428,-
17.2833,temp,29.971,degC
17.3,DO,43.741,%
17.3,feed_rate,12.113,mL/h
17.3,pH,6.438,-
17.3,temp,29.966,degC
17.3167,DO,43.354,%
17.3167,feed_rate,12.113,mL/h
17.3167,pH,6.432,-
17.3167,temp,30.02,degC
17.3333,DO,43.073,%
17.3333,feed_rate,12.113,mL/h
17.3333,pH,6.428,-
17.3333,temp,30.032,degC
17.35,DO,43.335,%
17.35,feed_rate,12.113,mL/h
17.35,pH,6.428,-
17.35,temp,30.007,degC
17.3667,DO,43.184,%
17.3667,feed_rate,12.113,mL/h
17.3667,pH,6.435,-
17.3667,temp,29.979,degC
17.3833,DO,43.016,%
17.3833,feed_rate,12.113,mL/h
17.3833,pH,6.44,-
17.3833,temp,29.959,degC
17.4,DO,42.488,%
17.4,feed_rate,12.113,mL/h
17.4,pH,6.419,-
17.4,temp,29.978,degC
17.4167,DO,42.525,%
17.4167,feed_rate,12.113,mL/h
17.4167,pH,6.415,-
17.4167,temp,29.954,degC
17.4333,DO,42.694,%
17.4333,feed_rate,12.113,mL/h
17.4333,pH,6.423,-
17.4333,temp,29.959,degC
17.45,DO,42.388,%
17.45,feed_rate,12.113,mL/h
17.45,pH,6.407,-
17.45,temp,30.12,degC
17.4667,DO,41.526,%
17.4667,feed_rate,13.848,mL/h
17.4667,pH,6.422,-
17.4667,temp,30.042,degC
17.4833,DO,41.455,%
17.4833,feed_rate,13.848,mL/h
17.4833,pH,6.438,-
17.4833,temp,29.946,degC
17.5,DO,40.968,%
17.5,feed_rate,13.848,mL/h
17.5,pH,6.44,-
17.5,temp,29.998,degC
17.5167,DO,40.429,%
17.5167,feed_rate,13.848,mL/h
17.5167,pH,6.445,-
17.5167,temp,30.014,degC
17.5333,DO,39.735,%
17.5333,feed_rate,13.848,mL/h
17.5333,pH,6.43,-
17.5333,temp,29.995,degC
17.55,DO,39.326,%
17.55,feed_rate,13.848,mL/h
17.55,pH,6.431,-
17.55,temp,29.964,degC
17.5667,DO,39.101,%
17.5667,feed_rate,13.848,mL/h
17.5667,pH,6.424,-
17.5667,temp,30.015,degC
17.5833,DO,39.398,%
17.5833,feed_rate,13.848,mL/h
17.5833,pH,6.424,-
17.5833,temp,30.004,degC
17.6,DO,39.033,%
17.6,feed_rate,13.848,mL/h
17.6,pH,6.432,-
17.6,temp,30.021,degC
17.6167,DO,39.454,%
17.6167,feed_rate,13.848,mL/h
17.6167,pH,6.439,-
17.6167,temp,30.053,degC
17.6333,DO,38.965,%
17.6333,feed_rate,13.848,mL/h
17.6333,pH,6.434,-
17.6333,temp,29.97,degC
17.65,DO,38.736,%
17.65,feed_rate,13.848,mL/h
17.65,pH,6.409,-
17.65,temp,30.007,degC
17.6667,DO,38.905,%
17.6667,feed_rate,13.848,mL/h
17.6667,pH,6.434,-
17.6667,temp,29.973,degC
17.6833,DO,38.707,%
17.6833,feed_rate,13.848,mL/h
17.6833,pH,6.429,-
17.6833,temp,29.954,degC
17.7,DO,38.362,%
17.7,feed_rate,13.848,mL/h
17.7,pH,6.423,-
17.7,temp,29.97,degC
17.7167,DO,38.288,%
17.7167,feed_rate,13.848,mL/h
17.7167,pH,6.43,-
17.7167,temp,30.007,degC
17.7333,DO,38.394,%
17.7333,feed_rate,13.848,mL/h
17.7333,pH,6.438,-
17.7333,temp,29.969,degC
17.75,DO,37.821,%
17.75,feed_rate,13.848,mL/h
17.75,pH,6.43,-
17.75,temp,29.95,degC
17.7667,DO,37.794,%
17.7667,feed_rate,13.848,mL/h
17.7667,pH,6.421,-
17.7667,temp,29.961,degC
17.7833,DO,37.806,%
17.7833,feed_rate,13.848,mL/h
17.7833,pH,6.463,-
17.7833,temp,30.004,degC
17.8,DO,37.719,%
17.8,feed_rate,13.848,mL/h
17.8,pH,6.422,-
17.8,temp,30.068,degC
17.8167,DO,37.983,%
17.8167,feed_rate,13.848,mL/h
17.8167,pH,6.433,-
17.8167,temp,30.061,degC
17.8333,DO,37.794,%
17.8333,feed_rate,13.848,mL/h
17.8333,pH,6.441,-
17.8333,temp,29.919,degC
17.85,DO,37.696,%
17.85,feed_rate,13.848,mL/h
17.85,pH,6.42,-
17.85,temp,29.982,degC
17.8667,DO,37.73,%
17.8667,feed_rate,13.848,mL/h
17.8667,pH,6.434,-
17.8667,temp,30.026,degC
17.8833,DO,37.957,%
17.8833,feed_rate,13.848,mL/h
17.8833,pH,6.42,-
17.8833,temp,29.977,degC
17.9,DO,37.844,%
17.9,feed_rate,13.848,mL/h
17.9,pH,6.426,-
17.9,temp,29.99,degC
17.9167,DO,38.268,%
17.9167,feed_rate,13.848,mL/h
17.9167,pH,6.42,-
17.9167,temp,29.951,degC
17.9333,DO,37.871,%
17.9333,feed_rate,13.848,mL/h
17.9333,pH,6.446,-
17.9333,temp,30.006,degC
17.95,DO,38.204,%
17.95,feed_rate,13.848,mL/h
17.95,pH,6.414,-
17.95,temp,29.991,degC
17.9667,DO,37.818,%
17.9667,feed_rate,13.848,mL/h
17.9667,pH,6.433,-
17.9667,temp,29.955,degC
17.9833,DO,37.71,%
17.9833,feed_rate,13.848,mL/h
17.9833,pH,6.428,-
17.9833,temp,30.024,degC
18.0,DO,37.774,%
18.0,feed_rate,13.848,mL/h
18.0,pH,6.408,-
18.0,temp,30.049,degC
18.0167,DO,38.324,%
18.0167,feed_rate,13.848,mL/h
18.0167,pH,6.445,-
18.0167,temp,30.022,degC
18.0333,DO,38.409,%
18.0333,feed_rate,13.848,mL/h
18.0333,pH,6.422,-
18.0333,temp,29.942,degC
18.05,DO,38.077,%
18.05,feed_rate,13.848,mL/h
18.05,pH,6.425,-
18.05,temp,30.011,degC
18.0667,DO,38.316,%
18.0667,feed_rate,13.848,mL/h
18.0667,pH,6.43,-
18.0667,temp,30.037,degC
18.0833,DO,38.045,%
18.0833,feed_rate,13.848,mL/h
18.0833,pH,6.418,-
18.0833,temp,30.053,degC
18.1,DO,37.647,%
18.1,feed_rate,13.848,mL/h
18.1,pH,6.42,-
18.1,temp,30.058,degC
18.1167,DO,37.693,%
18.1167,feed_rate,13.848,mL/h
18.1167,pH,6.427,-
18.1167,temp,30.045,degC
18.1333,DO,37.616,%
18.1333,feed_rate,13.848,mL/h
18.1333,pH,6.418,-
18.1333,temp,29.989,degC
18.15,DO,37.804,%
18.15,feed_rate,13.848,mL/h
18.15,pH,6.428,-
18.15,temp,30.024,degC
18.1667,DO,37.495,%
18.1667,feed_rate,13.848,mL/h
18.1667,pH,6.44,-
18.1667,temp,30.033,degC
18.1833,DO,37.52,%
18.1833,feed_rate,13.848,mL/h
18.1833,pH,6.417,-
18.1833,temp,30.004,degC
18.2,DO,37.608,%
18.2,feed_rate,13.848,mL/h
18.2,pH,6.411,-
18.2,temp,30.015,degC
18.2167,DO,37.564,%
18.2167,feed_rate,13.848,mL/h
18.2167,pH,6.426,-
18.2167,temp,29.948,degC
18.2333,DO,37.428,%
18.2333,feed_rate,13.848,mL/h
18.2333,pH,6.431,-
18.2333,temp,30.014,degC
18.25,DO,37.112,%
18.25,feed_rate,13.848,mL/h
18.25,pH,6.434,-
18.25,temp,29.977,degC
18.2667,DO,37.331,%
18.2667,feed_rate,13.848,mL/h
18.2667,pH,6.416,-
18.2667,temp,29.991,degC
18.2833,DO,37.269,%
18.2833,feed_rate,13.848,mL/h
18.2833,pH,6.403,-
18.2833,temp,30.083,degC
18.3,DO,37.32,%
18.3,feed_rate,13.848,mL/h
18.3,pH,6.435,-
18.3,temp,30.01,degC
18.3167,DO,37.099,%
18.3167,feed_rate,13.848,mL/h
18.3167,pH,6.434,-
18.3167,temp,30.014,degC
18.3333,DO,37.023,%
18.3333,feed_rate,13.848,mL/h
18.3333,pH,6.442,-
18.3333,temp,29.968,degC
18.35,DO,36.64,%
18.35,feed_rate,13.848,mL/h
18.35,pH,6.417,-
18.35,temp,29.926,degC
18.3667,DO,36.663,%
18.3667,feed_rate,13.848,mL/h
18.3667,pH,6.432,-
18.3667,temp,29.939,degC
18.3833,DO,36.878,%
18.3833,feed_rate,13.848,mL/h
18.3833,pH,6.436,-
18.3833,temp,29.982,degC
18.4,DO,36.84,%
18.4,feed_rate,13.848,mL/h
18.4,pH,6.408,-
18.4,temp,29.987,degC
18.4167,DO,37.033,%
18.4167,feed_rate,13.848,mL/h
18.4167,pH,6.437,-
18.4167,temp,29.91,degC
18.4333,DO,37.016,%
18.4333,feed_rate,13.848,mL/h
18.4333,pH,6.44,-
18.4333,temp,29.966,degC
18.45,DO,37.31,%
18.45,feed_rate,13.848,mL/h
18.45,pH,6.432,-
18.45,temp,29.999,degC
18.4667,DO,37.072,%
18.4667,feed_rate,13.848,mL/h
18.4667,pH,6.431,-
18.4667,temp,29.958,degC
18.4833,DO,36.439,%
18.4833,feed_rate,13.848,mL/h
18.4833,pH,6.433,-
18.4833,temp,29.98,degC
18.5,DO,36.547,%
18.5,feed_rate,13.848,mL/h
18.5,pH,6.423,-
18.5,temp,30.004,degC
18.5167,DO,36.447,%
18.5167,feed_rate,13.848,mL/h
18.5167,pH,6.411,-
18.5167,temp,30.058,degC
18.5333,DO,36.117,%
18.5333,feed_rate,13.848,mL/h
18.5333,pH,6.416,-
18.5333,temp,30.015,degC
18.55,DO,36.333,%
18.55,feed_rate,13.848,mL/h
18.55,pH,6.424,-
18.55,temp,30.073,degC
18.5667,DO,36.383,%
18.5667,feed_rate,13.848,mL/h
18.5667,pH,6.417,-
18.5667,temp,29.931,degC
18.5833,DO,36.47,%
18.5833,feed_rate,13.848,mL/h
18.5833,pH,6.436,-
18.5833,temp,30.062,degC
18.6,DO,36.299,%
18.6,feed_rate,13.848,mL/h
18.6,pH,6.421,-
18.6,temp,29.99,degC
18.6167,DO,36.314,%
18.6167,feed_rate,13.848,mL/h
18.6167,pH,6.424,-
18.6167,temp,30.047,degC
18.6333,DO,36.336,%
18.6333,feed_rate,13.848,mL/h
18.6333,pH,6.407,-
18.6333,temp,30.096,degC
18.65,DO,36.803,%
18.65,feed_rate,13.848,mL/h
18.65,pH,6.429,-
18.65,temp,30.046,degC
18.6667,DO,36.432,%
18.6667,feed_rate,13.848,mL/h
18.6667,pH,6.418,-
18.6667,temp,30.02,degC
18.6833,DO,36.33,%
18.6833,feed_rate,13.848,mL/h
18.6833,pH,6.44,-
18.6833,temp,30.077,degC
18.7,DO,36.353,%
18.7,feed_rate,13.848,mL/h
18.7,pH,6.408,-
18.7,temp,29.975,degC
18.7167,DO,35.739,%
18.7167,feed_rate,13.848,mL/h
18.7167,pH,6.428,-
18.7167,temp,30.05,degC
18.7333,DO,35.277,%
18.7333,feed_rate,13.848,mL/h
18.7333,pH,6.421,-
18.7333,temp,30.018,degC
18.75,DO,36.031,%
18.75,feed_rate,13.848,mL/h
18.75,pH,6.421,-
18.75,temp,30.018,degC
18.7667,DO,35.447,%
18.7667,feed_rate,13.848,mL/h
18.7667,pH,6.442,-
18.7667,temp,29.969,degC
18.7833,DO,35.676,%
18.7833,feed_rate,13.848,mL/h
18.7833,pH,6.434,-
18.7833,temp,30.016,degC
18.8,DO,35.425,%
18.8,feed_rate,13.848,mL/h
18.8,pH,6.416,-
18.8,temp,30.017,degC
18.8167,DO,35.244,%
18.8167,feed_rate,13.848,mL/h
18.8167,pH,6.439,-
18.8167,temp,29.998,degC
18.8333,DO,34.726,%
18.8333,feed_rate,13.848,mL/h
18.8333,pH,6.418,-
18.8333,temp,30.016,degC
18.85,DO,34.629,%
18.85,feed_rate,13.848,mL/h
18.85,pH,6.432,-
18.85,temp,29.931,degC
18.8667,DO,35.05,%
18.8667,feed_rate,13.848,mL/h
18.8667,pH,6.407,-
18.8667,temp,30.045,degC
18.8833,DO,34.729,%
18.8833,feed_rate,13.848,mL/h
18.8833,pH,6.421,-
18.8833,temp,29.987,degC
18.9,DO,35.06,%
18.9,feed_rate,13.848,mL/h
18.9,pH,6.421,-
18.9,temp,30.011,degC
18.9167,DO,35.234,%
18.9167,feed_rate,13.848,mL/h
18.9167,pH,6.421,-
18.9167,temp,29.968,degC
18.9333,DO,35.878,%
18.9333,feed_rate,13.848,mL/h
18.9333,pH,6.408,-
18.9333,temp,29.982,degC
18.95,DO,35.638,%
18.95,feed_rate,13.848,mL/h
18.95,pH,6.405,-
18.95,temp,29.967,degC
18.9667,DO,35.962,%
18.9667,feed_rate,13.848,mL/h
18.9667,pH,6.424,-
18.9667,temp,30.061,degC
18.9833,DO,36.101,%
18.9833,feed_rate,13.848,mL/h
18.9833,pH,6.43,-
18.9833,temp,29.959,degC
19.0,DO,35.854,%
19.0,feed_rate,13.848,mL/h
19.0,pH,6.424,-
19.0,temp,29.962,degC
19.0167,DO,35.237,%
19.0167,feed_rate,13.848,mL/h
19.0167,pH,6.42,-
19.0167,temp,29.991,degC
19.0333,DO,35.688,%
19.0333,feed_rate,13.848,mL/h
19.0333,pH,6.409,-
19.0333,temp,29.939,degC
19.05,DO,35.18,%
19.05,feed_rate,13.848,mL/h
19.05,pH,6.421,-
19.05,temp,29.949,degC
19.0667,DO,35.035,%
19.0667,feed_rate,13.848,mL/h
19.0667,pH,6.418,-
19.0667,temp,30.009,degC
19.0833,DO,35.32,%
19.0833,feed_rate,13.848,mL/h
19.0833,pH,6.416,-
19.0833,temp,30.013,degC
19.1,DO,35.611,%
19.1,feed_rate,13.848,mL/h
19.1,pH,6.425,-
19.1,temp,30.036,degC
19.1167,DO,35.249,%
19.1167,feed_rate,13.848,mL/h
19.1167,pH,6.425,-
19.1167,temp,30.021,degC
19.1333,DO,35.197,%
19.1333,feed_rate,13.848,mL/h
19.1333,pH,6.427,-
19.1333,temp,29.956,degC
19.15,DO,35.081,%
19.15,feed_rate,13.848,mL/h
19.15,pH,6.421,-
19.15,temp,29.948,degC
19.1667,DO,35.414,%
19.1667,feed_rate,13.848,mL/h
19.1667,pH,6.415,-
19.1667,temp,30.05,degC
19.1833,DO,36.071,%
19.1833,feed_rate,13.848,mL/h
19.1833,pH,6.421,-
19.1833,temp,29.891,degC
19.2,DO,35.29,%
19.2,feed_rate,13.848,mL/h
19.2,pH,6.42,-
19.2,temp,30.007,degC
19.2167,DO,35.483,%
19.2167,feed_rate,13.848,mL/h
19.2167,pH,6.406,-
19.2167,temp,30.032,degC
19.2333,DO,34.499,%
19.2333,feed_rate,13.848,mL/h
19.2333,pH,6.419,-
19.2333,temp,30.057,degC
19.25,DO,34.567,%
19.25,feed_rate,13.848,mL/h
19.25,pH,6.406,-
19.25,temp,30.066,degC
19.2667,DO,34.278,%
19.2667,feed_rate,13.848,mL/h
19.2667,pH,6.403,-
19.2667,temp,30.052,degC
19.2833,DO,34.971,%
19.2833,feed_rate,13.848,mL/h
19.2833,pH,6.414,-
19.2833,temp,30.093,degC
19.3,DO,34.972,%
19.3,feed_rate,13.848,mL/h
19.3,pH,6.416,-
19.3,temp,29.91,degC
19.3167,DO,34.696,%
19.3167,feed_rate,13.848,mL/h
19.3167,pH,6.429,-
19.3167,temp,29.985,degC
19.3333,DO,34.54,%
19.3333,feed_rate,13.848,mL/h
19.3333,pH,6.419,-
19.3333,temp,30.016,degC
19.35,DO,34.386,%
19.35,feed_rate,13.848,mL/h
19.35,pH,6.428,-
19.35,temp,29.888,degC
19.3667,DO,34.487,%
19.3667,feed_rate,13.848,mL/h
19.3667,pH,6.437,-
19.3667,temp,29.962,degC
19.3833,DO,34.457,%
19.3833,feed_rate,13.848,mL/h
19.3833,pH,6.423,-
19.3833,temp,30.057,degC
19.4,DO,34.671,%
19.4,feed_rate,13.848,mL/h
19.4,pH,6.426,-
19.4,temp,29.966,degC
19.4167,DO,35.102,%
19.4167,feed_rate,13.848,mL/h
19.4167,pH,6.415,-
19.4167,temp,30.049,degC
19.4333,DO,35.19,%
19.4333,feed_rate,13.848,mL/h
19.4333,pH,6.43,-
19.4333,temp,30.031,degC
19.45,DO,34.675,%
19.45,feed_rate,13.848,mL/h
19.45,pH,6.423,-
19.45,temp,30.058,degC
19.4667,DO,34.138,%
19.4667,feed_rate,13.848,mL/h
19.4667,pH,6.423,-
19.4667,temp,30.04,degC
19.4833,DO,33.964,%
19.4833,feed_rate,13.848,mL/h
19.4833,pH,6.411,-
19.4833,temp,30.026,degC
19.5,DO,34.361,%
19.5,feed_rate,13.848,mL/h
19.5,pH,6.412,-
19.5,temp,30.033,degC
19.5167,DO,34.256,%
19.5167,feed_rate,13.848,mL/h
19.5167,pH,6.415,-
19.5167,temp,29.957,degC
19.5333,DO,34.067,%
19.5333,feed_rate,13.848,mL/h
19.5333,pH,6.423,-
19.5333,temp,30.082,degC
19.55,DO,34.151,%
19.55,feed_rate,13.848,mL/h
19.55,pH,6.432,-
19.55,temp,29.988,degC
19.5667,DO,33.747,%
19.5667,feed_rate,13.848,mL/h
19.5667,pH,6.406,-
19.5667,temp,29.96,degC
19.5833,DO,33.501,%
19.5833,feed_rate,13.848,mL/h
19.5833,pH,6.418,-
19.5833,temp,30.023,degC
19.6,DO,33.793,%
19.6,feed_rate,13.848,mL/h
19.6,pH,6.418,-
19.6,temp,29.931,degC
19.6167,DO,33.777,%
19.6167,feed_rate,13.848,mL/h
19.6167,pH,6.444,-
19.6167,temp,30.103,degC
19.6333,DO,33.714,%
19.6333,feed_rate,13.848,mL/h
19.6333,pH,6.419,-
19.6333,temp,30.117,degC
19.65,DO,33.889,%
19.65,feed_rate,13.848,mL/h
19.65,pH,6.416,-
19.65,temp,30.059,degC
19.6667,DO,33.753,%
19.6667,feed_rate,13.848,mL/h
19.6667,pH,6.429,-
19.6667,temp,29.955,degC
19.6833,DO,33.607,%
19.6833,feed_rate,13.848,mL/h
19.6833,pH,6.41,-
19.6833,temp,30.023,degC
19.7,DO,33.554,%
19.7,feed_rate,13.848,mL/h
19.7,pH,6.426,-
19.7,temp,30.015,degC
19.7167,DO,33.824,%
19.7167,feed_rate,13.848,mL/h
19.7167,pH,6.404,-
19.7167,temp,29.975,degC
19.7333,DO,33.872,%
19.7333,feed_rate,13.848,mL/h
19.7333,pH,6.441,-
19.7333,temp,29.987,degC
19.75,DO,33.528,%
19.75,feed_rate,13.848,mL/h
19.75,pH,6.42,-
19.75,temp,30.024,degC
19.7667,DO,33.516,%
19.7667,feed_rate,13.848,mL/h
19.7667,pH,6.416,-
19.7667,temp,29.977,degC
19.7833,DO,33.785,%
19.7833,feed_rate,13.848,mL/h
19.7833,pH,6.407,-
19.7833,temp,30.0,degC
19.8,DO,34.362,%
19.8,feed_rate,13.848,mL/h
19.8,pH,6.419,-
19.8,temp,30.004,degC
19.8167,DO,33.915,%
19.8167,feed_rate,13.848,mL/h
19.8167,pH,6.421,-
19.8167,temp,29.94,degC
19.8333,DO,33.996,%
19.8333,feed_rate,13.848,mL/h
19.8333,pH,6.413,-
19.8333,temp,29.986,degC
19.85,DO,33.876,%
19.85,feed_rate,13.848,mL/h
19.85,pH,6.432,-
19.85,temp,29.982,degC
19.8667,DO,34.1,%
19.8667,feed_rate,13.848,mL/h
19.8667,pH,6.417,-
19.8667,temp,30.083,degC
19.8833,DO,34.161,%
19.8833,feed_rate,13.848,mL/h
19.8833,pH,6.421,-
19.8833,temp,30.01,degC
19.9,DO,34.511,%
19.9,feed_rate,13.848,mL/h
19.9,pH,6.423,-
19.9,temp,30.024,degC
19.9167,DO,34.501,%
19.9167,feed_rate,13.848,mL/h
19.9167,pH,6.434,-
19.9167,temp,30.015,degC
19.9333,DO,34.167,%
19.9333,feed_rate,13.848,mL/h
19.9333,pH,6.416,-
19.9333,temp,30.003,degC
19.95,DO,33.898,%
19.95,feed_rate,13.848,mL/h
19.95,pH,6.421,-
19.95,temp,30.008,degC
19.9667,DO,33.96,%
19.9667,feed_rate,13.848,mL/h
19.9667,pH,6.423,-
19.9667,temp,29.998,degC
19.9833,DO,34.001,%
19.9833,feed_rate,13.848,mL/h
19.9833,pH,6.426,-
19.9833,temp,29.9,degC
20.0,DO,34.63,%
20.0,feed_rate,13.848,mL/h
20.0,pH,6.401,-
20.0,temp,30.006,degC
20.0167,DO,34.912,%
20.0167,feed_rate,13.848,mL/h
20.0167,pH,6.431,-
20.0167,temp,29.973,degC
20.0333,DO,34.277,%
20.0333,feed_rate,13.848,mL/h
20.0333,pH,6.418,-
20.0333,temp,29.989,degC
20.05,DO,34.221,%
20.05,feed_rate,13.848,mL/h
20.05,pH,6.412,-
20.05,temp,29.957,degC
20.0667,DO,33.667,%
20.0667,feed_rate,13.848,mL/h
20.0667,pH,6.419,-
20.0667,temp,29.959,degC
20.0833,DO,33.121,%
20.0833,feed_rate,13.848,mL/h
20.0833,pH,6.4,-
20.0833,temp,30.004,degC
20.1,DO,33.399,%
20.1,feed_rate,13.848,mL/h
20.1,pH,6.412,-
20.1,temp,29.981,degC
20.1167,DO,33.559,%
20.1167,feed_rate,13.848,mL/h
20.1167,pH,6.421,-
20.1167,temp,30.006,degC
20.1333,DO,33.205,%
20.1333,feed_rate,13.848,mL/h
20.1333,pH,6.433,-
20.1333,temp,30.015,degC
20.15,DO,33.722,%
20.15,feed_rate,13.848,mL/h
20.15,pH,6.418,-
20.15,temp,30.003,degC
20.1667,DO,33.344,%
20.1667,feed_rate,13.848,mL/h
20.1667,pH,6.423,-
20.1667,temp,30.009,degC
20.1833,DO,32.979,%
20.1833,feed_rate,13.848,mL/h
20.1833,pH,6.416,-
20.1833,temp,29.974,degC
20.2,DO,33.229,%
20.2,feed_rate,13.848,mL/h
20.2,pH,6.428,-
20.2,temp,29.993,degC
20.2167,DO,33.294,%
20.2167,feed_rate,13.848,mL/h
20.2167,pH,6.415,-
20.2167,temp,30.035,degC
20.2333,DO,33.227,%
20.2333,feed_rate,13.848,mL/h
20.2333,pH,6.424,-
20.2333,temp,29.995,degC
20.25,DO,33.197,%
20.25,feed_rate,13.848,mL/h
20.25,pH,6.415,-
20.25,temp,30.033,degC
20.2667,DO,33.255,%
20.2667,feed_rate,13.848,mL/h
20.2667,pH,6.409,-
20.2667,temp,30.007,degC
20.2833,DO,33.188,%
20.2833,feed_rate,13.848,mL/h
20.2833,pH,6.409,-
20.2833,temp,30.054,degC
20.3,DO,33.119,%
20.3,feed_rate,13.848,mL/h
20.3,pH,6.412,-
20.3,temp,29.956,degC
20.3167,DO,32.543,%
20.3167,feed_rate,13.848,mL/h
20.3167,pH,6.43,-
20.3167,temp,30.018,degC
20.3333,DO,32.243,%
20.3333,feed_rate,13.848,mL/h
20.3333,pH,6.45,-
20.3333,temp,30.045,degC
20.35,DO,32.584,%
20.35,feed_rate,13.848,mL/h
20.35,pH,6.416,-
20.35,temp,29.966,degC
20.3667,DO,32.458,%
20.3667,feed_rate,13.848,mL/h
20.3667,pH,6.411,-
20.3667,temp,30.011,degC
20.3833,DO,32.727,%
20.3833,feed_rate,13.848,mL/h
20.3833,pH,6.424,-
20.3833,temp,30.021,degC
20.4,DO,33.145,%
20.4,feed_rate,13.848,mL/h
20.4,pH,6.423,-
20.4,temp,29.998,degC
20.4167,DO,32.998,%
20.4167,feed_rate,13.848,mL/h
20.4167,pH,6.413,-
20.4167,temp,30.049,degC
20.4333,DO,33.067,%
20.4333,feed_rate,13.848,mL/h
20.4333,pH,6.437,-
20.4333,temp,30.021,degC
20.45,DO,33.655,%
20.45,feed_rate,13.848,mL/h
20.45,pH,6.427,-
20.45,temp,29.992,degC
20.4667,DO,33.707,%
20.4667,feed_rate,13.848,mL/h
20.4667,pH,6.427,-
20.4667,temp,30.045,degC
20.4833,DO,34.088,%
20.4833,feed_rate,13.848,mL/h
20.4833,pH,6.419,-
20.4833,temp,30.022,degC
20.5,DO,34.296,%
20.5,feed_rate,13.848,mL/h
20.5,pH,6.419,-
20.5,temp,30.143,degC
20.5167,DO,34.223,%
20.5167,feed_rate,13.848,mL/h
20.5167,pH,6.428,-
20.5167,temp,29.926,degC
20.5333,DO,33.901,%
20.5333,feed_rate,13.848,mL/h
20.5333,pH,6.404,-
20.5333,temp,30.011,degC
20.55,DO,33.42,%
20.55,feed_rate,13.848,mL/h
20.55,pH,6.41,-
20.55,temp,30.001,degC
20.5667,DO,32.95,%
20.5667,feed_rate,13.848,mL/h
20.5667,pH,6.419,-
20.5667,temp,30.003,degC
20.5833,DO,33.049,%
20.5833,feed_rate,13.848,mL/h
20.5833,pH,6.403,-
20.5833,temp,29.904,degC
20.6,DO,33.118,%
20.6,feed_rate,13.848,mL/h
20.6,pH,6.434,-
20.6,temp,30.007,degC
20.6167,DO,32.976,%
20.6167,feed_rate,13.848,mL/h
20.6167,pH,6.411,-
20.6167,temp,29.974,degC
20.6333,DO,33.166,%
20.6333,feed_rate,13.848,mL/h
20.6333,pH,6.413,-
20.6333,temp,30.037,degC
20.65,DO,32.877,%
20.65,feed_rate,13.848,mL/h
20.65,pH,6.421,-
20.65,temp,29.948,degC
20.6667,DO,33.156,%
20.6667,feed_rate,13.848,mL/h
20.6667,pH,6.432,-
20.6667,temp,30.086,degC
20.6833,DO,33.053,%
20.6833,feed_rate,13.848,mL/h
20.6833,pH,6.417,-
20.6833,temp,29.999,degC
20.7,DO,32.944,%
20.7,feed_rate,13.848,mL/h
20.7,pH,6.41,-
20.7,temp,29.977,degC
20.7167,DO,31.917,%
20.7167,feed_rate,16.215,mL/h
20.7167,pH,6.408,-
20.7167,temp,30.017,degC
20.7333,DO,31.061,%
20.7333,feed_rate,16.215,mL/h
20.7333,pH,6.419,-
20.7333,temp,29.929,degC
20.75,DO,31.149,%
20.75,feed_rate,16.215,mL/h
20.75,pH,6.411,-
20.75,temp,29.949,degC
20.7667,DO,29.985,%
20.7667,feed_rate,16.215,mL/h
20.7667,pH,6.441,-
20.7667,temp,30.029,degC
20.7833,DO,29.586,%
20.7833,feed_rate,16.215,mL/h
20.7833,pH,6.429,-
20.7833,temp,29.985,degC
20.8,DO,29.582,%
20.8,feed_rate,16.215,mL/h
20.8,pH,6.385,-
20.8,temp,30.004,degC
20.8167,DO,29.417,%
20.8167,feed_rate,16.215,mL/h
20.8167,pH,6.407,-
20.8167,temp,29.889,degC
20.8333,DO,28.976,%
20.8333,feed_rate,16.215,mL/h
20.8333,pH,6.42,-
20.8333,temp,29.932,degC
20.85,DO,29.231,%
20.85,feed_rate,16.215,mL/h
20.85,pH,6.44,-
20.85,temp,29.915,degC
20.8667,DO,28.588,%
20.8667,feed_rate,16.215,mL/h
20.8667,pH,6.396,-
20.8667,temp,30.08,degC
20.8833,DO,27.999,%
20.8833,feed_rate,16.215,mL/h
20.8833,pH,6.412,-
20.8833,temp,29.99,degC
20.9,DO,28.085,%
20.9,feed_rate,16.215,mL/h
20.9,pH,6.428,-
20.9,temp,30.061,degC
20.9167,DO,27.544,%
20.9167,feed_rate,16.215,mL/h
20.9167,pH,6.409,-
20.9167,temp,29.984,degC
20.9333,DO,26.83,%
20.9333,feed_rate,16.215,mL/h
20.9333,pH,6.417,-
20.9333,temp,30.049,degC
20.95,DO,27.232,%
20.95,feed_rate,16.215,mL/h
20.95,pH,6.411,-
20.95,temp,29.97,degC
20.9667,DO,27.514,%
20.9667,feed_rate,16.215,mL/h
20.9667,pH,6.423,-
20.9667,temp,29.974,degC
20.9833,DO,27.727,%
20.9833,feed_rate,16.215,mL/h
20.9833,pH,6.405,-
20.9833,temp,29.99,degC
21.0,DO,27.527,%
21.0,feed_rate,16.215,mL/h
21.0,pH,6.416,-
21.0,temp,30.001,degC
21.0167,DO,27.565,%
21.0167,feed_rate,16.215,mL/h
21.0167,pH,6.401,-
21.0167,temp,29.897,degC
21.0333,DO,27.246,%
21.0333,feed_rate,16.215,mL/h
21.0333,pH,6.426,-
21.0333,temp,29.996,degC
21.05,DO,27.798,%
21.05,feed_rate,16.215,mL/h
21.05,pH,6.422,-
21.05,temp,29.949,degC
21.0667,DO,27.952,%
21.0667,feed_rate,16.215,mL/h
21.0667,pH,6.415,-
21.0667,temp,29.962,degC
21.0833,DO,28.057,%
21.0833,feed_rate,16.215,mL/h
21.0833,pH,6.416,-
21.0833,temp,29.982,degC
21.1,DO,27.329,%
21.1,feed_rate,16.215,mL/h
21.1,pH,6.416,-
21.1,temp,29.976,degC
21.1167,DO,27.57,%
21.1167,feed_rate,16.215,mL/h
21.1167,pH,6.412,-
21.1167,temp,29.992,degC
21.1333,DO,27.965,%
21.1333,feed_rate,16.215,mL/h
21.1333,pH,6.417,-
21.1333,temp,30.049,degC
21.15,DO,28.194,%
21.15,feed_rate,16.215,mL/h
21.15,pH,6.419,-
21.15,temp,30.051,degC
21.1667,DO,28.246,%
21.1667,feed_rate,16.215,mL/h
21.1667,pH,6.415,-
21.1667,temp,30.082,degC
21.1833,DO,28.046,%
21.1833,feed_rate,16.215,mL/h
21.1833,pH,6.409,-
21.1833,temp,29.963,degC
21.2,DO,27.78,%
21.2,feed_rate,16.215,mL/h
21.2,pH,6.411,-
21.2,temp,29.991,degC
21.2167,DO,27.847,%
21.2167,feed_rate,16.215,mL/h
21.2167,pH,6.411,-
21.2167,temp,29.981,degC
21.2333,DO,27.831,%
21.2333,feed_rate,16.215,mL/h
21.2333,pH,6.42,-
21.2333,temp,29.975,degC
21.25,DO,27.771,%
21.25,feed_rate,16.215,mL/h
21.25,pH,6.417,-
21.25,temp,30.027,degC
21.2667,DO,27.555,%
21.2667,feed_rate,16.215,mL/h
21.2667,pH,6.435,-
21.2667,temp,30.034,degC
21.2833,DO,27.976,%
21.2833,feed_rate,16.215,mL/h
21.2833,pH,6.413,-
21.2833,temp,29.992,degC
21.3,DO,27.454,%
21.3,feed_rate,16.215,mL/h
21.3,pH,6.416,-
21.3,temp,30.005,degC
21.3167,DO,27.377,%
21.3167,feed_rate,16.215,mL/h
21.3167,pH,6.408,-
21.3167,temp,30.06,degC
21.3333,DO,27.144,%
21.3333,feed_rate,16.215,mL/h
21.3333,pH,6.416,-
21.3333,temp,29.992,degC
21.35,DO,27.438,%
21.35,feed_rate,16.215,mL/h
21.35,pH,6.41,-
21.35,temp,30.053,degC
21.3667,DO,27.789,%
21.3667,feed_rate,16.215,mL/h
21.3667,pH,6.406,-
21.3667,temp,30.0,degC
21.3833,DO,28.011,%
21.3833,feed_rate,16.215,mL/h
21.3833,pH,6.416,-
21.3833,temp,30.023,degC
21.4,DO,28.038,%
21.4,feed_rate,16.215,mL/h
21.4,pH,6.43,-
21.4,temp,30.092,degC
21.4167,DO,27.408,%
21.4167,feed_rate,16.215,mL/h
21.4167,pH,6.406,-
21.4167,temp,29.974,degC
21.4333,DO,27.946,%
21.4333,feed_rate,16.215,mL/h
21.4333,pH,6.408,-
21.4333,temp,30.019,degC
21.45,DO,27.904,%
21.45,feed_rate,16.215,mL/h
21.45,pH,6.414,-
21.45,temp,30.063,degC
21.4667,DO,27.679,%
21.4667,feed_rate,16.215,mL/h
21.4667,pH,6.417,-
21.4667,temp,30.009,degC
21.4833,DO,27.535,%
21.4833,feed_rate,16.215,mL/h
21.4833,pH,6.427,-
21.4833,temp,30.067,degC
21.5,DO,27.308,%
21.5,feed_rate,16.215,mL/h
21.5,pH,6.408,-
21.5,temp,30.128,degC
21.5167,DO,27.352,%
21.5167,feed_rate,16.215,mL/h
21.5167,pH,6.413,-
21.5167,temp,30.073,degC
21.5333,DO,27.349,%
21.5333,feed_rate,16.215,mL/h
21.5333,pH,6.406,-
21.5333,temp,30.0,degC
21.55,DO,27.143,%
21.55,feed_rate,16.215,mL/h
21.55,pH,6.405,-
21.55,temp,29.964,degC
21.5667,DO,26.311,%
21.5667,feed_rate,16.215,mL/h
21.5667,pH,6.409,-
21.5667,temp,30.014,degC
21.5833,DO,26.403,%
21.5833,feed_rate,16.215,mL/h
21.5833,pH,6.402,-
21.5833,temp,29.977,degC
21.6,DO,26.627,%
21.6,feed_rate,16.215,mL/h
21.6,pH,6.418,-
21.6,temp,29.966,degC
21.6167,DO,26.817,%
21.6167,feed_rate,16.215,mL/h
21.6167,pH,6.424,-
21.6167,temp,30.04,degC
21.6333,DO,26.763,%
21.6333,feed_rate,16.215,mL/h
21.6333,pH,6.408,-
21.6333,temp,30.036,degC
21.65,DO,26.898,%
21.65,feed_rate,16.215,mL/h
21.65,pH,6.406,-
21.65,temp,29.923,degC
21.6667,DO,27.175,%
21.6667,feed_rate,16.215,mL/h
21.6667,pH,6.426,-
21.6667,temp,29.978,degC
21.6833,DO,26.944,%
21.6833,feed_rate,16.215,mL/h
21.6833,pH,6.411,-
21.6833,temp,29.953,degC
21.7,DO,27.336,%
21.7,feed_rate,16.215,mL/h
21.7,pH,6.428,-
21.7,temp,30.036,degC
21.7167,DO,26.621,%
21.7167,feed_rate,16.215,mL/h
21.7167,pH,6.384,-
21.7167,temp,30.023,degC
21.7333,DO,26.254,%
21.7333,feed_rate,16.215,mL/h
21.7333,pH,6.411,-
21.7333,temp,30.051,degC
21.75,DO,26.063,%
21.75,feed_rate,16.215,mL/h
21.75,pH,6.403,-
21.75,temp,30.003,degC
21.7667,DO,25.446,%
21.7667,feed_rate,16.215,mL/h
21.7667,pH,6.407,-
21.7667,temp,30.03,degC
21.7833,DO,25.383,%
21.7833,feed_rate,16.215,mL/h
21.7833,pH,6.421,-
21.7833,temp,30.039,degC
21.8,DO,26.003,%
21.8,feed_rate,16.215,mL/h
21.8,pH,6.423,-
21.8,temp,30.002,degC
21.8167,DO,26.494,%
21.8167,feed_rate,16.215,mL/h
21.8167,pH,6.411,-
21.8167,temp,30.048,degC
21.8333,DO,26.541,%
21.8333,feed_rate,16.215,mL/h
21.8333,pH,6.422,-
21.8333,temp,29.916,degC
21.85,DO,27.062,%
21.85,feed_rate,16.215,mL/h
21.85,pH,6.401,-
21.85,temp,30.054,degC
21.8667,DO,27.032,%
21.8667,feed_rate,16.215,mL/h
21.8667,pH,6.415,-
21.8667,temp,29.938,degC
21.8833,DO,26.783,%
21.8833,feed_rate,16.215,mL/h
21.8833,pH,6.411,-
21.8833,temp,29.986,degC
21.9,DO,26.803,%
21.9,feed_rate,16.215,mL/h
21.9,pH,6.395,-
21.9,temp,30.016,degC
21.9167,DO,26.702,%
21.9167,feed_rate,16.215,mL/h
21.9167,pH,6.421,-
21.9167,temp,30.01,degC
21.9333,DO,26.88,%
21.9333,feed_rate,16.215,mL/h
21.9333,pH,6.405,-
21.9333,temp,29.935,degC
21.95,DO,26.348,%
21.95,feed_rate,16.215,mL/h
21.95,pH,6.416,-
21.95,temp,30.005,degC
21.9667,DO,26.67,%
21.9667,feed_rate,16.215,mL/h
21.9667,pH,6.404,-
21.9667,temp,29.894,degC
21.9833,DO,26.487,%
21.9833,feed_rate,16.215,mL/h
21.9833,pH,6.414,-
21.9833,temp,29.991,degC
22.0,DO,26.732,%
22.0,feed_rate,16.215,mL/h
22.0,pH,6.418,-
22.0,temp,29.979,degC
22.0167,DO,26.206,%
22.0167,feed_rate,16.215,mL/h
22.0167,pH,6.412,-
22.0167,temp,30.076,degC
22.0333,DO,26.119,%
22.0333,feed_rate,16.215,mL/h
22.0333,pH,6.407,-
22.0333,temp,29.987,degC
22.05,DO,26.196,%
22.05,feed_rate,16.215,mL/h
22.05,pH,6.418,-
22.05,temp,29.965,degC
22.0667,DO,26.501,%
22.0667,feed_rate,16.215,mL/h
22.0667,pH,6.414,-
22.0667,temp,29.966,degC
22.0833,DO,26.107,%
22.0833,feed_rate,16.215,mL/h
22.0833,pH,6.407,-
22.0833,temp,29.959,degC
22.1,DO,26.654,%
22.1,feed_rate,16.215,mL/h
22.1,pH,6.412,-
22.1,temp,30.0,degC
22.1167,DO,26.733,%
22.1167,feed_rate,16.215,mL/h
22.1167,pH,6.411,-
22.1167,temp,30.011,degC
22.1333,DO,26.491,%
22.1333,feed_rate,16.215,mL/h
22.1333,pH,6.408,-
22.1333,temp,30.08,degC
22.15,DO,26.818,%
22.15,feed_rate,16.215,mL/h
22.15,pH,6.42,-
22.15,temp,29.937,degC
22.1667,DO,26.742,%
22.1667,feed_rate,16.215,mL/h
22.1667,pH,6.429,-
22.1667,temp,30.029,degC
22.1833,DO,26.995,%
22.1833,feed_rate,16.215,mL/h
22.1833,pH,6.406,-
22.1833,temp,29.931,degC
22.2,DO,27.544,%
22.2,feed_rate,16.215,mL/h
22.2,pH,6.41,-
22.2,temp,29.986,degC
22.2167,DO,27.514,%
22.2167,feed_rate,16.215,mL/h
22.2167,pH,6.402,-
22.2167,temp,30.055,degC
22.2333,DO,27.099,%
22.2333,feed_rate,16.215,mL/h
22.2333,pH,6.398,-
22.2333,temp,30.06,degC
22.25,DO,26.794,%
22.25,feed_rate,16.215,mL/h
22.25,pH,6.422,-
22.25,temp,30.042,degC
22.2667,DO,26.85,%
22.2667,feed_rate,16.215,mL/h
22.2667,pH,6.404,-
22.2667,temp,29.972,degC
22.2833,DO,26.804,%
22.2833,feed_rate,16.215,mL/h
22.2833,pH,6.414,-
22.2833,temp,30.047,degC
22.3,DO,26.428,%
22.3,feed_rate,16.215,mL/h
22.3,pH,6.397,-
22.3,temp,30.075,degC
22.3167,DO,26.174,%
22.3167,feed_rate,16.215,mL/h
22.3167,pH,6.404,-
22.3167,temp,29.933,degC
22.3333,DO,26.368,%
22.3333,feed_rate,16.215,mL/h
22.3333,pH,6.415,-
22.3333,temp,29.974,degC
22.35,DO,27.025,%
22.35,feed_rate,16.215,mL/h
22.35,pH,6.415,-
22.35,temp,30.005,degC
22.3667,DO,26.055,%
22.3667,feed_rate,16.215,mL/h
22.3667,pH,6.413,-
22.3667,temp,30.013,degC
22.3833,DO,26.282,%
22.3833,feed_rate,16.215,mL/h
22.3833,pH,6.414,-
22.3833,temp,30.017,degC
22.4,DO,26.181,%
22.4,feed_rate,16.215,mL/h
22.4,pH,6.412,-
22.4,temp,29.991,degC
22.4167,DO,26.394,%
22.4167,feed_rate,16.215,mL/h
22.4167,pH,6.42,-
22.4167,temp,29.969,degC
22.4333,DO,26.589,%
22.4333,feed_rate,16.215,mL/h
22.4333,pH,6.427,-
22.4333,temp,30.027,degC
22.45,DO,26.498,%
22.45,feed_rate,16.215,mL/h
22.45,pH,6.416,-
22.45,temp,29.965,degC
22.4667,DO,26.102,%
22.4667,feed_rate,16.215,mL/h
22.4667,pH,6.409,-
22.4667,temp,29.993,degC
22.4833,DO,25.668,%
22.4833,feed_rate,16.215,mL/h
22.4833,pH,6.4,-
22.4833,temp,30.024,degC
22.5,DO,25.175,%
22.5,feed_rate,16.215,mL/h
22.5,pH,6.405,-
22.5,temp,30.024,degC
22.5167,DO,25.707,%
22.5167,feed_rate,16.215,mL/h
22.5167,pH,6.407,-
22.5167,temp,30.045,degC
22.5333,DO,25.7,%
22.5333,feed_rate,16.215,mL/h
22.5333,pH,6.424,-
22.5333,temp,30.047,degC
22.55,DO,25.593,%
22.55,feed_rate,16.215,mL/h
22.55,pH,6.394,-
22.55,temp,30.036,degC
22.5667,DO,25.584,%
22.5667,feed_rate,16.215,mL/h
22.5667,pH,6.402,-
22.5667,temp,30.077,degC
22.5833,DO,25.256,%
22.5833,feed_rate,16.215,mL/h
22.5833,pH,6.399,-
22.5833,temp,29.936,degC
22.6,DO,25.484,%
22.6,feed_rate,16.215,mL/h
22.6,pH,6.418,-
22.6,temp,30.013,degC
22.6167,DO,25.968,%
22.6167,feed_rate,16.215,mL/h
22.6167,pH,6.402,-
22.6167,temp,30.013,degC
22.6333,DO,26.299,%
22.6333,feed_rate,16.215,mL/h
22.6333,pH,6.391,-
22.6333,temp,29.991,degC
22.65,DO,25.749,%
22.65,feed_rate,16.215,mL/h
22.65,pH,6.389,-
22.65,temp,30.002,degC
22.6667,DO,26.187,%
22.6667,feed_rate,16.215,mL/h
22.6667,pH,6.412,-
22.6667,temp,30.021,degC
22.6833,DO,25.895,%
22.6833,feed_rate,16.215,mL/h
22.6833,pH,6.393,-
22.6833,temp,29.986,degC
22.7,DO,25.078,%
22.7,feed_rate,16.808,mL/h
22.7,pH,6.42,-
22.7,temp,30.103,degC
22.7167,DO,24.627,%
22.7167,feed_rate,16.808,mL/h
22.7167,pH,6.419,-
22.7167,temp,30.101,degC
22.7333,DO,24.343,%
22.7333,feed_rate,16.808,mL/h
22.7333,pH,6.397,-
22.7333,temp,29.98,degC
22.75,DO,24.401,%
22.75,feed_rate,16.808,mL/h
22.75,pH,6.405,-
22.75,temp,30.055,degC
22.7667,DO,24.138,%
22.7667,feed_rate,16.808,mL/h
22.7667,pH,6.409,-
22.7667,temp,30.045,degC
22.7833,DO,23.781,%
22.7833,feed_rate,16.808,mL/h
22.7833,pH,6.394,-
22.7833,temp,30.015,degC
22.8,DO,23.867,%
22.8,feed_rate,16.808,mL/h
22.8,pH,6.396,-
22.8,temp,29.995,degC
22.8167,DO,24.59,%
22.8167,feed_rate,16.808,mL/h
22.8167,pH,6.402,-
22.8167,temp,30.029,degC
22.8333,DO,24.378,%
22.8333,feed_rate,16.808,mL/h
22.8333,pH,6.408,-
22.8333,temp,30.012,degC
22.85,DO,24.557,%
22.85,feed_rate,16.808,mL/h
22.85,pH,6.411,-
22.85,temp,29.978,degC
22.8667,DO,24.582,%
22.8667,feed_rate,16.808,mL/h
22.8667,pH,6.389,-
22.8667,temp,30.047,degC
22.8833,DO,25.373,%
22.8833,feed_rate,16.808,mL/h
22.8833,pH,6.41,-
22.8833,temp,30.012,degC
22.9,DO,24.637,%
22.9,feed_rate,16.808,mL/h
22.9,pH,6.407,-
22.9,temp,30.059,degC
22.9167,DO,24.943,%
22.9167,feed_rate,16.808,mL/h
22.9167,pH,6.405,-
22.9167,temp,29.94,degC
22.9333,DO,24.474,%
22.9333,feed_rate,16.808,mL/h
22.9333,pH,6.403,-
22.9333,temp,29.965,degC
22.95,DO,24.302,%
22.95,feed_rate,16.808,mL/h
22.95,pH,6.418,-
22.95,temp,29.851,degC
22.9667,DO,24.311,%
22.9667,feed_rate,16.808,mL/h
22.9667,pH,6.423,-
22.9667,temp,29.983,degC
22.9833,DO,25.302,%
22.9833,feed_rate,16.808,mL/h
22.9833,pH,6.403,-
22.9833,temp,29.947,degC
23.0,DO,24.907,%
23.0,feed_rate,16.808,mL/h
23.0,pH,6.406,-
23.0,temp,30.031,degC
23.0167,DO,24.251,%
23.0167,feed_rate,16.808,mL/h
23.0167,pH,6.392,-
23.0167,temp,30.052,degC
23.0333,DO,24.68,%
23.0333,feed_rate,16.808,mL/h
23.0333,pH,6.403,-
23.0333,temp,30.008,degC
23.05,DO,24.38,%
23.05,feed_rate,16.808,mL/h
23.05,pH,6.414,-
23.05,temp,30.047,degC
23.0667,DO,24.317,%
23.0667,feed_rate,16.808,mL/h
23.0667,pH,6.406,-
23.0667,temp,29.968,degC
23.0833,DO,24.329,%
23.0833,feed_rate,16.808,mL/h
23.0833,pH,6.411,-
23.0833,temp,29.942,degC
23.1,DO,24.374,%
23.1,feed_rate,16.808,mL/h
23.1,pH,6.406,-
23.1,temp,30.07,degC
23.1167,DO,24.327,%
23.1167,feed_rate,16.808,mL/h
23.1167,pH,6.408,-
23.1167,temp,30.051,degC
23.1333,DO,24.419,%
23.1333,feed_rate,16.808,mL/h
23.1333,pH,6.414,-
23.1333,temp,30.038,degC
23.15,DO,24.526,%
23.15,feed_rate,16.808,mL/h
23.15,pH,6.415,-
23.15,temp,29.986,degC
23.1667,DO,24.75,%
23.1667,feed_rate,16.808,mL/h
23.1667,pH,6.388,-
23.1667,temp,30.053,degC
23.1833,DO,24.543,%
23.1833,feed_rate,16.808,mL/h
23.1833,pH,6.405,-
23.1833,temp,30.033,degC
23.2,DO,24.278,%
23.2,feed_rate,16.808,mL/h
23.2,pH,6.378,-
23.2,temp,30.132,degC
23.2167,DO,23.97,%
23.2167,feed_rate,16.808,mL/h
23.2167,pH,6.407,-
23.2167,temp,29.871,degC
23.2333,DO,24.218,%
23.2333,feed_rate,16.808,mL/h
23.2333,pH,6.401,-
23.2333,temp,29.942,degC
23.25,DO,24.223,%
23.25,feed_rate,16.808,mL/h
23.25,pH,6.401,-
23.25,temp,30.044,degC
23.2667,DO,24.405,%
23.2667,feed_rate,16.808,mL/h
23.2667,pH,6.422,-
23.2667,temp,30.039,degC
23.2833,DO,24.544,%
23.2833,feed_rate,16.808,mL/h
23.2833,pH,6.41,-
23.2833,temp,30.018,degC
23.3,DO,24.997,%
23.3,feed_rate,16.808,mL/h
23.3,pH,6.418,-
23.3,temp,29.993,degC
23.3167,DO,24.914,%
23.3167,feed_rate,16.808,mL/h
23.3167,pH,6.413,-
23.3167,temp,29.97,degC
23.3333,DO,25.009,%
23.3333,feed_rate,16.808,mL/h
23.3333,pH,6.423,-
23.3333,temp,30.083,degC
23.35,DO,24.497,%
23.35,feed_rate,16.808,mL/h
23.35,pH,6.404,-
23.35,temp,30.058,degC
23.3667,DO,24.122,%
23.3667,feed_rate,16.808,mL/h
23.3667,pH,6.404,-
23.3667,temp,30.019,degC
23.3833,DO,24.05,%
23.3833,feed_rate,16.808,mL/h
23.3833,pH,6.405,-
23.3833,temp,30.023,degC
23.4,DO,23.72,%
23.4,feed_rate,16.808,mL/h
23.4,pH,6.431,-
23.4,temp,30.086,degC
23.4167,DO,24.025,%
23.4167,feed_rate,16.808,mL/h
23.4167,pH,6.402,-
23.4167,temp,29.953,degC
23.4333,DO,23.661,%
23.4333,feed_rate,16.808,mL/h
23.4333,pH,6.406,-
23.4333,temp,29.946,degC
23.45,DO,23.788,%
23.45,feed_rate,16.808,mL/h
23.45,pH,6.42,-
23.45,temp,29.997,degC
23.4667,DO,23.129,%
23.4667,feed_rate,16.808,mL/h
23.4667,pH,6.415,-
23.4667,temp,29.951,degC
23.4833,DO,23.007,%
23.4833,feed_rate,16.808,mL/h
23.4833,pH,6.401,-
23.4833,temp,30.045,degC
23.5,DO,23.137,%
23.5,feed_rate,16.808,mL/h
23.5,pH,6.423,-
23.5,temp,30.037,degC
23.5167,DO,23.263,%
23.5167,feed_rate,16.808,mL/h
23.5167,pH,6.411,-
23.5167,temp,30.038,degC
23.5333,DO,22.902,%
23.5333,feed_rate,16.808,mL/h
23.5333,pH,6.42,-
23.5333,temp,29.991,degC
23.55,DO,23.181,%
23.55,feed_rate,16.808,mL/h
23.55,pH,6.412,-
23.55,temp,29.973,degC
23.5667,DO,23.663,%
23.5667,feed_rate,16.808,mL/h
23.5667,pH,6.414,-
23.5667,temp,30.023,degC
23.5833,DO,23.948,%
23.5833,feed_rate,16.808,mL/h
23.5833,pH,6.398,-
23.5833,temp,29.899,degC
23.6,DO,23.783,%
23.6,feed_rate,16.808,mL/h
23.6,pH,6.42,-
23.6,temp,29.926,degC
23.6167,DO,23.67,%
23.6167,feed_rate,16.808,mL/h
23.6167,pH,6.399,-
23.6167,temp,29.952,degC
23.6333,DO,23.398,%
23.6333,feed_rate,16.808,mL/h
23.6333,pH,6.406,-
23.6333,temp,29.933,degC
23.65,DO,23.723,%
23.65,feed_rate,16.808,mL/h
23.65,pH,6.416,-
23.65,temp,30.002,degC
23.6667,DO,24.226,%
23.6667,feed_rate,16.808,mL/h
23.6667,pH,6.402,-
23.6667,temp,29.945,degC
23.6833,DO,24.035,%
23.6833,feed_rate,16.808,mL/h
23.6833,pH,6.406,-
23.6833,temp,30.034,degC
23.7,DO,23.53,%
23.7,feed_rate,16.808,mL/h
23.7,pH,6.405,-
23.7,temp,29.996,degC
23.7167,DO,23.693,%
23.7167,feed_rate,16.808,mL/h
23.7167,pH,6.407,-
23.7167,temp,29.919,degC
23.7333,DO,23.974,%
23.7333,feed_rate,16.808,mL/h
23.7333,pH,6.411,-
23.7333,temp,29.879,degC
23.75,DO,23.168,%
23.75,feed_rate,16.808,mL/h
23.75,pH,6.39,-
23.75,temp,30.093,degC
23.7667,DO,23.379,%
23.7667,feed_rate,16.808,mL/h
23.7667,pH,6.4,-
23.7667,temp,30.016,degC
23.7833,DO,24.155,%
23.7833,feed_rate,16.808,mL/h
23.7833,pH,6.426,-
23.7833,temp,30.022,degC
23.8,DO,24.37,%
23.8,feed_rate,16.808,mL/h
23.8,pH,6.385,-
23.8,temp,29.976,degC
23.8167,DO,24.46,%
23.8167,feed_rate,16.808,mL/h
23.8167,pH,6.398,-
23.8167,temp,29.952,degC
23.8333,DO,24.485,%
23.8333,feed_rate,16.808,mL/h
23.8333,pH,6.413,-
23.8333,temp,30.066,degC
23.85,DO,24.702,%
23.85,feed_rate,16.808,mL/h
23.85,pH,6.386,-
23.85,temp,29.942,degC
23.8667,DO,24.273,%
23.8667,feed_rate,16.808,mL/h
23.8667,pH,6.396,-
23.8667,temp,29.979,degC
23.8833,DO,23.956,%
23.8833,feed_rate,16.808,mL/h
23.8833,pH,6.396,-
23.8833,temp,30.0,degC
23.9,DO,24.077,%
23.9,feed_rate,16.808,mL/h
23.9,pH,6.42,-
23.9,temp,29.956,degC
23.9167,DO,23.845,%
23.9167,feed_rate,16.808,mL/h
23.9167,pH,6.396,-
23.9167,temp,29.973,degC
23.9333,DO,23.94,%
23.9333,feed_rate,16.808,mL/h
23.9333,pH,6.411,-
23.9333,temp,29.973,degC
23.95,DO,23.363,%
23.95,feed_rate,16.808,mL/h
23.95,pH,6.398,-
23.95,temp,29.975,degC
23.9667,DO,23.701,%
23.9667,feed_rate,16.808,mL/h
23.9667,pH,6.404,-
23.9667,temp,30.076,degC
23.9833,DO,23.997,%
23.9833,feed_rate,16.808,mL/h
23.9833,pH,6.393,-
23.9833,temp,30.002,degC
24.0,DO,23.991,%
24.0,feed_rate,16.808,mL/h
24.0,pH,6.389,-
24.0,temp,30.048,degC
24.0167,DO,24.02,%
24.0167,feed_rate,16.808,mL/h
24.0167,pH,6.399,-
24.0167,temp,29.956,degC
24.0333,DO,24.479,%
24.0333,feed_rate,16.808,mL/h
24.0333,pH,6.39,-
24.0333,temp,29.972,degC
24.05,DO,24.034,%
24.05,feed_rate,16.808,mL/h
24.05,pH,6.402,-
24.05,temp,29.968,degC
24.0667,DO,23.727,%
24.0667,feed_rate,16.808,mL/h
24.0667,pH,6.405,-
24.0667,temp,29.921,degC
24.0833,DO,23.425,%
24.0833,feed_rate,16.808,mL/h
24.0833,pH,6.408,-
24.0833,temp,30.0,degC
24.1,DO,23.383,%
24.1,feed_rate,16.808,mL/h
24.1,pH,6.419,-
24.1,temp,29.928,degC
24.1167,DO,23.172,%
24.1167,feed_rate,16.808,mL/h
24.1167,pH,6.418,-
24.1167,temp,29.941,degC
24.1333,DO,23.316,%
24.1333,feed_rate,16.808,mL/h
24.1333,pH,6.392,-
24.1333,temp,29.999,degC
24.15,DO,23.224,%
24.15,feed_rate,16.808,mL/h
24.15,pH,6.396,-
24.15,temp,30.014,degC
24.1667,DO,22.908,%
24.1667,feed_rate,16.808,mL/h
24.1667,pH,6.42,-
24.1667,temp,29.96,degC
24.1833,DO,22.624,%
24.1833,feed_rate,16.808,mL/h
24.1833,pH,6.403,-
24.1833,temp,30.006,degC
24.2,DO,23.224,%
24.2,feed_rate,16.808,mL/h
24.2,pH,6.399,-
24.2,temp,30.058,degC
24.2167,DO,23.318,%
24.2167,feed_rate,16.808,mL/h
24.2167,pH,6.414,-
24.2167,temp,30.071,degC
24.2333,DO,23.345,%
24.2333,feed_rate,16.808,mL/h
24.2333,pH,6.397,-
24.2333,temp,30.044,degC
24.25,DO,23.44,%
24.25,feed_rate,16.808,mL/h
24.25,pH,6.412,-
24.25,temp,29.984,degC
24.2667,DO,23.483,%
24.2667,feed_rate,16.808,mL/h
24.2667,pH,6.4,-
24.2667,temp,30.063,degC
24.2833,DO,23.767,%
24.2833,feed_rate,16.808,mL/h
24.2833,pH,6.416,-
24.2833,temp,29.985,degC
24.3,DO,23.934,%
24.3,feed_rate,16.808,mL/h
24.3,pH,6.401,-
24.3,temp,29.984,degC
24.3167,DO,23.721,%
24.3167,feed_rate,16.808,mL/h
24.3167,pH,6.411,-
24.3167,temp,30.047,degC
24.3333,DO,23.479,%
24.3333,feed_rate,16.808,mL/h
24.3333,pH,6.413,-
24.3333,temp,30.018,degC
24.35,DO,23.205,%
24.35,feed_rate,16.808,mL/h
24.35,pH,6.419,-
24.35,temp,30.025,degC
24.3667,DO,22.935,%
24.3667,feed_rate,16.808,mL/h
24.3667,pH,6.395,-
24.3667,temp,29.958,degC
24.3833,DO,23.513,%
24.3833,feed_rate,16.808,mL/h
24.3833,pH,6.399,-
24.3833,temp,29.986,degC
24.4,DO,23.279,%
24.4,feed_rate,16.808,mL/h
24.4,pH,6.388,-
24.4,temp,30.016,degC
24.4167,DO,22.76,%
24.4167,feed_rate,16.808,mL/h
24.4167,pH,6.385,-
24.4167,temp,30.026,degC
24.4333,DO,22.695,%
24.4333,feed_rate,16.808,mL/h
24.4333,pH,6.397,-
24.4333,temp,30.028,degC
24.45,DO,22.659,%
24.45,feed_rate,16.808,mL/h
24.45,pH,6.404,-
24.45,temp,29.912,degC
24.4667,DO,22.964,%
24.4667,feed_rate,16.808,mL/h
24.4667,pH,6.415,-
24.4667,temp,30.112,degC
24.4833,DO,22.842,%
24.4833,feed_rate,16.808,mL/h
24.4833,pH,6.398,-
24.4833,temp,30.04,degC
24.5,DO,23.169,%
24.5,feed_rate,16.808,mL/h
24.5,pH,6.421,-
24.5,temp,29.959,degC
24.5167,DO,23.385,%
24.5167,feed_rate,16.808,mL/h
24.5167,pH,6.404,-
24.5167,temp,30.059,degC
24.5333,DO,23.82,%
24.5333,feed_rate,16.808,mL/h
24.5333,pH,6.411,-
24.5333,temp,29.994,degC
24.55,DO,24.437,%
24.55,feed_rate,16.808,mL/h
24.55,pH,6.399,-
24.55,temp,29.982,degC
24.5667,DO,25.134,%
24.5667,feed_rate,16.808,mL/h
24.5667,pH,6.389,-
24.5667,temp,30.082,degC
24.5833,DO,25.24,%
24.5833,feed_rate,16.808,mL/h
24.5833,pH,6.417,-
24.5833,temp,29.945,degC
24.6,DO,23.572,%
24.6,feed_rate,19.305,mL/h
24.6,pH,6.399,-
24.6,temp,29.951,degC
24.6167,DO,22.463,%
24.6167,feed_rate,19.305,mL/h
24.6167,pH,6.413,-
24.6167,temp,29.958,degC
24.6333,DO,21.77,%
24.6333,feed_rate,19.305,mL/h
24.6333,pH,6.398,-
24.6333,temp,29.972,degC
24.65,DO,21.76,%
24.65,feed_rate,19.305,mL/h
24.65,pH,6.407,-
24.65,temp,30.162,degC
24.6667,DO,21.334,%
24.6667,feed_rate,19.305,mL/h
24.6667,pH,6.4,-
24.6667,temp,29.979,degC
24.6833,DO,21.149,%
24.6833,feed_rate,19.305,mL/h
24.6833,pH,6.398,-
24.6833,temp,29.951,degC
24.7,DO,20.587,%
24.7,feed_rate,19.305,mL/h
24.7,pH,6.4,-
24.7,temp,30.01,degC
24.7167,DO,20.365,%
24.7167,feed_rate,19.305,mL/h
24.7167,pH,6.408,-
24.7167,temp,30.038,degC
24.7333,DO,20.225,%
24.7333,feed_rate,19.305,mL/h
24.7333,pH,6.389,-
24.7333,temp,30.064,degC
24.75,DO,19.759,%
24.75,feed_rate,19.305,mL/h
24.75,pH,6.391,-
24.75,temp,29.958,degC
24.7667,DO,19.755,%
24.7667,feed_rate,19.305,mL/h
24.7667,pH,6.411,-
24.7667,temp,30.099,degC
24.7833,DO,19.839,%
24.7833,feed_rate,19.305,mL/h
24.7833,pH,6.393,-
24.7833,temp,30.011,degC
24.8,DO,19.536,%
24.8,feed_rate,19.305,mL/h
24.8,pH,6.403,-
24.8,temp,29.959,degC
24.8167,DO,19.645,%
24.8167,feed_rate,19.305,mL/h
24.8167,pH,6.387,-
24.8167,temp,29.963,degC
24.8333,DO,19.92,%
24.8333,feed_rate,19.305,mL/h
24.8333,pH,6.398,-
24.8333,temp,30.026,degC
24.85,DO,19.664,%
24.85,feed_rate,19.305,mL/h
24.85,pH,6.412,-
24.85,temp,30.002,degC
24.8667,DO,19.439,%
24.8667,feed_rate,19.305,mL/h
24.8667,pH,6.401,-
24.8667,temp,29.98,degC
24.8833,DO,19.164,%
24.8833,feed_rate,19.305,mL/h
24.8833,pH,6.402,-
24.8833,temp,30.009,degC
24.9,DO,18.85,%
24.9,feed_rate,19.305,mL/h
24.9,pH,6.396,-
24.9,temp,30.118,degC
24.9167,DO,18.831,%
24.9167,feed_rate,19.305,mL/h
24.9167,pH,6.401,-
24.9167,temp,30.074,degC
24.9333,DO,18.643,%
24.9333,feed_rate,19.305,mL/h
24.9333,pH,6.382,-
24.9333,temp,29.977,degC
24.95,DO,18.522,%
24.95,feed_rate,19.305,mL/h
24.95,pH,6.384,-
24.95,temp,29.966,degC
24.9667,DO,18.285,%
24.9667,feed_rate,19.305,mL/h
24.9667,pH,6.404,-
24.9667,temp,30.052,degC
24.9833,DO,17.866,%
24.9833,feed_rate,19.305,mL/h
24.9833,pH,6.382,-
24.9833,temp,29.949,degC
25.0,DO,17.709,%
25.0,feed_rate,19.305,mL/h
25.0,pH,6.413,-
25.0,temp,29.91,degC
25.0167,DO,17.962,%
25.0167,feed_rate,19.305,mL/h
25.0167,pH,6.408,-
25.0167,temp,29.953,degC
25.0333,DO,17.71,%
25.0333,feed_rate,19.305,mL/h
25.0333,pH,6.388,-
25.0333,temp,29.935,degC
25.05,DO,17.668,%
25.05,feed_rate,19.305,mL/h
25.05,pH,6.378,-
25.05,temp,29.927,degC
25.0667,DO,18.32,%
25.0667,feed_rate,19.305,mL/h
25.0667,pH,6.375,-
25.0667,temp,29.988,degC
25.0833,DO,18.685,%
25.0833,feed_rate,19.305,mL/h
25.0833,pH,6.403,-
25.0833,temp,29.96,degC
25.1,DO,18.431,%
25.1,feed_rate,19.305,mL/h
25.1,pH,6.398,-
25.1,temp,29.983,degC
25.1167,DO,18.615,%
25.1167,feed_rate,19.305,mL/h
25.1167,pH,6.413,-
25.1167,temp,30.018,degC
25.1333,DO,18.385,%
25.1333,feed_rate,19.305,mL/h
25.1333,pH,6.404,-
25.1333,temp,29.973,degC
25.15,DO,18.883,%
25.15,feed_rate,19.305,mL/h
25.15,pH,6.415,-
25.15,temp,29.927,degC
25.1667,DO,18.617,%
25.1667,feed_rate,19.305,mL/h
25.1667,pH,6.408,-
25.1667,temp,29.953,degC
25.1833,DO,18.603,%
25.1833,feed_rate,19.305,mL/h
25.1833,pH,6.39,-
25.1833,temp,30.042,degC
25.2,DO,18.981,%
25.2,feed_rate,19.305,mL/h
25.2,pH,6.397,-
25.2,temp,29.946,degC
25.2167,DO,18.619,%
25.2167,feed_rate,19.305,mL/h
25.2167,pH,6.39,-
25.2167,temp,29.943,degC
25.2333,DO,18.968,%
25.2333,feed_rate,19.305,mL/h
25.2333,pH,6.396,-
25.2333,temp,30.021,degC
25.25,DO,18.61,%
25.25,feed_rate,19.305,mL/h
25.25,pH,6.394,-
25.25,temp,29.953,degC
25.2667,DO,18.638,%
25.2667,feed_rate,19.305,mL/h
25.2667,pH,6.396,-
25.2667,temp,29.953,degC
25.2833,DO,18.5,%
25.2833,feed_rate,19.305,mL/h
25.2833,pH,6.412,-
25.2833,temp,30.012,degC
25.3,DO,18.451,%
25.3,feed_rate,19.305,mL/h
25.3,pH,6.393,-
25.3,temp,29.993,degC
25.3167,DO,18.485,%
25.3167,feed_rate,19.305,mL/h
25.3167,pH,6.386,-
25.3167,temp,29.972,degC
25.3333,DO,18.44,%
25.3333,feed_rate,19.305,mL/h
25.3333,pH,6.392,-
25.3333,temp,29.979,degC
25.35,DO,18.121,%
25.35,feed_rate,19.305,mL/h
25.35,pH,6.394,-
25.35,temp,30.054,degC
25.3667,DO,18.429,%
25.3667,feed_rate,19.305,mL/h
25.3667,pH,6.392,-
25.3667,temp,30.016,degC
25.3833,DO,18.631,%
25.3833,feed_rate,19.305,mL/h
25.3833,pH,6.396,-
25.3833,temp,29.965,degC
25.4,DO,18.963,%
25.4,feed_rate,19.305,mL/h
25.4,pH,6.394,-
25.4,temp,29.979,degC
25.4167,DO,19.255,%
25.4167,feed_rate,19.305,mL/h
25.4167,pH,6.409,-
25.4167,temp,30.08,degC
25.4333,DO,18.67,%
25.4333,feed_rate,19.305,mL/h
25.4333,pH,6.407,-
25.4333,temp,29.989,degC
25.45,DO,18.989,%
25.45,feed_rate,19.305,mL/h
25.45,pH,6.39,-
25.45,temp,30.018,degC
25.4667,DO,19.247,%
25.4667,feed_rate,19.305,mL/h
25.4667,pH,6.408,-
25.4667,temp,30.016,degC
25.4833,DO,18.904,%
25.4833,feed_rate,19.305,mL/h
25.4833,pH,6.412,-
25.4833,temp,29.975,degC
25.5,DO,19.099,%
25.5,feed_rate,19.305,mL/h
25.5,pH,6.398,-
25.5,temp,30.009,degC
25.5167,DO,19.383,%
25.5167,feed_rate,19.305,mL/h
25.5167,pH,6.389,-
25.5167,temp,29.953,degC
25.5333,DO,19.007,%
25.5333,feed_rate,19.305,mL/h
25.5333,pH,6.402,-
25.5333,temp,29.987,degC
25.55,DO,18.454,%
25.55,feed_rate,19.305,mL/h
25.55,pH,6.397,-
25.55,temp,30.059,degC
25.5667,DO,18.315,%
25.5667,feed_rate,19.305,mL/h
25.5667,pH,6.401,-
25.5667,temp,29.993,degC
25.5833,DO,19.15,%
25.5833,feed_rate,19.305,mL/h
25.5833,pH,6.387,-
25.5833,temp,30.078,degC
25.6,DO,19.049,%
25.6,feed_rate,19.305,mL/h
25.6,pH,6.418,-
25.6,temp,30.011,degC
25.6167,DO,18.533,%
25.6167,feed_rate,19.305,mL/h
25.6167,pH,6.395,-
25.6167,temp,30.027,degC
25.6333,DO,18.407,%
25.6333,feed_rate,19.305,mL/h
25.6333,pH,6.403,-
25.6333,temp,30.007,degC
25.65,DO,18.083,%
25.65,feed_rate,19.305,mL/h
25.65,pH,6.391,-
25.65,temp,29.957,degC
25.6667,DO,18.001,%
25.6667,feed_rate,19.305,mL/h
25.6667,pH,6.399,-
25.6667,temp,30.055,degC
25.6833,DO,18.083,%
25.6833,feed_rate,19.305,mL/h
25.6833,pH,6.374,-
25.6833,temp,30.072,degC
25.7,DO,17.351,%
25.7,feed_rate,19.305,mL/h
25.7,pH,6.384,-
25.7,temp,30.017,degC
25.7167,DO,17.641,%
25.7167,feed_rate,19.305,mL/h
25.7167,pH,6.372,-
25.7167,temp,30.002,degC
25.7333,DO,18.188,%
25.7333,feed_rate,19.305,mL/h
25.7333,pH,6.407,-
25.7333,temp,29.989,degC
25.75,DO,18.141,%
25.75,feed_rate,19.305,mL/h
25.75,pH,6.383,-
25.75,temp,30.026,degC
25.7667,DO,18.047,%
25.7667,feed_rate,19.305,mL/h
25.7667,pH,6.381,-
25.7667,temp,30.055,degC
25.7833,DO,18.414,%
25.7833,feed_rate,19.305,mL/h
25.7833,pH,6.408,-
25.7833,temp,30.047,degC
25.8,DO,17.998,%
25.8,feed_rate,19.305,mL/h
25.8,pH,6.392,-
25.8,temp,30.015,degC
25.8167,DO,17.671,%
25.8167,feed_rate,19.305,mL/h
25.8167,pH,6.395,-
25.8167,temp,30.003,degC
25.8333,DO,17.365,%
25.8333,feed_rate,19.305,mL/h
25.8333,pH,6.407,-
25.8333,temp,30.008,degC
25.85,DO,17.489,%
25.85,feed_rate,19.305,mL/h
25.85,pH,6.402,-
25.85,temp,29.994,degC
25.8667,DO,17.753,%
25.8667,feed_rate,19.305,mL/h
25.8667,pH,6.4,-
25.8667,temp,29.948,degC
25.8833,DO,17.818,%
25.8833,feed_rate,19.305,mL/h
25.8833,pH,6.403,-
25.8833,temp,30.102,degC
25.9,DO,18.061,%
25.9,feed_rate,19.305,mL/h
25.9,pH,6.377,-
25.9,temp,29.961,degC
25.9167,DO,18.339,%
25.9167,feed_rate,19.305,mL/h
25.9167,pH,6.409,-
25.9167,temp,29.954,degC
25.9333,DO,18.46,%
25.9333,feed_rate,19.305,mL/h
25.9333,pH,6.41,-
25.9333,temp,30.072,degC
25.95,DO,18.164,%
25.95,feed_rate,19.305,mL/h
25.95,pH,6.415,-
25.95,temp,30.026,degC
25.9667,DO,18.089,%
25.9667,feed_rate,19.305,mL/h
25.9667,pH,6.375,-
25.9667,temp,30.028,degC
25.9833,DO,18.483,%
25.9833,feed_rate,19.305,mL/h
25.9833,pH,6.388,-
25.9833,temp,29.975,degC
26.0,DO,18.001,%
26.0,feed_rate,19.574,mL/h
26.0,pH,6.391,-
26.0,temp,30.0,degC
26.0167,DO,17.853,%
26.0167,feed_rate,19.574,mL/h
26.0167,pH,6.413,-
26.0167,temp,30.04,degC
26.0333,DO,17.684,%
26.0333,feed_rate,19.574,mL/h
26.0333,pH,6.402,-
26.0333,temp,30.139,degC
26.05,DO,17.62,%
26.05,feed_rate,19.574,mL/h
26.05,pH,6.414,-
26.05,temp,30.028,degC
26.0667,DO,17.299,%
26.0667,feed_rate,19.574,mL/h
26.0667,pH,6.4,-
26.0667,temp,30.008,degC
26.0833,DO,16.959,%
26.0833,feed_rate,19.574,mL/h
26.0833,pH,6.389,-
26.0833,temp,30.035,degC
26.1,DO,17.858,%
26.1,feed_rate,19.574,mL/h
26.1,pH,6.383,-
26.1,temp,30.003,degC
26.1167,DO,18.093,%
26.1167,feed_rate,19.574,mL/h
26.1167,pH,6.39,-
26.1167,temp,29.962,degC
26.1333,DO,17.783,%
26.1333,feed_rate,19.574,mL/h
26.1333,pH,6.41,-
26.1333,temp,29.912,degC
26.15,DO,17.73,%
26.15,feed_rate,19.574,mL/h
26.15,pH,6.387,-
26.15,temp,30.026,degC
26.1667,DO,17.907,%
26.1667,feed_rate,19.574,mL/h
26.1667,pH,6.378,-
26.1667,temp,29.928,degC
26.1833,DO,17.742,%
26.1833,feed_rate,19.574,mL/h
26.1833,pH,6.398,-
26.1833,temp,30.06,degC
26.2,DO,17.898,%
26.2,feed_rate,19.574,mL/h
26.2,pH,6.409,-
26.2,temp,29.974,degC
26.2167,DO,17.652,%
26.2167,feed_rate,19.574,mL/h
26.2167,pH,6.42,-
26.2167,temp,29.977,degC
26.2333,DO,17.531,%
26.2333,feed_rate,19.574,mL/h
26.2333,pH,6.408,-
26.2333,temp,29.94,degC
26.25,DO,17.516,%
26.25,feed_rate,19.574,mL/h
26.25,pH,6.405,-
26.25,temp,29.946,degC
26.2667,DO,17.391,%
26.2667,feed_rate,19.574,mL/h
26.2667,pH,6.377,-
26.2667,temp,29.966,degC
26.2833,DO,16.692,%
26.2833,feed_rate,19.574,mL/h
26.2833,pH,6.391,-
26.2833,temp,30.014,degC
26.3,DO,16.874,%
26.3,feed_rate,19.574,mL/h
26.3,pH,6.391,-
26.3,temp,29.974,degC
26.3167,DO,17.091,%
26.3167,feed_rate,19.574,mL/h
26.3167,pH,6.396,-
26.3167,temp,29.99,degC
26.3333,DO,17.328,%
26.3333,feed_rate,19.574,mL/h
26.3333,pH,6.386,-
26.3333,temp,29.971,degC
26.35,DO,17.076,%
26.35,feed_rate,19.574,mL/h
26.35,pH,6.403,-
26.35,temp,30.023,degC
26.3667,DO,17.275,%
26.3667,feed_rate,19.574,mL/h
26.3667,pH,6.407,-
26.3667,temp,30.017,degC
26.3833,DO,17.395,%
26.3833,feed_rate,19.574,mL/h
26.3833,pH,6.396,-
26.3833,temp,30.021,degC
26.4,DO,16.895,%
26.4,feed_rate,19.574,mL/h
26.4,pH,6.392,-
26.4,temp,29.946,degC
26.4167,DO,16.364,%
26.4167,feed_rate,19.574,mL/h
26.4167,pH,6.396,-
26.4167,temp,29.958,degC
26.4333,DO,16.742,%
26.4333,feed_rate,19.574,mL/h
26.4333,pH,6.398,-
26.4333,temp,29.932,degC
26.45,DO,16.614,%
26.45,feed_rate,19.574,mL/h
26.45,pH,6.402,-
26.45,temp,30.032,degC
26.4667,DO,17.099,%
26.4667,feed_rate,19.574,mL/h
26.4667,pH,6.386,-
26.4667,temp,29.865,degC
26.4833,DO,17.827,%
26.4833,feed_rate,19.574,mL/h
26.4833,pH,6.409,-
26.4833,temp,30.073,degC
26.5,DO,17.592,%
26.5,feed_rate,19.574,mL/h
26.5,pH,6.395,-
26.5,temp,29.982,degC
26.5167,DO,17.371,%
26.5167,feed_rate,19.574,mL/h
26.5167,pH,6.392,-
26.5167,temp,29.964,degC
26.5333,DO,17.396,%
26.5333,feed_rate,19.574,mL/h
26.5333,pH,6.401,-
26.5333,temp,30.006,degC
26.55,DO,17.622,%
26.55,feed_rate,19.574,mL/h
26.55,pH,6.387,-
26.55,temp,29.984,degC
26.5667,DO,17.259,%
26.5667,feed_rate,19.574,mL/h
26.5667,pH,6.403,-
26.5667,temp,29.979,degC
26.5833,DO,17.682,%
26.5833,feed_rate,19.574,mL/h
26.5833,pH,6.415,-
26.5833,temp,30.016,degC
26.6,DO,17.944,%
26.6,feed_rate,19.574,mL/h
26.6,pH,6.398,-
26.6,temp,30.026,degC
26.6167,DO,18.053,%
26.6167,feed_rate,19.574,mL/h
26.6167,pH,6.396,-
26.6167,temp,29.971,degC
26.6333,DO,17.78,%
26.6333,feed_rate,19.574,mL/h
26.6333,pH,6.389,-
26.6333,temp,30.077,degC
26.65,DO,17.997,%
26.65,feed_rate,19.574,mL/h
26.65,pH,6.408,-
26.65,temp,29.931,degC
26.6667,DO,18.153,%
26.6667,feed_rate,19.574,mL/h
26.6667,pH,6.405,-
26.6667,temp,30.04,degC
26.6833,DO,17.659,%
26.6833,feed_rate,19.574,mL/h
26.6833,pH,6.378,-
26.6833,temp,30.01,degC
26.7,DO,18.251,%
26.7,feed_rate,19.574,mL/h
26.7,pH,6.403,-
26.7,temp,29.946,degC
26.7167,DO,18.006,%
26.7167,feed_rate,19.574,mL/h
26.7167,pH,6.387,-
26.7167,temp,30.04,degC
26.7333,DO,18.011,%
26.7333,feed_rate,19.574,mL/h
26.7333,pH,6.381,-
26.7333,temp,30.063,degC
26.75,DO,17.746,%
26.75,feed_rate,19.574,mL/h
26.75,pH,6.392,-
26.75,temp,29.919,degC
26.7667,DO,17.806,%
26.7667,feed_rate,19.574,mL/h
26.7667,pH,6.386,-
26.7667,temp,30.027,degC
26.7833,DO,18.086,%
26.7833,feed_rate,19.574,mL/h
26.7833,pH,6.405,-
26.7833,temp,29.993,degC
26.8,DO,17.719,%
26.8,feed_rate,19.574,mL/h
26.8,pH,6.38,-
26.8,temp,30.009,degC
26.8167,DO,17.17,%
26.8167,feed_rate,19.574,mL/h
26.8167,pH,6.38,-
26.8167,temp,29.914,degC
26.8333,DO,17.092,%
26.8333,feed_rate,19.574,mL/h
26.8333,pH,6.383,-
26.8333,temp,30.028,degC
26.85,DO,16.772,%
26.85,feed_rate,19.574,mL/h
26.85,pH,6.391,-
26.85,temp,30.056,degC
26.8667,DO,16.68,%
26.8667,feed_rate,19.574,mL/h
26.8667,pH,6.398,-
26.8667,temp,30.012,degC
26.8833,DO,16.795,%
26.8833,feed_rate,19.574,mL/h
26.8833,pH,6.382,-
26.8833,temp,29.964,degC
26.9,DO,16.905,%
26.9,feed_rate,19.574,mL/h
26.9,pH,6.385,-
26.9,temp,29.98,degC
26.9167,DO,17.399,%
26.9167,feed_rate,19.574,mL/h
26.9167,pH,6.377,-
26.9167,temp,30.014,degC
26.9333,DO,17.102,%
26.9333,feed_rate,19.574,mL/h
26.9333,pH,6.39,-
26.9333,temp,29.988,degC
26.95,DO,17.274,%
26.95,feed_rate,19.574,mL/h
26.95,pH,6.382,-
26.95,temp,29.93,degC
26.9667,DO,17.153,%
26.9667,feed_rate,19.574,mL/h
26.9667,pH,6.414,-
26.9667,temp,29.939,degC
26.9833,DO,17.617,%
26.9833,feed_rate,19.574,mL/h
26.9833,pH,6.411,-
26.9833,temp,29.923,degC
27.0,DO,18.336,%
27.0,feed_rate,19.574,mL/h
27.0,pH,6.383,-
27.0,temp,29.999,degC
27.0167,DO,18.244,%
27.0167,feed_rate,19.574,mL/h
27.0167,pH,6.393,-
27.0167,temp,30.089,degC
27.0333,DO,18.581,%
27.0333,feed_rate,19.574,mL/h
27.0333,pH,6.396,-
27.0333,temp,30.064,degC
27.05,DO,18.188,%
27.05,feed_rate,19.574,mL/h
27.05,pH,6.386,-
27.05,temp,29.986,degC
27.0667,DO,17.553,%
27.0667,feed_rate,19.574,mL/h
27.0667,pH,6.388,-
27.0667,temp,29.987,degC
27.0833,DO,17.143,%
27.0833,feed_rate,19.574,mL/h
27.0833,pH,6.398,-
27.0833,temp,30.044,degC
27.1,DO,16.721,%
27.1,feed_rate,19.574,mL/h
27.1,pH,6.389,-
27.1,temp,30.032,degC
27.1167,DO,16.571,%
27.1167,feed_rate,19.574,mL/h
27.1167,pH,6.388,-
27.1167,temp,30.061,degC
27.1333,DO,16.664,%
27.1333,feed_rate,19.574,mL/h
27.1333,pH,6.391,-
27.1333,temp,30.02,degC
27.15,DO,17.156,%
27.15,feed_rate,19.574,mL/h
27.15,pH,6.404,-
27.15,temp,29.978,degC
27.1667,DO,17.413,%
27.1667,feed_rate,19.574,mL/h
27.1667,pH,6.389,-
27.1667,temp,30.027,degC
27.1833,DO,17.547,%
27.1833,feed_rate,19.574,mL/h
27.1833,pH,6.395,-
27.1833,temp,30.086,degC
27.2,DO,17.388,%
27.2,feed_rate,19.574,mL/h
27.2,pH,6.393,-
27.2,temp,30.012,degC
27.2167,DO,17.171,%
27.2167,feed_rate,19.574,mL/h
27.2167,pH,6.398,-
27.2167,temp,30.101,degC
27.2333,DO,17.223,%
27.2333,feed_rate,19.574,mL/h
27.2333,pH,6.389,-
27.2333,temp,29.955,degC
27.25,DO,17.295,%
27.25,feed_rate,19.574,mL/h
27.25,pH,6.386,-
27.25,temp,29.983,degC
27.2667,DO,17.388,%
27.2667,feed_rate,19.574,mL/h
27.2667,pH,6.384,-
27.2667,temp,30.01,degC
27.2833,DO,17.496,%
27.2833,feed_rate,19.574,mL/h
27.2833,pH,6.393,-
27.2833,temp,29.993,degC
27.3,DO,17.436,%
27.3,feed_rate,19.574,mL/h
27.3,pH,6.392,-
27.3,temp,30.045,degC
27.3167,DO,16.844,%
27.3167,feed_rate,19.574,mL/h
27.3167,pH,6.388,-
27.3167,temp,30.015,degC
27.3333,DO,16.614,%
27.3333,feed_rate,19.574,mL/h
27.3333,pH,6.393,-
27.3333,temp,30.032,degC
27.35,DO,16.515,%
27.35,feed_rate,19.574,mL/h
27.35,pH,6.414,-
27.35,temp,30.074,degC
27.3667,DO,17.193,%
27.3667,feed_rate,19.574,mL/h
27.3667,pH,6.398,-
27.3667,temp,29.939,degC
27.3833,DO,17.097,%
27.3833,feed_rate,19.574,mL/h
27.3833,pH,6.372,-
27.3833,temp,29.985,degC
27.4,DO,17.351,%
27.4,feed_rate,19.574,mL/h
27.4,pH,6.403,-
27.4,temp,30.098,degC
27.4167,DO,17.79,%
27.4167,feed_rate,19.574,mL/h
27.4167,pH,6.392,-
27.4167,temp,29.982,degC
27.4333,DO,17.801,%
27.4333,feed_rate,19.574,mL/h
27.4333,pH,6.38,-
27.4333,temp,29.945,degC
27.45,DO,17.592,%
27.45,feed_rate,19.574,mL/h
27.45,pH,6.404,-
27.45,temp,29.957,degC
27.4667,DO,17.454,%
27.4667,feed_rate,19.574,mL/h
27.4667,pH,6.389,-
27.4667,temp,29.941,degC
27.4833,DO,17.124,%
27.4833,feed_rate,19.574,mL/h
27.4833,pH,6.4,-
27.4833,temp,29.991,degC
27.5,DO,17.259,%
27.5,feed_rate,19.574,mL/h
27.5,pH,6.384,-
27.5,temp,30.011,degC
27.5167,DO,17.612,%
27.5167,feed_rate,19.574,mL/h
27.5167,pH,6.4,-
27.5167,temp,30.015,degC
27.5333,DO,17.727,%
27.5333,feed_rate,19.574,mL/h
27.5333,pH,6.387,-
27.5333,temp,30.036,degC
27.55,DO,17.879,%
27.55,feed_rate,19.574,mL/h
27.55,pH,6.399,-
27.55,temp,29.991,degC
27.5667,DO,17.983,%
27.5667,feed_rate,19.574,mL/h
27.5667,pH,6.398,-
27.5667,temp,30.039,degC
27.5833,DO,18.453,%
27.5833,feed_rate,19.574,mL/h
27.5833,pH,6.378,-
27.5833,temp,30.054,degC
27.6,DO,17.893,%
27.6,feed_rate,19.931,mL/h
27.6,pH,6.393,-
27.6,temp,29.929,degC
27.6167,DO,17.683,%
27.6167,feed_rate,19.931,mL/h
27.6167,pH,6.394,-
27.6167,temp,29.949,degC
27.6333,DO,17.678,%
27.6333,feed_rate,19.931,mL/h
27.6333,pH,6.389,-
27.6333,temp,30.022,degC
27.65,DO,17.836,%
27.65,feed_rate,19.931,mL/h
27.65,pH,6.372,-
27.65,temp,29.94,degC
27.6667,DO,16.86,%
27.6667,feed_rate,19.931,mL/h
27.6667,pH,6.392,-
27.6667,temp,30.052,degC
27.6833,DO,16.65,%
27.6833,feed_rate,19.931,mL/h
27.6833,pH,6.386,-
27.6833,temp,29.968,degC
27.7,DO,16.576,%
27.7,feed_rate,19.931,mL/h
27.7,pH,6.401,-
27.7,temp,29.967,degC
27.7167,DO,16.27,%
27.7167,feed_rate,19.931,mL/h
27.7167,pH,6.378,-
27.7167,temp,30.005,degC
27.7333,DO,16.587,%
27.7333,feed_rate,19.931,mL/h
27.7333,pH,6.399,-
27.7333,temp,30.115,degC
27.75,DO,16.652,%
27.75,feed_rate,19.931,mL/h
27.75,pH,6.39,-
27.75,temp,29.942,degC
27.7667,DO,16.519,%
27.7667,feed_rate,19.931,mL/h
27.7667,pH,6.414,-
27.7667,temp,29.996,degC
27.7833,DO,16.041,%
27.7833,feed_rate,19.931,mL/h
27.7833,pH,6.379,-
27.7833,temp,29.961,degC
27.8,DO,15.751,%
27.8,feed_rate,19.931,mL/h
27.8,pH,6.398,-
27.8,temp,30.027,degC
27.8167,DO,15.62,%
27.8167,feed_rate,19.931,mL/h
27.8167,pH,6.383,-
27.8167,temp,29.991,degC
27.8333,DO,15.947,%
27.8333,feed_rate,19.931,mL/h
27.8333,pH,6.379,-
27.8333,temp,29.995,degC
27.85,DO,15.706,%
27.85,feed_rate,19.931,mL/h
27.85,pH,6.399,-
27.85,temp,30.021,degC
27.8667,DO,15.257,%
27.8667,feed_rate,19.931,mL/h
27.8667,pH,6.394,-
27.8667,temp,29.986,degC
27.8833,DO,15.083,%
27.8833,feed_rate,19.931,mL/h
27.8833,pH,6.399,-
27.8833,temp,30.0,degC
27.9,DO,15.201,%
27.9,feed_rate,19.931,mL/h
27.9,pH,6.372,-
27.9,temp,30.024,degC
27.9167,DO,15.975,%
27.9167,feed_rate,19.931,mL/h
27.9167,pH,6.376,-
27.9167,temp,29.996,degC
27.9333,DO,16.842,%
27.9333,feed_rate,19.931,mL/h
27.9333,pH,6.394,-
27.9333,temp,29.985,degC
27.95,DO,16.641,%
27.95,feed_rate,19.931,mL/h
27.95,pH,6.38,-
27.95,temp,29.954,degC
27.9667,DO,16.906,%
27.9667,feed_rate,19.931,mL/h
27.9667,pH,6.401,-
27.9667,temp,30.019,degC
27.9833,DO,17.256,%
27.9833,feed_rate,19.931,mL/h
27.9833,pH,6.405,-
27.9833,temp,30.005,degC
28.0,DO,17.5,%
28.0,feed_rate,19.931,mL/h
28.0,pH,6.387,-
28.0,temp,29.991,degC
28.0167,DO,17.274,%
28.0167,feed_rate,19.931,mL/h
28.0167,pH,6.388,-
28.0167,temp,29.967,degC
28.0333,DO,16.737,%
28.0333,feed_rate,19.931,mL/h
28.0333,pH,6.388,-
28.0333,temp,29.974,degC
28.05,DO,16.552,%
28.05,feed_rate,19.931,mL/h
28.05,pH,6.385,-
28.05,temp,29.95,degC
28.0667,DO,15.991,%
28.0667,feed_rate,19.931,mL/h
28.0667,pH,6.387,-
28.0667,temp,30.086,degC
28.0833,DO,16.172,%
28.0833,feed_rate,19.931,mL/h
28.0833,pH,6.385,-
28.0833,temp,30.029,degC
28.1,DO,16.478,%
28.1,feed_rate,19.931,mL/h
28.1,pH,6.392,-
28.1,temp,30.098,degC
28.1167,DO,15.921,%
28.1167,feed_rate,19.931,mL/h
28.1167,pH,6.384,-
28.1167,temp,29.912,degC
28.1333,DO,16.028,%
28.1333,feed_rate,19.931,mL/h
28.1333,pH,6.382,-
28.1333,temp,29.919,degC
28.15,DO,16.216,%
28.15,feed_rate,19.931,mL/h
28.15,pH,6.384,-
28.15,temp,30.013,degC
28.1667,DO,16.653,%
28.1667,feed_rate,19.931,mL/h
28.1667,pH,6.381,-
28.1667,temp,29.989,degC
28.1833,DO,17.041,%
28.1833,feed_rate,19.931,mL/h
28.1833,pH,6.386,-
28.1833,temp,29.975,degC
28.2,DO,17.177,%
28.2,feed_rate,19.931,mL/h
28.2,pH,6.393,-
28.2,temp,29.968,degC
28.2167,DO,16.84,%
28.2167,feed_rate,19.931,mL/h
28.2167,pH,6.408,-
28.2167,temp,29.985,degC
28.2333,DO,16.665,%
28.2333,feed_rate,19.931,mL/h
28.2333,pH,6.371,-
28.2333,temp,29.869,degC
28.25,DO,16.997,%
28.25,feed_rate,19.931,mL/h
28.25,pH,6.373,-
28.25,temp,30.12,degC
28.2667,DO,16.718,%
28.2667,feed_rate,19.931,mL/h
28.2667,pH,6.386,-
28.2667,temp,29.982,degC
28.2833,DO,16.665,%
28.2833,feed_rate,19.931,mL/h
28.2833,pH,6.387,-
28.2833,temp,29.988,degC
28.3,DO,17.102,%
28.3,feed_rate,19.931,mL/h
28.3,pH,6.386,-
28.3,temp,30.046,degC
28.3167,DO,17.022,%
28.3167,feed_rate,19.931,mL/h
28.3167,pH,6.405,-
28.3167,temp,29.99,degC
28.3333,DO,16.506,%
28.3333,feed_rate,19.931,mL/h
28.3333,pH,6.368,-
28.3333,temp,30.015,degC
28.35,DO,16.417,%
28.35,feed_rate,19.931,mL/h
28.35,pH,6.385,-
28.35,temp,30.034,degC
28.3667,DO,16.626,%
28.3667,feed_rate,19.931,mL/h
28.3667,pH,6.374,-
28.3667,temp,30.038,degC
28.3833,DO,16.544,%
28.3833,feed_rate,19.931,mL/h
28.3833,pH,6.383,-
28.3833,temp,30.026,degC
28.4,DO,16.883,%
28.4,feed_rate,19.931,mL/h
28.4,pH,6.392,-
28.4,temp,30.055,degC
28.4167,DO,17.19,%
28.4167,feed_rate,19.931,mL/h
28.4167,pH,6.372,-
28.4167,temp,30.056,degC
28.4333,DO,16.856,%
28.4333,feed_rate,19.931,mL/h
28.4333,pH,6.397,-
28.4333,temp,30.007,degC
28.45,DO,16.632,%
28.45,feed_rate,19.931,mL/h
28.45,pH,6.378,-
28.45,temp,30.029,degC
28.4667,DO,16.572,%
28.4667,feed_rate,19.931,mL/h
28.4667,pH,6.376,-
28.4667,temp,29.976,degC
28.4833,DO,16.195,%
28.4833,feed_rate,19.931,mL/h
28.4833,pH,6.37,-
28.4833,temp,30.042,degC
28.5,DO,16.367,%
28.5,feed_rate,19.931,mL/h
28.5,pH,6.379,-
28.5,temp,29.938,degC
28.5167,DO,16.336,%
28.5167,feed_rate,19.931,mL/h
28.5167,pH,6.379,-
28.5167,temp,29.933,degC
28.5333,DO,16.601,%
28.5333,feed_rate,19.931,mL/h
28.5333,pH,6.394,-
28.5333,temp,29.964,degC
28.55,DO,16.397,%
28.55,feed_rate,19.931,mL/h
28.55,pH,6.37,-
28.55,temp,30.028,degC
28.5667,DO,16.149,%
28.5667,feed_rate,19.931,mL/h
28.5667,pH,6.388,-
28.5667,temp,29.974,degC
28.5833,DO,16.766,%
28.5833,feed_rate,19.931,mL/h
28.5833,pH,6.394,-
28.5833,temp,29.987,degC
28.6,DO,16.444,%
28.6,feed_rate,19.931,mL/h
28.6,pH,6.383,-
28.6,temp,30.066,degC
28.6167,DO,16.274,%
28.6167,feed_rate,19.931,mL/h
28.6167,pH,6.393,-
28.6167,temp,30.085,degC
28.6333,DO,16.094,%
28.6333,feed_rate,19.931,mL/h
28.6333,pH,6.379,-
28.6333,temp,30.112,degC
28.65,DO,16.078,%
28.65,feed_rate,19.931,mL/h
28.65,pH,6.39,-
28.65,temp,30.06,degC
28.6667,DO,15.881,%
28.6667,feed_rate,19.931,mL/h
28.6667,pH,6.382,-
28.6667,temp,30.038,degC
28.6833,DO,15.984,%
28.6833,feed_rate,19.931,mL/h
28.6833,pH,6.407,-
28.6833,temp,30.031,degC
28.7,DO,15.869,%
28.7,feed_rate,19.931,mL/h
28.7,pH,6.382,-
28.7,temp,29.951,degC
28.7167,DO,15.863,%
28.7167,feed_rate,19.931,mL/h
28.7167,pH,6.382,-
28.7167,temp,30.013,degC
28.7333,DO,16.091,%
28.7333,feed_rate,19.931,mL/h
28.7333,pH,6.389,-
28.7333,temp,30.0,degC
28.75,DO,16.375,%
28.75,feed_rate,19.931,mL/h
28.75,pH,6.38,-
28.75,temp,30.058,degC
28.7667,DO,16.532,%
28.7667,feed_rate,19.931,mL/h
28.7667,pH,6.383,-
28.7667,temp,30.032,degC
28.7833,DO,16.295,%
28.7833,feed_rate,19.931,mL/h
28.7833,pH,6.388,-
28.7833,temp,29.959,degC
28.8,DO,16.446,%
28.8,feed_rate,19.931,mL/h
28.8,pH,6.394,-
28.8,temp,29.991,degC
28.8167,DO,16.411,%
28.8167,feed_rate,19.931,mL/h
28.8167,pH,6.379,-
28.8167,temp,30.032,degC
28.8333,DO,16.387,%
28.8333,feed_rate,19.931,mL/h
28.8333,pH,6.385,-
28.8333,temp,30.014,degC
28.85,DO,15.883,%
28.85,feed_rate,19.931,mL/h
28.85,pH,6.383,-
28.85,temp,29.974,degC
28.8667,DO,16.197,%
28.8667,feed_rate,19.931,mL/h
28.8667,pH,6.392,-
28.8667,temp,30.048,degC
28.8833,DO,16.205,%
28.8833,feed_rate,19.931,mL/h
28.8833,pH,6.393,-
28.8833,temp,29.911,degC
28.9,DO,16.764,%
28.9,feed_rate,19.931,mL/h
28.9,pH,6.388,-
28.9,temp,30.032,degC
28.9167,DO,16.892,%
28.9167,feed_rate,19.931,mL/h
28.9167,pH,6.387,-
28.9167,temp,29.961,degC
28.9333,DO,16.466,%
28.9333,feed_rate,19.931,mL/h
28.9333,pH,6.402,-
28.9333,temp,29.93,degC
28.95,DO,16.049,%
28.95,feed_rate,19.931,mL/h
28.95,pH,6.375,-
28.95,temp,29.986,degC
28.9667,DO,16.472,%
28.9667,feed_rate,19.931,mL/h
28.9667,pH,6.401,-
28.9667,temp,30.059,degC
28.9833,DO,16.202,%
28.9833,feed_rate,19.931,mL/h
28.9833,pH,6.389,-
28.9833,temp,29.924,degC
29.0,DO,16.454,%
29.0,feed_rate,19.931,mL/h
29.0,pH,6.369,-
29.0,temp,29.993,degC
29.0167,DO,16.359,%
29.0167,feed_rate,19.931,mL/h
29.0167,pH,6.385,-
29.0167,temp,30.002,degC
29.0333,DO,17.004,%
29.0333,feed_rate,19.931,mL/h
29.0333,pH,6.37,-
29.0333,temp,29.979,degC
29.05,DO,16.913,%
29.05,feed_rate,19.931,mL/h
29.05,pH,6.383,-
29.05,temp,29.981,degC
29.0667,DO,17.271,%
29.0667,feed_rate,19.931,mL/h
29.0667,pH,6.363,-
29.0667,temp,29.995,degC
29.0833,DO,17.502,%
29.0833,feed_rate,19.931,mL/h
29.0833,pH,6.391,-
29.0833,temp,30.011,degC
29.1,DO,17.148,%
29.1,feed_rate,19.931,mL/h
29.1,pH,6.376,-
29.1,temp,30.073,degC
29.1167,DO,16.905,%
29.1167,feed_rate,19.931,mL/h
29.1167,pH,6.4,-
29.1167,temp,29.864,degC
29.1333,DO,17.255,%
29.1333,feed_rate,19.931,mL/h
29.1333,pH,6.376,-
29.1333,temp,30.013,degC
29.15,DO,17.09,%
29.15,feed_rate,19.931,mL/h
29.15,pH,6.384,-
29.15,temp,30.045,degC
29.1667,DO,16.697,%
29.1667,feed_rate,19.931,mL/h
29.1667,pH,6.37,-
29.1667,temp,29.913,degC
29.1833,DO,17.005,%
29.1833,feed_rate,19.931,mL/h
29.1833,pH,6.382,-
29.1833,temp,30.032,degC
29.2,DO,17.663,%
29.2,feed_rate,19.931,mL/h
29.2,pH,6.384,-
29.2,temp,30.049,degC
29.2167,DO,17.406,%
29.2167,feed_rate,19.931,mL/h
29.2167,pH,6.388,-
29.2167,temp,29.98,degC
29.2333,DO,17.632,%
29.2333,feed_rate,19.931,mL/h
29.2333,pH,6.408,-
29.2333,temp,30.013,degC
29.25,DO,17.346,%
29.25,feed_rate,19.931,mL/h
29.25,pH,6.4,-
29.25,temp,29.971,degC
29.2667,DO,17.573,%
29.2667,feed_rate,19.931,mL/h
29.2667,pH,6.391,-
29.2667,temp,29.939,degC
29.2833,DO,17.276,%
29.2833,feed_rate,19.931,mL/h
29.2833,pH,6.38,-
29.2833,temp,29.973,degC
29.3,DO,17.511,%
29.3,feed_rate,19.931,mL/h
29.3,pH,6.38,-
29.3,temp,29.966,degC
29.3167,DO,17.463,%
29.3167,feed_rate,19.931,mL/h
29.3167,pH,6.38,-
29.3167,temp,30.047,degC
29.3333,DO,17.207,%
29.3333,feed_rate,19.931,mL/h
29.3333,pH,6.374,-
29.3333,temp,29.969,degC
29.35,DO,17.129,%
29.35,feed_rate,19.931,mL/h
29.35,pH,6.389,-
29.35,temp,30.033,degC
29.3667,DO,16.833,%
29.3667,feed_rate,19.931,mL/h
29.3667,pH,6.382,-
29.3667,temp,30.045,degC
29.3833,DO,16.421,%
29.3833,feed_rate,19.931,mL/h
29.3833,pH,6.388,-
29.3833,temp,30.06,degC
29.4,DO,16.113,%
29.4,feed_rate,19.931,mL/h
29.4,pH,6.38,-
29.4,temp,30.002,degC
29.4167,DO,16.167,%
29.4167,feed_rate,19.931,mL/h
29.4167,pH,6.386,-
29.4167,temp,30.026,degC
29.4333,DO,15.91,%
29.4333,feed_rate,19.931,mL/h
29.4333,pH,6.4,-
29.4333,temp,29.961,degC
29.45,DO,16.155,%
29.45,feed_rate,19.931,mL/h
29.45,pH,6.386,-
29.45,temp,29.95,degC
29.4667,DO,16.378,%
29.4667,feed_rate,19.931,mL/h
29.4667,pH,6.392,-
29.4667,temp,30.08,degC
29.4833,DO,16.539,%
29.4833,feed_rate,19.931,mL/h
29.4833,pH,6.374,-
29.4833,temp,30.054,degC
29.5,DO,16.378,%
29.5,feed_rate,19.931,mL/h
29.5,pH,6.381,-
29.5,temp,29.95,degC
29.5167,DO,16.415,%
29.5167,feed_rate,19.931,mL/h
29.5167,pH,6.379,-
29.5167,temp,29.957,degC
29.5333,DO,16.421,%
29.5333,feed_rate,19.931,mL/h
29.5333,pH,6.387,-
29.5333,temp,30.086,degC
29.55,DO,16.83,%
29.55,feed_rate,19.931,mL/h
29.55,pH,6.385,-
29.55,temp,30.015,degC
29.5667,DO,16.518,%
29.5667,feed_rate,19.931,mL/h
29.5667,pH,6.375,-
29.5667,temp,30.059,degC
29.5833,DO,16.395,%
29.5833,feed_rate,19.931,mL/h
29.5833,pH,6.386,-
29.5833,temp,30.075,degC
29.6,DO,16.342,%
29.6,feed_rate,19.931,mL/h
29.6,pH,6.383,-
29.6,temp,29.993,degC
29.6167,DO,16.327,%
29.6167,feed_rate,19.931,mL/h
29.6167,pH,6.366,-
29.6167,temp,30.046,degC
29.6333,DO,16.132,%
29.6333,feed_rate,19.931,mL/h
29.6333,pH,6.382,-
29.6333,temp,29.943,degC
29.65,DO,16.013,%
29.65,feed_rate,19.931,mL/h
29.65,pH,6.394,-
29.65,temp,29.999,degC
29.6667,DO,16.411,%
29.6667,feed_rate,19.931,mL/h
29.6667,pH,6.373,-
29.6667,temp,30.04,degC
29.6833,DO,16.233,%
29.6833,feed_rate,19.931,mL/h
29.6833,pH,6.393,-
29.6833,temp,30.07,degC
29.7,DO,16.557,%
29.7,feed_rate,19.931,mL/h
29.7,pH,6.389,-
29.7,temp,30.001,degC
29.7167,DO,17.151,%
29.7167,feed_rate,19.931,mL/h
29.7167,pH,6.384,-
29.7167,temp,30.028,degC
29.7333,DO,17.4,%
29.7333,feed_rate,19.931,mL/h
29.7333,pH,6.386,-
29.7333,temp,29.959,degC
29.75,DO,16.672,%
29.75,feed_rate,19.931,mL/h
29.75,pH,6.374,-
29.75,temp,30.047,degC
29.7667,DO,16.865,%
29.7667,feed_rate,19.931,mL/h
29.7667,pH,6.389,-
29.7667,temp,29.936,degC
29.7833,DO,16.93,%
29.7833,feed_rate,19.931,mL/h
29.7833,pH,6.368,-
29.7833,temp,29.983,degC
29.8,DO,17.002,%
29.8,feed_rate,19.931,mL/h
29.8,pH,6.37,-
29.8,temp,29.993,degC
29.8167,DO,16.407,%
29.8167,feed_rate,19.931,mL/h
29.8167,pH,6.387,-
29.8167,temp,29.954,degC
29.8333,DO,16.647,%
29.8333,feed_rate,19.931,mL/h
29.8333,pH,6.371,-
29.8333,temp,29.97,degC
29.85,DO,16.284,%
29.85,feed_rate,19.931,mL/h
29.85,pH,6.402,-
29.85,temp,29.985,degC
29.8667,DO,16.709,%
29.8667,feed_rate,19.931,mL/h
29.8667,pH,6.385,-
29.8667,temp,30.048,degC
29.8833,DO,16.981,%
29.8833,feed_rate,19.931,mL/h
29.8833,pH,6.39,-
29.8833,temp,30.032,degC
29.9,DO,17.642,%
29.9,feed_rate,19.931,mL/h
29.9,pH,6.391,-
29.9,temp,30.017,degC
29.9167,DO,17.289,%
29.9167,feed_rate,19.931,mL/h
29.9167,pH,6.377,-
29.9167,temp,30.018,degC
29.9333,DO,16.665,%
29.9333,feed_rate,19.931,mL/h
29.9333,pH,6.382,-
29.9333,temp,30.02,degC
29.95,DO,16.937,%
29.95,feed_rate,19.931,mL/h
29.95,pH,6.386,-
29.95,temp,29.953,degC
29.9667,DO,17.102,%
29.9667,feed_rate,19.931,mL/h
29.9667,pH,6.381,-
29.9667,temp,29.984,degC
29.9833,DO,16.856,%
29.9833,feed_rate,19.931,mL/h
29.9833,pH,6.397,-
29.9833,temp,29.989,degC
30.0,DO,17.182,%
30.0,feed_rate,19.931,mL/h
30.0,pH,6.391,-
30.0,temp,30.038,degC
30.0167,DO,17.242,%
30.0167,feed_rate,19.931,mL/h
30.0167,pH,6.383,-
30.0167,temp,30.016,degC
30.0333,DO,16.695,%
30.0333,feed_rate,19.931,mL/h
30.0333,pH,6.394,-
30.0333,temp,30.028,degC
30.05,DO,16.539,%
30.05,feed_rate,19.931,mL/h
30.05,pH,6.382,-
30.05,temp,29.942,degC
30.0667,DO,16.385,%
30.0667,feed_rate,19.931,mL/h
30.0667,pH,6.389,-
30.0667,temp,30.079,degC
30.0833,DO,16.363,%
30.0833,feed_rate,19.931,mL/h
30.0833,pH,6.382,-
30.0833,temp,29.968,degC
30.1,DO,16.435,%
30.1,feed_rate,19.931,mL/h
30.1,pH,6.378,-
30.1,temp,29.951,degC
30.1167,DO,16.226,%
30.1167,feed_rate,19.931,mL/h
30.1167,pH,6.371,-
30.1167,temp,30.002,degC
30.1333,DO,16.209,%
30.1333,feed_rate,19.931,mL/h
30.1333,pH,6.373,-
30.1333,temp,30.013,degC
30.15,DO,16.43,%
30.15,feed_rate,19.931,mL/h
30.15,pH,6.381,-
30.15,temp,29.99,degC
30.1667,DO,16.408,%
30.1667,feed_rate,19.931,mL/h
30.1667,pH,6.385,-
30.1667,temp,30.073,degC
30.1833,DO,16.331,%
30.1833,feed_rate,19.931,mL/h
30.1833,pH,6.359,-
30.1833,temp,29.972,degC
30.2,DO,16.259,%
30.2,feed_rate,19.931,mL/h
30.2,pH,6.376,-
30.2,temp,29.976,degC
30.2167,DO,16.263,%
30.2167,feed_rate,19.931,mL/h
30.2167,pH,6.386,-
30.2167,temp,29.934,degC
30.2333,DO,15.721,%
30.2333,feed_rate,19.931,mL/h
30.2333,pH,6.378,-
30.2333,temp,30.064,degC
30.25,DO,15.91,%
30.25,feed_rate,19.931,mL/h
30.25,pH,6.369,-
30.25,temp,29.982,degC
30.2667,DO,15.704,%
30.2667,feed_rate,19.931,mL/h
30.2667,pH,6.37,-
30.2667,temp,29.98,degC
30.2833,DO,15.879,%
30.2833,feed_rate,19.931,mL/h
30.2833,pH,6.397,-
30.2833,temp,29.909,degC
30.3,DO,15.546,%
30.3,feed_rate,19.931,mL/h
30.3,pH,6.364,-
30.3,temp,29.957,degC
30.3167,DO,15.997,%
30.3167,feed_rate,19.931,mL/h
30.3167,pH,6.376,-
30.3167,temp,29.973,degC
30.3333,DO,16.153,%
30.3333,feed_rate,19.931,mL/h
30.3333,pH,6.388,-
30.3333,temp,30.018,degC
30.35,DO,15.8,%
30.35,feed_rate,19.931,mL/h
30.35,pH,6.359,-
30.35,temp,30.044,degC
30.3667,DO,15.995,%
30.3667,feed_rate,19.931,mL/h
30.3667,pH,6.386,-
30.3667,temp,30.054,degC
30.3833,DO,15.851,%
30.3833,feed_rate,19.931,mL/h
30.3833,pH,6.364,-
30.3833,temp,29.962,degC
30.4,DO,16.504,%
30.4,feed_rate,19.931,mL/h
30.4,pH,6.389,-
30.4,temp,30.01,degC
30.4167,DO,16.634,%
30.4167,feed_rate,19.931,mL/h
30.4167,pH,6.406,-
30.4167,temp,30.075,degC
30.4333,DO,16.351,%
30.4333,feed_rate,19.931,mL/h
30.4333,pH,6.366,-
30.4333,temp,30.031,degC
30.45,DO,16.431,%
30.45,feed_rate,19.931,mL/h
30.45,pH,6.378,-
30.45,temp,30.041,degC
30.4667,DO,16.417,%
30.4667,feed_rate,19.931,mL/h
30.4667,pH,6.382,-
30.4667,temp,30.064,degC
30.4833,DO,16.776,%
30.4833,feed_rate,19.931,mL/h
30.4833,pH,6.373,-
30.4833,temp,30.028,degC
30.5,DO,16.81,%
30.5,feed_rate,19.931,mL/h
30.5,pH,6.384,-
30.5,temp,30.006,degC
30.5167,DO,16.885,%
30.5167,feed_rate,19.931,mL/h
30.5167,pH,6.371,-
30.5167,temp,30.127,degC
30.5333,DO,16.455,%
30.5333,feed_rate,19.931,mL/h
30.5333,pH,6.373,-
30.5333,temp,29.929,degC
30.55,DO,16.684,%
30.55,feed_rate,19.931,mL/h
30.55,pH,6.37,-
30.55,temp,30.014,degC
30.5667,DO,17.258,%
30.5667,feed_rate,19.931,mL/h
30.5667,pH,6.378,-
30.5667,temp,30.036,degC
30.5833,DO,17.28,%
30.5833,feed_rate,19.931,mL/h
30.5833,pH,6.383,-
30.5833,temp,30.009,degC
30.6,DO,17.095,%
30.6,feed_rate,19.931,mL/h
30.6,pH,6.388,-
30.6,temp,30.004,degC
30.6167,DO,17.007,%
30.6167,feed_rate,19.931,mL/h
30.6167,pH,6.377,-
30.6167,temp,29.984,degC
30.6333,DO,16.602,%
30.6333,feed_rate,19.931,mL/h
30.6333,pH,6.367,-
30.6333,temp,30.058,degC
30.65,DO,16.619,%
30.65,feed_rate,19.931,mL/h
30.65,pH,6.373,-
30.65,temp,29.914,degC
30.6667,DO,16.248,%
30.6667,feed_rate,19.931,mL/h
30.6667,pH,6.373,-
30.6667,temp,29.947,degC
30.6833,DO,16.293,%
30.6833,feed_rate,19.931,mL/h
30.6833,pH,6.374,-
30.6833,temp,29.933,degC
30.7,DO,16.2,%
30.7,feed_rate,19.931,mL/h
30.7,pH,6.384,-
30.7,temp,29.968,degC
30.7167,DO,15.992,%
30.7167,feed_rate,19.931,mL/h
30.7167,pH,6.376,-
30.7167,temp,29.975,degC
30.7333,DO,16.249,%
30.7333,feed_rate,19.931,mL/h
30.7333,pH,6.379,-
30.7333,temp,30.02,degC
30.75,DO,15.834,%
30.75,feed_rate,19.931,mL/h
30.75,pH,6.378,-
30.75,temp,30.051,degC
30.7667,DO,15.936,%
30.7667,feed_rate,19.931,mL/h
30.7667,pH,6.377,-
30.7667,temp,29.961,degC
30.7833,DO,15.632,%
30.7833,feed_rate,19.931,mL/h
30.7833,pH,6.373,-
30.7833,temp,30.004,degC
30.8,DO,16.336,%
30.8,feed_rate,19.931,mL/h
30.8,pH,6.385,-
30.8,temp,30.106,degC
30.8167,DO,16.942,%
30.8167,feed_rate,19.931,mL/h
30.8167,pH,6.376,-
30.8167,temp,30.041,degC
30.8333,DO,17.088,%
30.8333,feed_rate,19.931,mL/h
30.8333,pH,6.376,-
30.8333,temp,29.923,degC
30.85,DO,17.396,%
30.85,feed_rate,20.242,mL/h
30.85,pH,6.366,-
30.85,temp,30.04,degC
30.8667,DO,17.251,%
30.8667,feed_rate,20.242,mL/h
30.8667,pH,6.37,-
30.8667,temp,30.007,degC
30.8833,DO,17.119,%
30.8833,feed_rate,20.242,mL/h
30.8833,pH,6.371,-
30.8833,temp,30.005,degC
30.9,DO,16.723,%
30.9,feed_rate,20.242,mL/h
30.9,pH,6.383,-
30.9,temp,30.02,degC
30.9167,DO,16.265,%
30.9167,feed_rate,20.242,mL/h
30.9167,pH,6.359,-
30.9167,temp,30.044,degC
30.9333,DO,16.205,%
30.9333,feed_rate,20.242,mL/h
30.9333,pH,6.384,-
30.9333,temp,30.017,degC
30.95,DO,15.958,%
30.95,feed_rate,20.242,mL/h
30.95,pH,6.378,-
30.95,temp,30.053,degC
30.9667,DO,15.79,%
30.9667,feed_rate,20.242,mL/h
30.9667,pH,6.369,-
30.9667,temp,30.021,degC
30.9833,DO,16.005,%
30.9833,feed_rate,20.242,mL/h
30.9833,pH,6.368,-
30.9833,temp,30.047,degC
31.0,DO,15.919,%
31.0,feed_rate,20.242,mL/h
31.0,pH,6.381,-
31.0,temp,30.031,degC
31.0167,DO,15.421,%
31.0167,feed_rate,20.242,mL/h
31.0167,pH,6.378,-
31.0167,temp,29.96,degC
31.0333,DO,15.425,%
31.0333,feed_rate,20.242,mL/h
31.0333,pH,6.356,-
31.0333,temp,29.929,degC
31.05,DO,15.264,%
31.05,feed_rate,20.242,mL/h
31.05,pH,6.369,-
31.05,temp,30.097,degC
31.0667,DO,15.276,%
31.0667,feed_rate,20.242,mL/h
31.0667,pH,6.367,-
31.0667,temp,29.96,degC
31.0833,DO,15.044,%
31.0833,feed_rate,20.242,mL/h
31.0833,pH,6.375,-
31.0833,temp,29.949,degC
31.1,DO,15.548,%
31.1,feed_rate,20.242,mL/h
31.1,pH,6.37,-
31.1,temp,30.054,degC
31.1167,DO,16.161,%
31.1167,feed_rate,20.242,mL/h
31.1167,pH,6.38,-
31.1167,temp,30.058,degC
31.1333,DO,15.747,%
31.1333,feed_rate,20.242,mL/h
31.1333,pH,6.371,-
31.1333,temp,29.994,degC
31.15,DO,15.944,%
31.15,feed_rate,20.242,mL/h
31.15,pH,6.373,-
31.15,temp,30.067,degC
31.1667,DO,16.086,%
31.1667,feed_rate,20.242,mL/h
31.1667,pH,6.388,-
31.1667,temp,29.976,degC
31.1833,DO,15.698,%
31.1833,feed_rate,20.242,mL/h
31.1833,pH,6.373,-
31.1833,temp,29.984,degC
31.2,DO,15.74,%
31.2,feed_rate,20.242,mL/h
31.2,pH,6.37,-
31.2,temp,29.935,degC
31.2167,DO,16.166,%
31.2167,feed_rate,20.242,mL/h
31.2167,pH,6.376,-
31.2167,temp,30.104,degC
31.2333,DO,16.337,%
31.2333,feed_rate,20.242,mL/h
31.2333,pH,6.362,-
31.2333,temp,30.009,degC
31.25,DO,16.706,%
31.25,feed_rate,20.242,mL/h
31.25,pH,6.359,-
31.25,temp,30.039,degC
31.2667,DO,16.163,%
31.2667,feed_rate,20.242,mL/h
31.2667,pH,6.375,-
31.2667,temp,29.923,degC
31.2833,DO,15.856,%
31.2833,feed_rate,20.242,mL/h
31.2833,pH,6.369,-
31.2833,temp,30.028,degC
31.3,DO,15.922,%
31.3,feed_rate,20.242,mL/h
31.3,pH,6.361,-
31.3,temp,29.914,degC
31.3167,DO,15.992,%
31.3167,feed_rate,20.242,mL/h
31.3167,pH,6.384,-
31.3167,temp,29.97,degC
31.3333,DO,15.949,%
31.3333,feed_rate,20.242,mL/h
31.3333,pH,6.382,-
31.3333,temp,30.037,degC
31.35,DO,15.791,%
31.35,feed_rate,20.242,mL/h
31.35,pH,6.377,-
31.35,temp,30.075,degC
31.3667,DO,15.657,%
31.3667,feed_rate,20.242,mL/h
31.3667,pH,6.369,-
31.3667,temp,30.084,degC
31.3833,DO,15.49,%
31.3833,feed_rate,20.242,mL/h
31.3833,pH,6.373,-
31.3833,temp,30.002,degC
31.4,DO,15.674,%
31.4,feed_rate,20.242,mL/h
31.4,pH,6.369,-
31.4,temp,29.939,degC
31.4167,DO,14.858,%
31.4167,feed_rate,20.242,mL/h
31.4167,pH,6.383,-
31.4167,temp,30.023,degC
31.4333,DO,15.512,%
31.4333,feed_rate,20.242,mL/h
31.4333,pH,6.36,-
31.4333,temp,29.982,degC
31.45,DO,15.396,%
31.45,feed_rate,20.242,mL/h
31.45,pH,6.377,-
31.45,temp,30.041,degC
31.4667,DO,15.033,%
31.4667,feed_rate,20.242,mL/h
31.4667,pH,6.374,-
31.4667,temp,30.029,degC
31.4833,DO,15.334,%
31.4833,feed_rate,20.242,mL/h
31.4833,pH,6.363,-
31.4833,temp,30.092,degC
31.5,DO,14.99,%
31.5,feed_rate,20.242,mL/h
31.5,pH,6.38,-
31.5,temp,30.037,degC
31.5167,DO,15.251,%
31.5167,feed_rate,20.242,mL/h
31.5167,pH,6.371,-
31.5167,temp,29.998,degC
31.5333,DO,15.224,%
31.5333,feed_rate,20.242,mL/h
31.5333,pH,6.393,-
31.5333,temp,30.028,degC
31.55,DO,15.499,%
31.55,feed_rate,20.242,mL/h
31.55,pH,6.386,-
31.55,temp,29.99,degC
31.5667,DO,15.778,%
31.5667,feed_rate,20.242,mL/h
31.5667,pH,6.373,-
31.5667,temp,29.982,degC
31.5833,DO,16.153,%
31.5833,feed_rate,20.242,mL/h
31.5833,pH,6.37,-
31.5833,temp,29.976,degC
31.6,DO,15.915,%
31.6,feed_rate,20.242,mL/h
31.6,pH,6.367,-
31.6,temp,29.993,degC
31.6167,DO,15.786,%
31.6167,feed_rate,20.242,mL/h
31.6167,pH,6.366,-
31.6167,temp,29.974,degC
31.6333,DO,15.766,%
31.6333,feed_rate,20.242,mL/h
31.6333,pH,6.377,-
31.6333,temp,30.006,degC
31.65,DO,15.328,%
31.65,feed_rate,20.242,mL/h
31.65,pH,6.359,-
31.65,temp,29.93,degC
31.6667,DO,15.58,%
31.6667,feed_rate,20.242,mL/h
31.6667,pH,6.383,-
31.6667,temp,29.981,degC
31.6833,DO,15.643,%
31.6833,feed_rate,20.242,mL/h
31.6833,pH,6.38,-
31.6833,temp,30.033,degC
31.7,DO,15.251,%
31.7,feed_rate,20.242,mL/h
31.7,pH,6.372,-
31.7,temp,29.965,degC
31.7167,DO,15.703,%
31.7167,feed_rate,20.242,mL/h
31.7167,pH,6.381,-
31.7167,temp,29.953,degC
31.7333,DO,16.111,%
31.7333,feed_rate,20.242,mL/h
31.7333,pH,6.396,-
31.7333,temp,30.093,degC
31.75,DO,15.632,%
31.75,feed_rate,20.242,mL/h
31.75,pH,6.376,-
31.75,temp,29.977,degC
31.7667,DO,15.815,%
31.7667,feed_rate,20.242,mL/h
31.7667,pH,6.39,-
31.7667,temp,30.091,degC
31.7833,DO,16.165,%
31.7833,feed_rate,20.242,mL/h
31.7833,pH,6.37,-
31.7833,temp,30.0,degC
31.8,DO,16.322,%
31.8,feed_rate,20.242,mL/h
31.8,pH,6.367,-
31.8,temp,30.028,degC
31.8167,DO,15.9,%
31.8167,feed_rate,20.242,mL/h
31.8167,pH,6.383,-
31.8167,temp,30.047,degC
31.8333,DO,15.438,%
31.8333,feed_rate,20.242,mL/h
31.8333,pH,6.354,-
31.8333,temp,29.971,degC
31.85,DO,15.453,%
31.85,feed_rate,20.242,mL/h
31.85,pH,6.382,-
31.85,temp,29.964,degC
31.8667,DO,15.35,%
31.8667,feed_rate,20.242,mL/h
31.8667,pH,6.373,-
31.8667,temp,30.007,degC
31.8833,DO,15.413,%
31.8833,feed_rate,20.242,mL/h
31.8833,pH,6.368,-
31.8833,temp,30.0,degC
31.9,DO,15.436,%
31.9,feed_rate,20.242,mL/h
31.9,pH,6.373,-
31.9,temp,30.041,degC
31.9167,DO,15.642,%
31.9167,feed_rate,20.242,mL/h
31.9167,pH,6.373,-
31.9167,temp,29.98,degC
31.9333,DO,15.481,%
31.9333,feed_rate,20.242,mL/h
31.9333,pH,6.385,-
31.9333,temp,29.97,degC
31.95,DO,15.471,%
31.95,feed_rate,20.242,mL/h
31.95,pH,6.381,-
31.95,temp,30.015,degC
31.9667,DO,16.402,%
31.9667,feed_rate,20.242,mL/h
31.9667,pH,6.374,-
31.9667,temp,29.966,degC
31.9833,DO,16.217,%
31.9833,feed_rate,20.242,mL/h
31.9833,pH,6.37,-
31.9833,temp,29.957,degC
32.0,DO,16.329,%
32.0,feed_rate,20.242,mL/h
32.0,pH,6.363,-
32.0,temp,30.017,degC
32.0167,DO,16.283,%
32.0167,feed_rate,20.242,mL/h
32.0167,pH,6.374,-
32.0167,temp,29.983,degC
32.0333,DO,16.225,%
32.0333,feed_rate,20.242,mL/h
32.0333,pH,6.346,-
32.0333,temp,29.936,degC
32.05,DO,15.84,%
32.05,feed_rate,20.242,mL/h
32.05,pH,6.381,-
32.05,temp,30.046,degC
32.0667,DO,15.963,%
32.0667,feed_rate,20.242,mL/h
32.0667,pH,6.372,-
32.0667,temp,29.991,degC
32.0833,DO,15.887,%
32.0833,feed_rate,20.242,mL/h
32.0833,pH,6.355,-
32.0833,temp,29.891,degC
32.1,DO,16.087,%
32.1,feed_rate,20.242,mL/h
32.1,pH,6.377,-
32.1,temp,29.964,degC
32.1167,DO,16.617,%
32.1167,feed_rate,20.242,mL/h
32.1167,pH,6.363,-
32.1167,temp,30.052,degC
32.1333,DO,16.481,%
32.1333,feed_rate,20.242,mL/h
32.1333,pH,6.367,-
32.1333,temp,30.002,degC
32.15,DO,16.545,%
32.15,feed_rate,20.242,mL/h
32.15,pH,6.354,-
32.15,temp,29.968,degC
32.1667,DO,16.06,%
32.1667,feed_rate,20.242,mL/h
32.1667,pH,6.364,-
32.1667,temp,30.013,degC
32.1833,DO,16.014,%
32.1833,feed_rate,20.242,mL/h
32.1833,pH,6.373,-
32.1833,temp,29.968,degC
32.2,DO,16.408,%
32.2,feed_rate,20.242,mL/h
32.2,pH,6.37,-
32.2,temp,29.984,degC
32.2167,DO,16.239,%
32.2167,feed_rate,20.242,mL/h
32.2167,pH,6.374,-
32.2167,temp,30.02,degC
32.2333,DO,15.931,%
32.2333,feed_rate,20.242,mL/h
32.2333,pH,6.364,-
32.2333,temp,29.954,degC
32.25,DO,15.937,%
32.25,feed_rate,20.242,mL/h
32.25,pH,6.377,-
32.25,temp,30.092,degC
32.2667,DO,15.824,%
32.2667,feed_rate,20.242,mL/h
32.2667,pH,6.356,-
32.2667,temp,29.872,degC
32.2833,DO,15.717,%
32.2833,feed_rate,20.242,mL/h
32.2833,pH,6.365,-
32.2833,temp,29.924,degC
32.3,DO,15.592,%
32.3,feed_rate,20.242,mL/h
32.3,pH,6.344,-
32.3,temp,30.046,degC
32.3167,DO,16.199,%
32.3167,feed_rate,20.242,mL/h
32.3167,pH,6.368,-
32.3167,temp,30.018,degC
32.3333,DO,15.828,%
32.3333,feed_rate,20.242,mL/h
32.3333,pH,6.365,-
32.3333,temp,30.095,degC
32.35,DO,15.668,%
32.35,feed_rate,20.242,mL/h
32.35,pH,6.369,-
32.35,temp,30.034,degC
32.3667,DO,15.492,%
32.3667,feed_rate,20.242,mL/h
32.3667,pH,6.376,-
32.3667,temp,30.058,degC
32.3833,DO,15.895,%
32.3833,feed_rate,20.242,mL/h
32.3833,pH,6.383,-
32.3833,temp,30.036,degC
32.4,DO,15.761,%
32.4,feed_rate,20.242,mL/h
32.4,pH,6.359,-
32.4,temp,29.992,degC
32.4167,DO,16.129,%
32.4167,feed_rate,20.242,mL/h
32.4167,pH,6.368,-
32.4167,temp,29.912,degC
32.4333,DO,16.082,%
32.4333,feed_rate,20.242,mL/h
32.4333,pH,6.351,-
32.4333,temp,29.988,degC
32.45,DO,15.987,%
32.45,feed_rate,20.242,mL/h
32.45,pH,6.388,-
32.45,temp,30.024,degC
32.4667,DO,15.48,%
32.4667,feed_rate,20.242,mL/h
32.4667,pH,6.383,-
32.4667,temp,30.015,degC
32.4833,DO,15.876,%
32.4833,feed_rate,20.242,mL/h
32.4833,pH,6.375,-
32.4833,temp,29.956,degC
32.5,DO,15.991,%
32.5,feed_rate,20.242,mL/h
32.5,pH,6.382,-
32.5,temp,30.05,degC
32.5167,DO,16.043,%
32.5167,feed_rate,20.242,mL/h
32.5167,pH,6.378,-
32.5167,temp,29.981,degC
32.5333,DO,15.927,%
32.5333,feed_rate,20.242,mL/h
32.5333,pH,6.363,-
32.5333,temp,29.953,degC
32.55,DO,15.744,%
32.55,feed_rate,20.242,mL/h
32.55,pH,6.377,-
32.55,temp,30.006,degC
32.5667,DO,15.343,%
32.5667,feed_rate,20.242,mL/h
32.5667,pH,6.381,-
32.5667,temp,29.999,degC
32.5833,DO,15.686,%
32.5833,feed_rate,20.242,mL/h
32.5833,pH,6.378,-
32.5833,temp,29.943,degC
32.6,DO,15.757,%
32.6,feed_rate,20.242,mL/h
32.6,pH,6.369,-
32.6,temp,29.954,degC
32.6167,DO,15.625,%
32.6167,feed_rate,20.242,mL/h
32.6167,pH,6.366,-
32.6167,temp,30.01,degC
32.6333,DO,15.438,%
32.6333,feed_rate,20.242,mL/h
32.6333,pH,6.393,-
32.6333,temp,30.09,degC
32.65,DO,15.513,%
32.65,feed_rate,20.242,mL/h
32.65,pH,6.372,-
32.65,temp,29.878,degC
32.6667,DO,15.51,%
32.6667,feed_rate,20.242,mL/h
32.6667,pH,6.375,-
32.6667,temp,29.882,degC
32.6833,DO,16.028,%
32.6833,feed_rate,20.242,mL/h
32.6833,pH,6.355,-
32.6833,temp,29.966,degC
32.7,DO,16.182,%
32.7,feed_rate,20.242,mL/h
32.7,pH,6.376,-
32.7,temp,29.98,degC
32.7167,DO,15.893,%
32.7167,feed_rate,20.242,mL/h
32.7167,pH,6.372,-
32.7167,temp,30.042,degC
32.7333,DO,15.51,%
32.7333,feed_rate,20.242,mL/h
32.7333,pH,6.36,-
32.7333,temp,29.921,degC
32.75,DO,15.464,%
32.75,feed_rate,20.242,mL/h
32.75,pH,6.382,-
32.75,temp,30.015,degC
32.7667,DO,15.224,%
32.7667,feed_rate,20.242,mL/h
32.7667,pH,6.369,-
32.7667,temp,30.019,degC
32.7833,DO,15.329,%
32.7833,feed_rate,20.242,mL/h
32.7833,pH,6.375,-
32.7833,temp,30.047,degC
32.8,DO,15.511,%
32.8,feed_rate,20.242,mL/h
32.8,pH,6.373,-
32.8,temp,29.971,degC
32.8167,DO,15.726,%
32.8167,feed_rate,20.242,mL/h
32.8167,pH,6.362,-
32.8167,temp,29.962,degC
32.8333,DO,15.833,%
32.8333,feed_rate,20.242,mL/h
32.8333,pH,6.372,-
32.8333,temp,29.99,degC
32.85,DO,15.736,%
32.85,feed_rate,20.242,mL/h
32.85,pH,6.382,-
32.85,temp,29.976,degC
32.8667,DO,15.896,%
32.8667,feed_rate,20.242,mL/h
32.8667,pH,6.357,-
32.8667,temp,29.977,degC
32.8833,DO,15.577,%
32.8833,feed_rate,20.242,mL/h
32.8833,pH,6.358,-
32.8833,temp,29.978,degC
32.9,DO,15.565,%
32.9,feed_rate,20.242,mL/h
32.9,pH,6.359,-
32.9,temp,30.038,degC
32.9167,DO,15.823,%
32.9167,feed_rate,20.242,mL/h
32.9167,pH,6.376,-
32.9167,temp,29.99,degC
32.9333,DO,15.872,%
32.9333,feed_rate,20.242,mL/h
32.9333,pH,6.364,-
32.9333,temp,29.993,degC
32.95,DO,15.444,%
32.95,feed_rate,20.242,mL/h
32.95,pH,6.371,-
32.95,temp,30.033,degC
32.9667,DO,15.136,%
32.9667,feed_rate,20.242,mL/h
32.9667,pH,6.38,-
32.9667,temp,29.99,degC
32.9833,DO,14.752,%
32.9833,feed_rate,20.242,mL/h
32.9833,pH,6.357,-
32.9833,temp,30.015,degC
33.0,DO,15.471,%
33.0,feed_rate,20.242,mL/h
33.0,pH,6.383,-
33.0,temp,29.93,degC
33.0167,DO,15.039,%
33.0167,feed_rate,20.242,mL/h
33.0167,pH,6.368,-
33.0167,temp,30.008,degC
33.0333,DO,15.118,%
33.0333,feed_rate,20.242,mL/h
33.0333,pH,6.366,-
33.0333,temp,30.006,degC
33.05,DO,15.773,%
33.05,feed_rate,20.242,mL/h
33.05,pH,6.383,-
33.05,temp,29.972,degC
33.0667,DO,16.07,%
33.0667,feed_rate,20.242,mL/h
33.0667,pH,6.372,-
33.0667,temp,29.976,degC
33.0833,DO,16.379,%
33.0833,feed_rate,20.242,mL/h
33.0833,pH,6.355,-
33.0833,temp,29.962,degC
33.1,DO,16.082,%
33.1,feed_rate,20.242,mL/h
33.1,pH,6.367,-
33.1,temp,30.062,degC
33.1167,DO,16.215,%
33.1167,feed_rate,20.242,mL/h
33.1167,pH,6.36,-
33.1167,temp,29.997,degC
33.1333,DO,17.014,%
33.1333,feed_rate,20.242,mL/h
33.1333,pH,6.37,-
33.1333,temp,29.969,degC
33.15,DO,16.728,%
33.15,feed_rate,20.242,mL/h
33.15,pH,6.363,-
33.15,temp,29.972,degC
33.1667,DO,16.635,%
33.1667,feed_rate,20.242,mL/h
33.1667,pH,6.364,-
33.1667,temp,29.956,degC
33.1833,DO,16.341,%
33.1833,feed_rate,20.242,mL/h
33.1833,pH,6.377,-
33.1833,temp,30.014,degC
33.2,DO,16.197,%
33.2,feed_rate,20.242,mL/h
33.2,pH,6.35,-
33.2,temp,30.01,degC
33.2167,DO,16.198,%
33.2167,feed_rate,20.242,mL/h
33.2167,pH,6.37,-
33.2167,temp,29.963,degC
33.2333,DO,16.503,%
33.2333,feed_rate,20.242,mL/h
33.2333,pH,6.365,-
33.2333,temp,29.967,degC
33.25,DO,16.06,%
33.25,feed_rate,20.242,mL/h
33.25,pH,6.37,-
33.25,temp,30.016,degC
33.2667,DO,15.548,%
33.2667,feed_rate,20.242,mL/h
33.2667,pH,6.343,-
33.2667,temp,29.946,degC
33.2833,DO,15.574,%
33.2833,feed_rate,20.242,mL/h
33.2833,pH,6.357,-
33.2833,temp,30.075,degC
33.3,DO,14.243,%
33.3,feed_rate,23.758,mL/h
33.3,pH,6.363,-
33.3,temp,30.009,degC
33.3167,DO,13.539,%
33.3167,feed_rate,23.758,mL/h
33.3167,pH,6.383,-
33.3167,temp,29.975,degC
33.3333,DO,12.768,%
33.3333,feed_rate,23.758,mL/h
33.3333,pH,6.354,-
33.3333,temp,30.014,degC
33.35,DO,11.748,%
33.35,feed_rate,23.758,mL/h
33.35,pH,6.355,-
33.35,temp,29.912,degC
33.3667,DO,11.29,%
33.3667,feed_rate,23.758,mL/h
33.3667,pH,6.365,-
33.3667,temp,30.029,degC
33.3833,DO,11.088,%
33.3833,feed_rate,23.758,mL/h
33.3833,pH,6.37,-
33.3833,temp,29.972,degC
33.4,DO,10.678,%
33.4,feed_rate,23.758,mL/h
33.4,pH,6.36,-
33.4,temp,30.049,degC
33.4167,DO,10.162,%
33.4167,feed_rate,23.758,mL/h
33.4167,pH,6.367,-
33.4167,temp,30.045,degC
33.4333,DO,10.053,%
33.4333,feed_rate,23.758,mL/h
33.4333,pH,6.35,-
33.4333,temp,29.963,degC
33.45,DO,9.657,%
33.45,feed_rate,23.758,mL/h
33.45,pH,6.383,-
33.45,temp,30.074,degC
33.4667,DO,8.887,%
33.4667,feed_rate,23.758,mL/h
33.4667,pH,6.363,-
33.4667,temp,29.987,degC
33.4833,DO,9.229,%
33.4833,feed_rate,23.758,mL/h
33.4833,pH,6.367,-
33.4833,temp,29.988,degC
33.5,DO,8.717,%
33.5,feed_rate,23.758,mL/h
33.5,pH,6.393,-
33.5,temp,30.054,degC
33.5167,DO,8.593,%
33.5167,feed_rate,23.758,mL/h
33.5167,pH,6.36,-
33.5167,temp,30.049,degC
33.5333,DO,8.5,%
33.5333,feed_rate,23.758,mL/h
33.5333,pH,6.353,-
33.5333,temp,29.971,degC
33.55,DO,8.419,%
33.55,feed_rate,23.758,mL/h
33.55,pH,6.356,-
33.55,temp,30.011,degC
33.5667,DO,8.369,%
33.5667,feed_rate,23.758,mL/h
33.5667,pH,6.382,-
33.5667,temp,29.973,degC
33.5833,DO,7.983,%
33.5833,feed_rate,23.758,mL/h
33.5833,pH,6.364,-
33.5833,temp,29.956,degC
33.6,DO,8.263,%
33.6,feed_rate,23.758,mL/h
33.6,pH,6.358,-
33.6,temp,29.969,degC
33.6167,DO,8.337,%
33.6167,feed_rate,23.758,mL/h
33.6167,pH,6.365,-
33.6167,temp,30.021,degC
33.6333,DO,8.4,%
33.6333,feed_rate,23.758,mL/h
33.6333,pH,6.365,-
33.6333,temp,29.913,degC
33.65,DO,8.76,%
33.65,feed_rate,23.758,mL/h
33.65,pH,6.375,-
33.65,temp,30.013,degC
33.6667,DO,9.055,%
33.6667,feed_rate,23.758,mL/h
33.6667,pH,6.373,-
33.6667,temp,29.962,degC
33.6833,DO,9.364,%
33.6833,feed_rate,23.758,mL/h
33.6833,pH,6.369,-
33.6833,temp,29.988,degC
33.7,DO,9.764,%
33.7,feed_rate,23.758,mL/h
33.7,pH,6.37,-
33.7,temp,30.062,degC
33.7167,DO,9.664,%
33.7167,feed_rate,23.758,mL/h
33.7167,pH,6.357,-
33.7167,temp,30.023,degC
33.7333,DO,8.987,%
33.7333,feed_rate,23.758,mL/h
33.7333,pH,6.352,-
33.7333,temp,29.983,degC
33.75,DO,8.971,%
33.75,feed_rate,23.758,mL/h
33.75,pH,6.369,-
33.75,temp,30.089,degC
33.7667,DO,8.898,%
33.7667,feed_rate,23.758,mL/h
33.7667,pH,6.37,-
33.7667,temp,29.923,degC
33.7833,DO,8.856,%
33.7833,feed_rate,23.758,mL/h
33.7833,pH,6.367,-
33.7833,temp,30.003,degC
33.8,DO,8.622,%
33.8,feed_rate,23.758,mL/h
33.8,pH,6.368,-
33.8,temp,30.048,degC
33.8167,DO,8.348,%
33.8167,feed_rate,23.758,mL/h
33.8167,pH,6.371,-
33.8167,temp,29.936,degC
33.8333,DO,8.634,%
33.8333,feed_rate,23.758,mL/h
33.8333,pH,6.353,-
33.8333,temp,30.024,degC
33.85,DO,8.915,%
33.85,feed_rate,23.758,mL/h
33.85,pH,6.361,-
33.85,temp,29.989,degC
33.8667,DO,8.513,%
33.8667,feed_rate,23.758,mL/h
33.8667,pH,6.356,-
33.8667,temp,30.082,degC
33.8833,DO,8.689,%
33.8833,feed_rate,23.758,mL/h
33.8833,pH,6.346,-
33.8833,temp,30.044,degC
33.9,DO,8.617,%
33.9,feed_rate,23.758,mL/h
33.9,pH,6.37,-
33.9,temp,30.028,degC
33.9167,DO,8.494,%
33.9167,feed_rate,23.758,mL/h
33.9167,pH,6.362,-
33.9167,temp,29.927,degC
33.9333,DO,8.717,%
33.9333,feed_rate,23.758,mL/h
33.9333,pH,6.368,-
33.9333,temp,29.987,degC
33.95,DO,8.674,%
33.95,feed_rate,23.758,mL/h
33.95,pH,6.371,-
33.95,temp,30.083,degC
33.9667,DO,8.49,%
33.9667,feed_rate,23.758,mL/h
33.9667,pH,6.355,-
33.9667,temp,30.04,degC
33.9833,DO,8.524,%
33.9833,feed_rate,23.758,mL/h
33.9833,pH,6.379,-
33.9833,temp,29.966,degC
34.0,DO,7.936,%
34.0,feed_rate,23.758,mL/h
34.0,pH,6.367,-
34.0,temp,29.99,degC
34.0167,DO,7.887,%
34.0167,feed_rate,23.758,mL/h
34.0167,pH,6.374,-
34.0167,temp,29.913,degC
34.0333,DO,7.893,%
34.0333,feed_rate,23.758,mL/h
34.0333,pH,6.381,-
34.0333,temp,30.007,degC
34.05,DO,7.609,%
34.05,feed_rate,23.758,mL/h
34.05,pH,6.359,-
34.05,temp,29.951,degC
34.0667,DO,7.855,%
34.0667,feed_rate,23.758,mL/h
34.0667,pH,6.358,-
34.0667,temp,29.93,degC
34.0833,DO,8.079,%
34.0833,feed_rate,23.758,mL/h
34.0833,pH,6.365,-
34.0833,temp,29.951,degC
34.1,DO,7.996,%
34.1,feed_rate,23.758,mL/h
34.1,pH,6.375,-
34.1,temp,30.039,degC
34.1167,DO,8.058,%
34.1167,feed_rate,23.758,mL/h
34.1167,pH,6.375,-
34.1167,temp,29.924,degC
34.1333,DO,8.361,%
34.1333,feed_rate,23.758,mL/h
34.1333,pH,6.344,-
34.1333,temp,29.861,degC
34.15,DO,8.719,%
34.15,feed_rate,23.758,mL/h
34.15,pH,6.378,-
34.15,temp,30.106,degC
34.1667,DO,8.459,%
34.1667,feed_rate,23.758,mL/h
34.1667,pH,6.359,-
34.1667,temp,29.978,degC
34.1833,DO,8.581,%
34.1833,feed_rate,23.758,mL/h
34.1833,pH,6.368,-
34.1833,temp,29.977,degC
34.2,DO,8.887,%
34.2,feed_rate,23.758,mL/h
34.2,pH,6.35,-
34.2,temp,29.943,degC
34.2167,DO,8.811,%
34.2167,feed_rate,23.758,mL/h
34.2167,pH,6.354,-
34.2167,temp,30.057,degC
34.2333,DO,8.528,%
34.2333,feed_rate,23.758,mL/h
34.2333,pH,6.367,-
34.2333,temp,30.034,degC
34.25,DO,8.302,%
34.25,feed_rate,23.758,mL/h
34.25,pH,6.345,-
34.25,temp,30.037,degC
34.2667,DO,8.255,%
34.2667,feed_rate,23.758,mL/h
34.2667,pH,6.371,-
34.2667,temp,30.023,degC
34.2833,DO,8.003,%
34.2833,feed_rate,23.758,mL/h
34.2833,pH,6.357,-
34.2833,temp,30.045,degC
34.3,DO,8.716,%
34.3,feed_rate,23.758,mL/h
34.3,pH,6.366,-
34.3,temp,30.021,degC
34.3167,DO,8.51,%
34.3167,feed_rate,23.758,mL/h
34.3167,pH,6.364,-
34.3167,temp,29.991,degC
34.3333,DO,8.63,%
34.3333,feed_rate,23.758,mL/h
34.3333,pH,6.357,-
34.3333,temp,30.05,degC
34.35,DO,8.667,%
34.35,feed_rate,23.758,mL/h
34.35,pH,6.376,-
34.35,temp,30.012,degC
34.3667,DO,8.832,%
34.3667,feed_rate,23.758,mL/h
34.3667,pH,6.386,-
34.3667,temp,29.973,degC
34.3833,DO,8.658,%
34.3833,feed_rate,23.758,mL/h
34.3833,pH,6.369,-
34.3833,temp,30.018,degC
34.4,DO,8.244,%
34.4,feed_rate,23.758,mL/h
34.4,pH,6.345,-
34.4,temp,29.905,degC
34.4167,DO,8.793,%
34.4167,feed_rate,23.758,mL/h
34.4167,pH,6.364,-
34.4167,temp,30.007,degC
34.4333,DO,8.718,%
34.4333,feed_rate,23.758,mL/h
34.4333,pH,6.36,-
34.4333,temp,29.967,degC
34.45,DO,8.716,%
34.45,feed_rate,23.758,mL/h
34.45,pH,6.371,-
34.45,temp,29.926,degC
34.4667,DO,8.739,%
34.4667,feed_rate,23.758,mL/h
34.4667,pH,6.363,-
34.4667,temp,30.029,degC
34.4833,DO,9.076,%
34.4833,feed_rate,23.758,mL/h
34.4833,pH,6.383,-
34.4833,temp,30.098,degC
34.5,DO,9.197,%
34.5,feed_rate,23.758,mL/h
34.5,pH,6.369,-
34.5,temp,30.062,degC
34.5167,DO,9.416,%
34.5167,feed_rate,23.758,mL/h
34.5167,pH,6.368,-
34.5167,temp,30.03,degC
34.5333,DO,9.486,%
34.5333,feed_rate,23.758,mL/h
34.5333,pH,6.358,-
34.5333,temp,29.962,degC
34.55,DO,9.341,%
34.55,feed_rate,23.758,mL/h
34.55,pH,6.353,-
34.55,temp,29.93,degC
34.5667,DO,9.255,%
34.5667,feed_rate,23.758,mL/h
34.5667,pH,6.361,-
34.5667,temp,29.983,degC
34.5833,DO,8.888,%
34.5833,feed_rate,23.758,mL/h
34.5833,pH,6.364,-
34.5833,temp,29.966,degC
34.6,DO,8.235,%
34.6,feed_rate,23.758,mL/h
34.6,pH,6.366,-
34.6,temp,30.012,degC
34.6167,DO,8.222,%
34.6167,feed_rate,23.758,mL/h
34.6167,pH,6.364,-
34.6167,temp,30.086,degC
34.6333,DO,7.962,%
34.6333,feed_rate,23.758,mL/h
34.6333,pH,6.359,-
34.6333,temp,30.041,degC
34.65,DO,8.852,%
34.65,feed_rate,23.758,mL/h
34.65,pH,6.362,-
34.65,temp,30.018,degC
34.6667,DO,9.255,%
34.6667,feed_rate,23.758,mL/h
34.6667,pH,6.357,-
34.6667,temp,30.02,degC
34.6833,DO,9.461,%
34.6833,feed_rate,23.758,mL/h
34.6833,pH,6.351,-
34.6833,temp,29.925,degC
34.7,DO,9.11,%
34.7,feed_rate,23.758,mL/h
34.7,pH,6.353,-
34.7,temp,30.036,degC
34.7167,DO,9.612,%
34.7167,feed_rate,23.758,mL/h
34.7167,pH,6.366,-
34.7167,temp,30.01,degC
34.7333,DO,8.884,%
34.7333,feed_rate,23.758,mL/h
34.7333,pH,6.368,-
34.7333,temp,29.964,degC
34.75,DO,8.45,%
34.75,feed_rate,23.758,mL/h
34.75,pH,6.359,-
34.75,temp,29.997,degC
34.7667,DO,8.232,%
34.7667,feed_rate,23.758,mL/h
34.7667,pH,6.36,-
34.7667,temp,29.991,degC
34.7833,DO,8.004,%
34.7833,feed_rate,23.758,mL/h
34.7833,pH,6.366,-
34.7833,temp,30.031,degC
34.8,DO,8.149,%
34.8,feed_rate,23.758,mL/h
34.8,pH,6.359,-
34.8,temp,29.976,degC
34.8167,DO,8.283,%
34.8167,feed_rate,23.758,mL/h
34.8167,pH,6.392,-
34.8167,temp,30.057,degC
34.8333,DO,8.905,%
34.8333,feed_rate,23.758,mL/h
34.8333,pH,6.362,-
34.8333,temp,30.003,degC
34.85,DO,9.129,%
34.85,feed_rate,23.758,mL/h
34.85,pH,6.355,-
34.85,temp,29.977,degC
34.8667,DO,9.375,%
34.8667,feed_rate,23.758,mL/h
34.8667,pH,6.342,-
34.8667,temp,30.071,degC
34.8833,DO,9.331,%
34.8833,feed_rate,23.758,mL/h
34.8833,pH,6.363,-
34.8833,temp,29.993,degC
34.9,DO,9.126,%
34.9,feed_rate,23.758,mL/h
34.9,pH,6.371,-
34.9,temp,30.001,degC
34.9167,DO,8.8,%
34.9167,feed_rate,23.758,mL/h
34.9167,pH,6.36,-
34.9167,temp,29.948,degC
34.9333,DO,8.293,%
34.9333,feed_rate,23.758,mL/h
34.9333,pH,6.373,-
34.9333,temp,30.059,degC
34.95,DO,8.079,%
34.95,feed_rate,23.758,mL/h
34.95,pH,6.354,-
34.95,temp,29.999,degC
34.9667,DO,8.054,%
34.9667,feed_rate,23.758,mL/h
34.9667,pH,6.359,-
34.9667,temp,30.028,degC
34.9833,DO,8.377,%
34.9833,feed_rate,23.758,mL/h
34.9833,pH,6.358,-
34.9833,temp,29.987,degC
35.0,DO,7.901,%
35.0,feed_rate,23.758,mL/h
35.0,pH,6.352,-
35.0,temp,30.015,degC
35.0167,DO,7.616,%
35.0167,feed_rate,23.758,mL/h
35.0167,pH,6.345,-
35.0167,temp,29.937,degC
35.0333,DO,7.864,%
35.0333,feed_rate,23.758,mL/h
35.0333,pH,6.35,-
35.0333,temp,29.978,degC
35.05,DO,7.681,%
35.05,feed_rate,23.758,mL/h
35.05,pH,6.341,-
35.05,temp,29.938,degC
35.0667,DO,7.951,%
35.0667,feed_rate,23.758,mL/h
35.0667,pH,6.367,-
35.0667,temp,29.985,degC
35.0833,DO,7.942,%
35.0833,feed_rate,23.758,mL/h
35.0833,pH,6.358,-
35.0833,temp,30.037,degC
35.1,DO,7.833,%
35.1,feed_rate,23.758,mL/h
35.1,pH,6.359,-
35.1,temp,29.975,degC
35.1167,DO,7.571,%
35.1167,feed_rate,23.758,mL/h
35.1167,pH,6.354,-
35.1167,temp,29.997,degC
35.1333,DO,7.734,%
35.1333,feed_rate,23.758,mL/h
35.1333,pH,6.369,-
35.1333,temp,30.01,degC
35.15,DO,7.673,%
35.15,feed_rate,23.758,mL/h
35.15,pH,6.351,-
35.15,temp,30.083,degC
35.1667,DO,7.659,%
35.1667,feed_rate,23.758,mL/h
35.1667,pH,6.376,-
35.1667,temp,30.041,degC
35.1833,DO,7.641,%
35.1833,feed_rate,23.758,mL/h
35.1833,pH,6.37,-
35.1833,temp,29.92,degC
35.2,DO,7.873,%
35.2,feed_rate,23.758,mL/h
35.2,pH,6.352,-
35.2,temp,30.067,degC
35.2167,DO,8.047,%
35.2167,feed_rate,23.758,mL/h
35.2167,pH,6.357,-
35.2167,temp,29.917,degC
35.2333,DO,7.628,%
35.2333,feed_rate,23.758,mL/h
35.2333,pH,6.365,-
35.2333,temp,29.927,degC
35.25,DO,7.758,%
35.25,feed_rate,23.758,mL/h
35.25,pH,6.372,-
35.25,temp,30.011,degC
35.2667,DO,8.03,%
35.2667,feed_rate,23.758,mL/h
35.2667,pH,6.351,-
35.2667,temp,30.078,degC
35.2833,DO,8.44,%
35.2833,feed_rate,23.758,mL/h
35.2833,pH,6.354,-
35.2833,temp,29.96,degC
35.3,DO,8.691,%
35.3,feed_rate,23.758,mL/h
35.3,pH,6.384,-
35.3,temp,29.94,degC
35.3167,DO,8.72,%
35.3167,feed_rate,23.758,mL/h
35.3167,pH,6.368,-
35.3167,temp,29.984,degC
35.3333,DO,8.337,%
35.3333,feed_rate,23.758,mL/h
35.3333,pH,6.368,-
35.3333,temp,30.008,degC
35.35,DO,8.142,%
35.35,feed_rate,23.758,mL/h
35.35,pH,6.378,-
35.35,temp,30.067,degC
35.3667,DO,8.492,%
35.3667,feed_rate,23.758,mL/h
35.3667,pH,6.363,-
35.3667,temp,30.003,degC
35.3833,DO,8.287,%
35.3833,feed_rate,23.758,mL/h
35.3833,pH,6.354,-
35.3833,temp,29.98,degC
35.4,DO,8.641,%
35.4,feed_rate,23.758,mL/h
35.4,pH,6.341,-
35.4,temp,29.979,degC
35.4167,DO,8.999,%
35.4167,feed_rate,23.758,mL/h
35.4167,pH,6.367,-
35.4167,temp,30.006,degC
35.4333,DO,8.584,%
35.4333,feed_rate,23.758,mL/h
35.4333,pH,6.347,-
35.4333,temp,30.023,degC
35.45,DO,8.703,%
35.45,feed_rate,23.758,mL/h
35.45,pH,6.365,-
35.45,temp,29.95,degC
35.4667,DO,8.632,%
35.4667,feed_rate,23.758,mL/h
35.4667,pH,6.338,-
35.4667,temp,29.99,degC
35.4833,DO,9.217,%
35.4833,feed_rate,23.758,mL/h
35.4833,pH,6.353,-
35.4833,temp,30.036,degC
35.5,DO,9.329,%
35.5,feed_rate,23.758,mL/h
35.5,pH,6.358,-
35.5,temp,30.109,degC
35.5167,DO,9.013,%
35.5167,feed_rate,23.758,mL/h
35.5167,pH,6.345,-
35.5167,temp,30.023,degC
35.5333,DO,9.036,%
35.5333,feed_rate,23.758,mL/h
35.5333,pH,6.352,-
35.5333,temp,29.889,degC
35.55,DO,8.657,%
35.55,feed_rate,23.758,mL/h
35.55,pH,6.349,-
35.55,temp,29.97,degC
35.5667,DO,8.584,%
35.5667,feed_rate,23.758,mL/h
35.5667,pH,6.359,-
35.5667,temp,30.019,degC
35.5833,DO,8.632,%
35.5833,feed_rate,23.758,mL/h
35.5833,pH,6.345,-
35.5833,temp,29.982,degC
35.6,DO,8.653,%
35.6,feed_rate,23.758,mL/h
35.6,pH,6.355,-
35.6,temp,30.057,degC
35.6167,DO,8.718,%
35.6167,feed_rate,23.758,mL/h
35.6167,pH,6.371,-
35.6167,temp,29.986,degC
35.6333,DO,8.406,%
35.6333,feed_rate,23.758,mL/h
35.6333,pH,6.371,-
35.6333,temp,30.026,degC
35.65,DO,7.872,%
35.65,feed_rate,23.758,mL/h
35.65,pH,6.376,-
35.65,temp,30.023,degC
35.6667,DO,7.892,%
35.6667,feed_rate,23.758,mL/h
35.6667,pH,6.361,-
35.6667,temp,29.976,degC
35.6833,DO,7.749,%
35.6833,feed_rate,23.758,mL/h
35.6833,pH,6.353,-
35.6833,temp,29.973,degC
35.7,DO,7.692,%
35.7,feed_rate,23.758,mL/h
35.7,pH,6.36,-
35.7,temp,29.981,degC
35.7167,DO,8.498,%
35.7167,feed_rate,23.758,mL/h
35.7167,pH,6.364,-
35.7167,temp,29.945,degC
35.7333,DO,8.85,%
35.7333,feed_rate,23.758,mL/h
35.7333,pH,6.36,-
35.7333,temp,30.001,degC
35.75,DO,8.731,%
35.75,feed_rate,23.758,mL/h
35.75,pH,6.372,-
35.75,temp,29.965,degC
35.7667,DO,8.257,%
35.7667,feed_rate,23.758,mL/h
35.7667,pH,6.35,-
35.7667,temp,29.999,degC
35.7833,DO,7.919,%
35.7833,feed_rate,23.758,mL/h
35.7833,pH,6.355,-
35.7833,temp,29.946,degC
35.8,DO,8.147,%
35.8,feed_rate,23.758,mL/h
35.8,pH,6.342,-
35.8,temp,30.079,degC
35.8167,DO,8.541,%
35.8167,feed_rate,23.758,mL/h
35.8167,pH,6.353,-
35.8167,temp,30.025,degC
35.8333,DO,8.449,%
35.8333,feed_rate,23.758,mL/h
35.8333,pH,6.369,-
35.8333,temp,30.067,degC
35.85,DO,8.502,%
35.85,feed_rate,23.758,mL/h
35.85,pH,6.357,-
35.85,temp,29.967,degC
35.8667,DO,8.581,%
35.8667,feed_rate,23.758,mL/h
35.8667,pH,6.364,-
35.8667,temp,29.981,degC
35.8833,DO,8.887,%
35.8833,feed_rate,23.758,mL/h
35.8833,pH,6.361,-
35.8833,temp,30.023,degC
35.9,DO,8.248,%
35.9,feed_rate,23.758,mL/h
35.9,pH,6.366,-
35.9,temp,30.016,degC
35.9167,DO,8.348,%
35.9167,feed_rate,23.758,mL/h
35.9167,pH,6.348,-
35.9167,temp,30.015,degC
35.9333,DO,8.503,%
35.9333,feed_rate,23.758,mL/h
35.9333,pH,6.362,-
35.9333,temp,30.039,degC
35.95,DO,8.79,%
35.95,feed_rate,23.758,mL/h
35.95,pH,6.363,-
35.95,temp,30.024,degC
35.9667,DO,8.853,%
35.9667,feed_rate,23.758,mL/h
35.9667,pH,6.368,-
35.9667,temp,30.056,degC
35.9833,DO,8.455,%
35.9833,feed_rate,23.758,mL/h
35.9833,pH,6.37,-
35.9833,temp,29.973,degC
36.0,DO,8.292,%
36.0,feed_rate,23.758,mL/h
36.0,pH,6.351,-
36.0,temp,30.049,degC
36.0167,DO,7.879,%
36.0167,feed_rate,23.758,mL/h
36.0167,pH,6.342,-
36.0167,temp,29.825,degC
36.0333,DO,8.063,%
36.0333,feed_rate,23.758,mL/h
36.0333,pH,6.349,-
36.0333,temp,30.015,degC
36.05,DO,8.211,%
36.05,feed_rate,23.758,mL/h
36.05,pH,6.369,-
36.05,temp,29.987,degC
36.0667,DO,8.424,%
36.0667,feed_rate,23.758,mL/h
36.0667,pH,6.346,-
36.0667,temp,29.975,degC
36.0833,DO,8.151,%
36.0833,feed_rate,23.758,mL/h
36.0833,pH,6.342,-
36.0833,temp,29.998,degC
36.1,DO,7.881,%
36.1,feed_rate,23.758,mL/h
36.1,pH,6.342,-
36.1,temp,29.994,degC
36.1167,DO,8.464,%
36.1167,feed_rate,23.758,mL/h
36.1167,pH,6.343,-
36.1167,temp,30.018,degC
36.1333,DO,8.528,%
36.1333,feed_rate,23.758,mL/h
36.1333,pH,6.363,-
36.1333,temp,29.949,degC
36.15,DO,9.049,%
36.15,feed_rate,23.758,mL/h
36.15,pH,6.348,-
36.15,temp,29.969,degC
36.1667,DO,9.073,%
36.1667,feed_rate,23.758,mL/h
36.1667,pH,6.349,-
36.1667,temp,30.018,degC
36.1833,DO,8.522,%
36.1833,feed_rate,23.758,mL/h
36.1833,pH,6.367,-
36.1833,temp,29.973,degC
36.2,DO,8.761,%
36.2,feed_rate,23.758,mL/h
36.2,pH,6.365,-
36.2,temp,29.978,degC
36.2167,DO,9.081,%
36.2167,feed_rate,23.758,mL/h
36.2167,pH,6.364,-
36.2167,temp,30.025,degC
36.2333,DO,8.832,%
36.2333,feed_rate,23.758,mL/h
36.2333,pH,6.347,-
36.2333,temp,30.009,degC
36.25,DO,8.19,%
36.25,feed_rate,23.758,mL/h
36.25,pH,6.338,-
36.25,temp,29.972,degC
36.2667,DO,8.454,%
36.2667,feed_rate,23.758,mL/h
36.2667,pH,6.358,-
36.2667,temp,29.96,degC
36.2833,DO,8.423,%
36.2833,feed_rate,23.758,mL/h
36.2833,pH,6.372,-
36.2833,temp,30.026,degC
36.3,DO,8.523,%
36.3,feed_rate,23.758,mL/h
36.3,pH,6.351,-
36.3,temp,30.037,degC
36.3167,DO,7.715,%
36.3167,feed_rate,23.758,mL/h
36.3167,pH,6.352,-
36.3167,temp,30.03,degC
36.3333,DO,8.011,%
36.3333,feed_rate,23.758,mL/h
36.3333,pH,6.322,-
36.3333,temp,30.025,degC
36.35,DO,7.285,%
36.35,feed_rate,23.758,mL/h
36.35,pH,6.372,-
36.35,temp,29.985,degC
36.3667,DO,7.27,%
36.3667,feed_rate,23.758,mL/h
36.3667,pH,6.353,-
36.3667,temp,29.959,degC
36.3833,DO,7.783,%
36.3833,feed_rate,23.758,mL/h
36.3833,pH,6.337,-
36.3833,temp,29.996,degC
36.4,DO,7.381,%
36.4,feed_rate,23.758,mL/h
36.4,pH,6.354,-
36.4,temp,29.991,degC
36.4167,DO,7.047,%
36.4167,feed_rate,23.758,mL/h
36.4167,pH,6.348,-
36.4167,temp,29.968,degC
36.4333,DO,7.205,%
36.4333,feed_rate,23.758,mL/h
36.4333,pH,6.361,-
36.4333,temp,30.011,degC
36.45,DO,7.959,%
36.45,feed_rate,23.758,mL/h
36.45,pH,6.376,-
36.45,temp,30.142,degC
36.4667,DO,8.554,%
36.4667,feed_rate,23.758,mL/h
36.4667,pH,6.346,-
36.4667,temp,29.974,degC
36.4833,DO,8.362,%
36.4833,feed_rate,23.758,mL/h
36.4833,pH,6.356,-
36.4833,temp,29.982,degC
36.5,DO,8.691,%
36.5,feed_rate,23.758,mL/h
36.5,pH,6.35,-
36.5,temp,30.034,degC
36.5167,DO,8.828,%
36.5167,feed_rate,23.758,mL/h
36.5167,pH,6.347,-
36.5167,temp,29.963,degC
36.5333,DO,8.842,%
36.5333,feed_rate,23.758,mL/h
36.5333,pH,6.358,-
36.5333,temp,29.978,degC
36.55,DO,8.881,%
36.55,feed_rate,23.758,mL/h
36.55,pH,6.369,-
36.55,temp,29.977,degC
36.5667,DO,8.589,%
36.5667,feed_rate,23.758,mL/h
36.5667,pH,6.358,-
36.5667,temp,29.995,degC
36.5833,DO,8.812,%
36.5833,feed_rate,23.758,mL/h
36.5833,pH,6.349,-
36.5833,temp,30.039,degC
36.6,DO,9.069,%
36.6,feed_rate,23.758,mL/h
36.6,pH,6.359,-
36.6,temp,30.025,degC
36.6167,DO,9.767,%
36.6167,feed_rate,23.758,mL/h
36.6167,pH,6.356,-
36.6167,temp,29.928,degC
36.6333,DO,9.789,%
36.6333,feed_rate,23.758,mL/h
36.6333,pH,6.362,-
36.6333,temp,29.983,degC
36.65,DO,8.796,%
36.65,feed_rate,23.758,mL/h
36.65,pH,6.348,-
36.65,temp,29.949,degC
36.6667,DO,8.376,%
36.6667,feed_rate,23.758,mL/h
36.6667,pH,6.355,-
36.6667,temp,30.014,degC
36.6833,DO,8.501,%
36.6833,feed_rate,23.758,mL/h
36.6833,pH,6.37,-
36.6833,temp,29.974,degC
36.7,DO,8.522,%
36.7,feed_rate,23.758,mL/h
36.7,pH,6.353,-
36.7,temp,30.051,degC
36.7167,DO,7.959,%
36.7167,feed_rate,23.758,mL/h
36.7167,pH,6.363,-
36.7167,temp,30.094,degC
36.7333,DO,8.025,%
36.7333,feed_rate,23.758,mL/h
36.7333,pH,6.353,-
36.7333,temp,29.984,degC
36.75,DO,8.013,%
36.75,feed_rate,23.758,mL/h
36.75,pH,6.354,-
36.75,temp,30.008,degC
36.7667,DO,8.095,%
36.7667,feed_rate,23.758,mL/h
36.7667,pH,6.346,-
36.7667,temp,30.036,degC
36.7833,DO,8.139,%
36.7833,feed_rate,23.758,mL/h
36.7833,pH,6.381,-
36.7833,temp,29.965,degC
36.8,DO,8.487,%
36.8,feed_rate,23.758,mL/h
36.8,pH,6.365,-
36.8,temp,29.926,degC
36.8167,DO,8.928,%
36.8167,feed_rate,23.758,mL/h
36.8167,pH,6.365,-
36.8167,temp,30.022,degC
36.8333,DO,9.047,%
36.8333,feed_rate,23.758,mL/h
36.8333,pH,6.364,-
36.8333,temp,30.014,degC
36.85,DO,8.604,%
36.85,feed_rate,23.758,mL/h
36.85,pH,6.342,-
36.85,temp,29.906,degC
36.8667,DO,8.324,%
36.8667,feed_rate,23.758,mL/h
36.8667,pH,6.345,-
36.8667,temp,29.994,degC
36.8833,DO,8.16,%
36.8833,feed_rate,23.758,mL/h
36.8833,pH,6.351,-
36.8833,temp,29.973,degC
36.9,DO,8.211,%
36.9,feed_rate,23.758,mL/h
36.9,pH,6.336,-
36.9,temp,29.966,degC
36.9167,DO,8.14,%
36.9167,feed_rate,23.758,mL/h
36.9167,pH,6.343,-
36.9167,temp,29.999,degC
36.9333,DO,8.107,%
36.9333,feed_rate,23.758,mL/h
36.9333,pH,6.361,-
36.9333,temp,29.926,degC
36.95,DO,7.908,%
36.95,feed_rate,23.758,mL/h
36.95,pH,6.331,-
36.95,temp,29.929,degC
36.9667,DO,8.311,%
36.9667,feed_rate,23.758,mL/h
36.9667,pH,6.343,-
36.9667,temp,30.059,degC
36.9833,DO,8.604,%
36.9833,feed_rate,23.758,mL/h
36.9833,pH,6.351,-
36.9833,temp,30.028,degC
37.0,DO,8.869,%
37.0,feed_rate,23.758,mL/h
37.0,pH,6.351,-
37.0,temp,29.993,degC
37.0167,DO,8.77,%
37.0167,feed_rate,23.758,mL/h
37.0167,pH,6.352,-
37.0167,temp,30.002,degC
37.0333,DO,8.852,%
37.0333,feed_rate,23.758,mL/h
37.0333,pH,6.344,-
37.0333,temp,30.012,degC
37.05,DO,8.508,%
37.05,feed_rate,23.758,mL/h
37.05,pH,6.361,-
37.05,temp,29.999,degC
37.0667,DO,8.202,%
37.0667,feed_rate,23.758,mL/h
37.0667,pH,6.328,-
37.0667,temp,30.113,degC
37.0833,DO,8.098,%
37.0833,feed_rate,23.758,mL/h
37.0833,pH,6.356,-
37.0833,temp,29.969,degC
37.1,DO,8.354,%
37.1,feed_rate,23.758,mL/h
37.1,pH,6.336,-
37.1,temp,30.027,degC
37.1167,DO,8.338,%
37.1167,feed_rate,23.758,mL/h
37.1167,pH,6.344,-
37.1167,temp,29.941,degC
37.1333,DO,8.027,%
37.1333,feed_rate,23.758,mL/h
37.1333,pH,6.351,-
37.1333,temp,30.028,degC
37.15,DO,8.149,%
37.15,feed_rate,23.758,mL/h
37.15,pH,6.367,-
37.15,temp,30.084,degC
37.1667,DO,8.346,%
37.1667,feed_rate,23.758,mL/h
37.1667,pH,6.342,-
37.1667,temp,29.995,degC
37.1833,DO,9.914,%
37.1833,feed_rate,20.036,mL/h
37.1833,pH,6.337,-
37.1833,temp,29.96,degC
37.2,DO,10.92,%
37.2,feed_rate,20.036,mL/h
37.2,pH,6.361,-
37.2,temp,29.918,degC
37.2167,DO,11.944,%
37.2167,feed_rate,20.036,mL/h
37.2167,pH,6.35,-
37.2167,temp,30.053,degC
37.2333,DO,12.618,%
37.2333,feed_rate,20.036,mL/h
37.2333,pH,6.351,-
37.2333,temp,29.964,degC
37.25,DO,13.185,%
37.25,feed_rate,20.036,mL/h
37.25,pH,6.357,-
37.25,temp,30.009,degC
37.2667,DO,13.71,%
37.2667,feed_rate,20.036,mL/h
37.2667,pH,6.361,-
37.2667,temp,30.032,degC
37.2833,DO,14.383,%
37.2833,feed_rate,20.036,mL/h
37.2833,pH,6.352,-
37.2833,temp,29.952,degC
37.3,DO,15.243,%
37.3,feed_rate,20.036,mL/h
37.3,pH,6.33,-
37.3,temp,30.001,degC
37.3167,DO,15.851,%
37.3167,feed_rate,20.036,mL/h
37.3167,pH,6.349,-
37.3167,temp,30.065,degC
37.3333,DO,16.058,%
37.3333,feed_rate,20.036,mL/h
37.3333,pH,6.351,-
37.3333,temp,29.957,degC
37.35,DO,15.915,%
37.35,feed_rate,20.036,mL/h
37.35,pH,6.339,-
37.35,temp,29.984,degC
37.3667,DO,15.829,%
37.3667,feed_rate,20.036,mL/h
37.3667,pH,6.34,-
37.3667,temp,30.0,degC
37.3833,DO,15.772,%
37.3833,feed_rate,20.036,mL/h
37.3833,pH,6.357,-
37.3833,temp,29.919,degC
37.4,DO,16.152,%
37.4,feed_rate,20.036,mL/h
37.4,pH,6.353,-
37.4,temp,29.977,degC
37.4167,DO,15.281,%
37.4167,feed_rate,20.036,mL/h
37.4167,pH,6.341,-
37.4167,temp,30.043,degC
37.4333,DO,15.492,%
37.4333,feed_rate,20.036,mL/h
37.4333,pH,6.356,-
37.4333,temp,30.098,degC
37.45,DO,14.985,%
37.45,feed_rate,20.036,mL/h
37.45,pH,6.352,-
37.45,temp,29.953,degC
37.4667,DO,15.176,%
37.4667,feed_rate,20.036,mL/h
37.4667,pH,6.337,-
37.4667,temp,30.002,degC
37.4833,DO,15.727,%
37.4833,feed_rate,20.036,mL/h
37.4833,pH,6.347,-
37.4833,temp,30.017,degC
37.5,DO,15.498,%
37.5,feed_rate,20.036,mL/h
37.5,pH,6.337,-
37.5,temp,29.985,degC
37.5167,DO,14.902,%
37.5167,feed_rate,20.036,mL/h
37.5167,pH,6.341,-
37.5167,temp,29.969,degC
37.5333,DO,15.5,%
37.5333,feed_rate,20.036,mL/h
37.5333,pH,6.353,-
37.5333,temp,29.989,degC
37.55,DO,16.041,%
37.55,feed_rate,20.036,mL/h
37.55,pH,6.338,-
37.55,temp,29.977,degC
37.5667,DO,16.172,%
37.5667,feed_rate,20.036,mL/h
37.5667,pH,6.337,-
37.5667,temp,29.958,degC
37.5833,DO,16.503,%
37.5833,feed_rate,20.036,mL/h
37.5833,pH,6.353,-
37.5833,temp,29.987,degC
37.6,DO,16.151,%
37.6,feed_rate,20.036,mL/h
37.6,pH,6.339,-
37.6,temp,29.992,degC
37.6167,DO,16.461,%
37.6167,feed_rate,20.036,mL/h
37.6167,pH,6.347,-
37.6167,temp,29.888,degC
37.6333,DO,16.868,%
37.6333,feed_rate,20.036,mL/h
37.6333,pH,6.347,-
37.6333,temp,30.006,degC
37.65,DO,16.876,%
37.65,feed_rate,20.036,mL/h
37.65,pH,6.348,-
37.65,temp,29.989,degC
37.6667,DO,16.774,%
37.6667,feed_rate,20.036,mL/h
37.6667,pH,6.353,-
37.6667,temp,30.002,degC
37.6833,DO,16.993,%
37.6833,feed_rate,20.036,mL/h
37.6833,pH,6.345,-
37.6833,temp,29.901,degC
37.7,DO,17.123,%
37.7,feed_rate,20.036,mL/h
37.7,pH,6.341,-
37.7,temp,30.096,degC
37.7167,DO,16.663,%
37.7167,feed_rate,20.036,mL/h
37.7167,pH,6.344,-
37.7167,temp,30.0,degC
37.7333,DO,16.927,%
37.7333,feed_rate,20.036,mL/h
37.7333,pH,6.361,-
37.7333,temp,29.92,degC
37.75,DO,16.954,%
37.75,feed_rate,20.036,mL/h
37.75,pH,6.358,-
37.75,temp,30.052,degC
37.7667,DO,16.8,%
37.7667,feed_rate,20.036,mL/h
37.7667,pH,6.348,-
37.7667,temp,30.03,degC
37.7833,DO,17.02,%
37.7833,feed_rate,20.036,mL/h
37.7833,pH,6.361,-
37.7833,temp,29.972,degC
37.8,DO,17.082,%
37.8,feed_rate,20.036,mL/h
37.8,pH,6.356,-
37.8,temp,30.06,degC
37.8167,DO,17.078,%
37.8167,feed_rate,20.036,mL/h
37.8167,pH,6.338,-
37.8167,temp,30.027,degC
37.8333,DO,16.699,%
37.8333,feed_rate,20.036,mL/h
37.8333,pH,6.364,-
37.8333,temp,29.95,degC
37.85,DO,16.798,%
37.85,feed_rate,20.036,mL/h
37.85,pH,6.377,-
37.85,temp,29.967,degC
37.8667,DO,16.295,%
37.8667,feed_rate,20.036,mL/h
37.8667,pH,6.352,-
37.8667,temp,30.02,degC
37.8833,DO,16.187,%
37.8833,feed_rate,20.036,mL/h
37.8833,pH,6.332,-
37.8833,temp,30.08,degC
37.9,DO,15.63,%
37.9,feed_rate,20.036,mL/h
37.9,pH,6.363,-
37.9,temp,29.978,degC
37.9167,DO,15.181,%
37.9167,feed_rate,20.036,mL/h
37.9167,pH,6.354,-
37.9167,temp,30.069,degC
37.9333,DO,15.467,%
37.9333,feed_rate,20.036,mL/h
37.9333,pH,6.347,-
37.9333,temp,30.008,degC
37.95,DO,15.537,%
37.95,feed_rate,20.036,mL/h
37.95,pH,6.328,-
37.95,temp,29.964,degC
37.9667,DO,15.644,%
37.9667,feed_rate,20.036,mL/h
37.9667,pH,6.347,-
37.9667,temp,30.065,degC
37.9833,DO,15.881,%
37.9833,feed_rate,20.036,mL/h
37.9833,pH,6.345,-
37.9833,temp,29.955,degC
38.0,DO,15.999,%
38.0,feed_rate,20.036,mL/h
38.0,pH,6.345,-
38.0,temp,29.99,degC
38.0167,DO,15.722,%
38.0167,feed_rate,20.036,mL/h
38.0167,pH,6.344,-
38.0167,temp,29.895,degC
38.0333,DO,15.788,%
38.0333,feed_rate,20.036,mL/h
38.0333,pH,6.358,-
38.0333,temp,29.983,degC
38.05,DO,15.799,%
38.05,feed_rate,20.036,mL/h
38.05,pH,6.344,-
38.05,temp,30.04,degC
38.0667,DO,15.672,%
38.0667,feed_rate,20.036,mL/h
38.0667,pH,6.352,-
38.0667,temp,29.938,degC
38.0833,DO,15.689,%
38.0833,feed_rate,20.036,mL/h
38.0833,pH,6.329,-
38.0833,temp,29.924,degC
38.1,DO,15.63,%
38.1,feed_rate,20.036,mL/h
38.1,pH,6.338,-
38.1,temp,30.077,degC
38.1167,DO,15.498,%
38.1167,feed_rate,20.036,mL/h
38.1167,pH,6.347,-
38.1167,temp,30.032,degC
38.1333,DO,15.486,%
38.1333,feed_rate,20.036,mL/h
38.1333,pH,6.339,-
38.1333,temp,29.963,degC
38.15,DO,15.648,%
38.15,feed_rate,20.036,mL/h
38.15,pH,6.348,-
38.15,temp,29.996,degC
38.1667,DO,16.326,%
38.1667,feed_rate,20.036,mL/h
38.1667,pH,6.347,-
38.1667,temp,30.095,degC
38.1833,DO,16.004,%
38.1833,feed_rate,20.036,mL/h
38.1833,pH,6.349,-
38.1833,temp,29.941,degC
38.2,DO,16.148,%
38.2,feed_rate,20.036,mL/h
38.2,pH,6.344,-
38.2,temp,30.048,degC
38.2167,DO,15.669,%
38.2167,feed_rate,20.036,mL/h
38.2167,pH,6.354,-
38.2167,temp,30.027,degC
38.2333,DO,16.2,%
38.2333,feed_rate,20.036,mL/h
38.2333,pH,6.333,-
38.2333,temp,30.018,degC
38.25,DO,16.049,%
38.25,feed_rate,20.036,mL/h
38.25,pH,6.343,-
38.25,temp,29.996,degC
38.2667,DO,16.069,%
38.2667,feed_rate,20.036,mL/h
38.2667,pH,6.362,-
38.2667,temp,30.039,degC
38.2833,DO,16.427,%
38.2833,feed_rate,20.036,mL/h
38.2833,pH,6.343,-
38.2833,temp,29.954,degC
38.3,DO,16.626,%
38.3,feed_rate,20.036,mL/h
38.3,pH,6.362,-
38.3,temp,30.004,degC
38.3167,DO,16.042,%
38.3167,feed_rate,20.036,mL/h
38.3167,pH,6.35,-
38.3167,temp,30.068,degC
38.3333,DO,16.188,%
38.3333,feed_rate,20.036,mL/h
38.3333,pH,6.344,-
38.3333,temp,29.992,degC
38.35,DO,16.071,%
38.35,feed_rate,20.036,mL/h
38.35,pH,6.348,-
38.35,temp,30.008,degC
38.3667,DO,16.231,%
38.3667,feed_rate,20.036,mL/h
38.3667,pH,6.363,-
38.3667,temp,30.044,degC
38.3833,DO,16.218,%
38.3833,feed_rate,20.036,mL/h
38.3833,pH,6.343,-
38.3833,temp,29.918,degC
38.4,DO,16.384,%
38.4,feed_rate,20.036,mL/h
38.4,pH,6.335,-
38.4,temp,29.896,degC
38.4167,DO,16.383,%
38.4167,feed_rate,20.036,mL/h
38.4167,pH,6.351,-
38.4167,temp,30.069,degC
38.4333,DO,16.253,%
38.4333,feed_rate,20.036,mL/h
38.4333,pH,6.354,-
38.4333,temp,30.016,degC
38.45,DO,16.543,%
38.45,feed_rate,20.036,mL/h
38.45,pH,6.355,-
38.45,temp,30.025,degC
38.4667,DO,15.96,%
38.4667,feed_rate,20.036,mL/h
38.4667,pH,6.331,-
38.4667,temp,29.979,degC
38.4833,DO,15.826,%
38.4833,feed_rate,20.036,mL/h
38.4833,pH,6.35,-
38.4833,temp,30.003,degC
38.5,DO,15.562,%
38.5,feed_rate,20.036,mL/h
38.5,pH,6.347,-
38.5,temp,30.04,degC
38.5167,DO,15.595,%
38.5167,feed_rate,20.036,mL/h
38.5167,pH,6.343,-
38.5167,temp,29.996,degC
38.5333,DO,15.535,%
38.5333,feed_rate,20.036,mL/h
38.5333,pH,6.341,-
38.5333,temp,29.972,degC
38.55,DO,15.572,%
38.55,feed_rate,20.036,mL/h
38.55,pH,6.351,-
38.55,temp,29.956,degC
38.5667,DO,15.498,%
38.5667,feed_rate,20.036,mL/h
38.5667,pH,6.345,-
38.5667,temp,29.925,degC
38.5833,DO,15.446,%
38.5833,feed_rate,20.036,mL/h
38.5833,pH,6.345,-
38.5833,temp,29.879,degC
38.6,DO,15.052,%
38.6,feed_rate,20.036,mL/h
38.6,pH,6.366,-
38.6,temp,29.979,degC
38.6167,DO,15.218,%
38.6167,feed_rate,20.036,mL/h
38.6167,pH,6.346,-
38.6167,temp,29.977,degC
38.6333,DO,15.455,%
38.6333,feed_rate,20.036,mL/h
38.6333,pH,6.334,-
38.6333,temp,30.122,degC
38.65,DO,15.373,%
38.65,feed_rate,20.036,mL/h
38.65,pH,6.336,-
38.65,temp,29.968,degC
38.6667,DO,15.29,%
38.6667,feed_rate,20.036,mL/h
38.6667,pH,6.338,-
38.6667,temp,29.943,degC
38.6833,DO,15.226,%
38.6833,feed_rate,20.036,mL/h
38.6833,pH,6.329,-
38.6833,temp,30.093,degC
38.7,DO,15.873,%
38.7,feed_rate,20.036,mL/h
38.7,pH,6.356,-
38.7,temp,29.963,degC
38.7167,DO,15.943,%
38.7167,feed_rate,20.036,mL/h
38.7167,pH,6.364,-
38.7167,temp,29.983,degC
38.7333,DO,16.058,%
38.7333,feed_rate,20.036,mL/h
38.7333,pH,6.339,-
38.7333,temp,30.049,degC
38.75,DO,15.945,%
38.75,feed_rate,20.036,mL/h
38.75,pH,6.354,-
38.75,temp,30.05,degC
38.7667,DO,15.794,%
38.7667,feed_rate,20.036,mL/h
38.7667,pH,6.337,-
38.7667,temp,30.051,degC
38.7833,DO,15.559,%
38.7833,feed_rate,20.036,mL/h
38.7833,pH,6.338,-
38.7833,temp,30.034,degC
38.8,DO,16.098,%
38.8,feed_rate,20.036,mL/h
38.8,pH,6.327,-
38.8,temp,29.954,degC
38.8167,DO,15.556,%
38.8167,feed_rate,20.036,mL/h
38.8167,pH,6.344,-
38.8167,temp,29.969,degC
38.8333,DO,15.723,%
38.8333,feed_rate,20.036,mL/h
38.8333,pH,6.357,-
38.8333,temp,29.978,degC
38.85,DO,15.759,%
38.85,feed_rate,20.036,mL/h
38.85,pH,6.357,-
38.85,temp,30.032,degC
38.8667,DO,15.718,%
38.8667,feed_rate,20.036,mL/h
38.8667,pH,6.35,-
38.8667,temp,29.989,degC
38.8833,DO,15.293,%
38.8833,feed_rate,20.036,mL/h
38.8833,pH,6.342,-
38.8833,temp,30.055,degC
38.9,DO,15.052,%
38.9,feed_rate,20.036,mL/h
38.9,pH,6.356,-
38.9,temp,30.015,degC
38.9167,DO,15.524,%
38.9167,feed_rate,20.036,mL/h
38.9167,pH,6.362,-
38.9167,temp,30.019,degC
38.9333,DO,15.399,%
38.9333,feed_rate,20.036,mL/h
38.9333,pH,6.337,-
38.9333,temp,29.892,degC
38.95,DO,15.77,%
38.95,feed_rate,20.036,mL/h
38.95,pH,6.347,-
38.95,temp,30.011,degC
38.9667,DO,16.005,%
38.9667,feed_rate,20.036,mL/h
38.9667,pH,6.344,-
38.9667,temp,29.951,degC
38.9833,DO,16.166,%
38.9833,feed_rate,20.036,mL/h
38.9833,pH,6.338,-
38.9833,temp,30.047,degC
39.0,DO,16.349,%
39.0,feed_rate,20.036,mL/h
39.0,pH,6.332,-
39.0,temp,29.994,degC
39.0167,DO,15.904,%
39.0167,feed_rate,20.036,mL/h
39.0167,pH,6.336,-
39.0167,temp,30.039,degC
39.0333,DO,15.769,%
39.0333,feed_rate,20.036,mL/h
39.0333,pH,6.345,-
39.0333,temp,30.036,degC
39.05,DO,16.006,%
39.05,feed_rate,20.036,mL/h
39.05,pH,6.346,-
39.05,temp,29.975,degC
39.0667,DO,15.614,%
39.0667,feed_rate,20.036,mL/h
39.0667,pH,6.345,-
39.0667,temp,29.968,degC
39.0833,DO,16.178,%
39.0833,feed_rate,20.036,mL/h
39.0833,pH,6.356,-
39.0833,temp,30.056,degC
39.1,DO,15.962,%
39.1,feed_rate,20.036,mL/h
39.1,pH,6.337,-
39.1,temp,30.07,degC
39.1167,DO,15.938,%
39.1167,feed_rate,20.036,mL/h
39.1167,pH,6.331,-
39.1167,temp,29.964,degC
39.1333,DO,15.631,%
39.1333,feed_rate,20.036,mL/h
39.1333,pH,6.332,-
39.1333,temp,29.923,degC
39.15,DO,15.802,%
39.15,feed_rate,20.036,mL/h
39.15,pH,6.347,-
39.15,temp,30.047,degC
39.1667,DO,15.609,%
39.1667,feed_rate,20.036,mL/h
39.1667,pH,6.338,-
39.1667,temp,29.932,degC
39.1833,DO,15.602,%
39.1833,feed_rate,20.036,mL/h
39.1833,pH,6.327,-
39.1833,temp,30.001,degC
39.2,DO,15.328,%
39.2,feed_rate,20.036,mL/h
39.2,pH,6.352,-
39.2,temp,29.9,degC
39.2167,DO,15.808,%
39.2167,feed_rate,20.036,mL/h
39.2167,pH,6.357,-
39.2167,temp,30.058,degC
39.2333,DO,15.344,%
39.2333,feed_rate,20.036,mL/h
39.2333,pH,6.345,-
39.2333,temp,30.023,degC
39.25,DO,15.598,%
39.25,feed_rate,20.036,mL/h
39.25,pH,6.349,-
39.25,temp,29.984,degC
39.2667,DO,15.737,%
39.2667,feed_rate,20.036,mL/h
39.2667,pH,6.329,-
39.2667,temp,29.942,degC
39.2833,DO,15.909,%
39.2833,feed_rate,20.036,mL/h
39.2833,pH,6.329,-
39.2833,temp,29.864,degC
39.3,DO,15.608,%
39.3,feed_rate,20.036,mL/h
39.3,pH,6.344,-
39.3,temp,29.999,degC
39.3167,DO,15.984,%
39.3167,feed_rate,20.036,mL/h
39.3167,pH,6.345,-
39.3167,temp,30.037,degC
39.3333,DO,16.264,%
39.3333,feed_rate,20.036,mL/h
39.3333,pH,6.341,-
39.3333,temp,30.015,degC
39.35,DO,16.247,%
39.35,feed_rate,20.036,mL/h
39.35,pH,6.34,-
39.35,temp,29.938,degC
39.3667,DO,16.279,%
39.3667,feed_rate,20.036,mL/h
39.3667,pH,6.336,-
39.3667,temp,30.04,degC
39.3833,DO,16.163,%
39.3833,feed_rate,20.036,mL/h
39.3833,pH,6.357,-
39.3833,temp,30.021,degC
39.4,DO,16.311,%
39.4,feed_rate,20.036,mL/h
39.4,pH,6.334,-
39.4,temp,29.924,degC
39.4167,DO,15.99,%
39.4167,feed_rate,20.036,mL/h
39.4167,pH,6.341,-
39.4167,temp,29.918,degC
39.4333,DO,16.146,%
39.4333,feed_rate,20.036,mL/h
39.4333,pH,6.353,-
39.4333,temp,29.955,degC
39.45,DO,16.226,%
39.45,feed_rate,20.036,mL/h
39.45,pH,6.332,-
39.45,temp,30.065,degC
39.4667,DO,15.745,%
39.4667,feed_rate,20.036,mL/h
39.4667,pH,6.344,-
39.4667,temp,29.972,degC
39.4833,DO,14.997,%
39.4833,feed_rate,20.036,mL/h
39.4833,pH,6.341,-
39.4833,temp,30.092,degC
39.5,DO,15.15,%
39.5,feed_rate,20.036,mL/h
39.5,pH,6.348,-
39.5,temp,30.067,degC
39.5167,DO,15.259,%
39.5167,feed_rate,20.036,mL/h
39.5167,pH,6.317,-
39.5167,temp,29.92,degC
39.5333,DO,15.76,%
39.5333,feed_rate,20.036,mL/h
39.5333,pH,6.339,-
39.5333,temp,29.991,degC
39.55,DO,15.813,%
39.55,feed_rate,20.036,mL/h
39.55,pH,6.334,-
39.55,temp,30.17,degC
39.5667,DO,15.688,%
39.5667,feed_rate,20.036,mL/h
39.5667,pH,6.353,-
39.5667,temp,30.004,degC
39.5833,DO,15.33,%
39.5833,feed_rate,20.036,mL/h
39.5833,pH,6.341,-
39.5833,temp,30.04,degC
39.6,DO,15.425,%
39.6,feed_rate,20.036,mL/h
39.6,pH,6.336,-
39.6,temp,30.022,degC
39.6167,DO,15.352,%
39.6167,feed_rate,20.036,mL/h
39.6167,pH,6.35,-
39.6167,temp,29.991,degC
39.6333,DO,15.138,%
39.6333,feed_rate,20.036,mL/h
39.6333,pH,6.348,-
39.6333,temp,29.967,degC
39.65,DO,15.262,%
39.65,feed_rate,20.036,mL/h
39.65,pH,6.352,-
39.65,temp,30.018,degC
39.6667,DO,15.714,%
39.6667,feed_rate,20.036,mL/h
39.6667,pH,6.352,-
39.6667,temp,30.026,degC
39.6833,DO,15.786,%
39.6833,feed_rate,20.036,mL/h
39.6833,pH,6.349,-
39.6833,temp,30.035,degC
39.7,DO,15.502,%
39.7,feed_rate,20.036,mL/h
39.7,pH,6.335,-
39.7,temp,30.047,degC
39.7167,DO,15.687,%
39.7167,feed_rate,20.036,mL/h
39.7167,pH,6.344,-
39.7167,temp,29.949,degC
39.7333,DO,15.407,%
39.7333,feed_rate,20.036,mL/h
39.7333,pH,6.344,-
39.7333,temp,29.957,degC
39.75,DO,15.04,%
39.75,feed_rate,20.036,mL/h
39.75,pH,6.345,-
39.75,temp,30.043,degC
39.7667,DO,15.368,%
39.7667,feed_rate,20.036,mL/h
39.7667,pH,6.344,-
39.7667,temp,30.012,degC
39.7833,DO,15.316,%
39.7833,feed_rate,20.036,mL/h
39.7833,pH,6.342,-
39.7833,temp,29.908,degC
39.8,DO,15.797,%
39.8,feed_rate,19.98,mL/h
39.8,pH,6.337,-
39.8,temp,29.955,degC
39.8167,DO,15.94,%
39.8167,feed_rate,19.98,mL/h
39.8167,pH,6.34,-
39.8167,temp,30.123,degC
39.8333,DO,15.72,%
39.8333,feed_rate,19.98,mL/h
39.8333,pH,6.331,-
39.8333,temp,29.986,degC
39.85,DO,15.851,%
39.85,feed_rate,19.98,mL/h
39.85,pH,6.332,-
39.85,temp,29.99,degC
39.8667,DO,16.279,%
39.8667,feed_rate,19.98,mL/h
39.8667,pH,6.348,-
39.8667,temp,30.022,degC
39.8833,DO,16.176,%
39.8833,feed_rate,19.98,mL/h
39.8833,pH,6.337,-
39.8833,temp,30.028,degC
39.9,DO,15.832,%
39.9,feed_rate,19.98,mL/h
39.9,pH,6.341,-
39.9,temp,29.934,degC
39.9167,DO,15.676,%
39.9167,feed_rate,19.98,mL/h
39.9167,pH,6.335,-
39.9167,temp,29.968,degC
39.9333,DO,15.507,%
39.9333,feed_rate,19.98,mL/h
39.9333,pH,6.324,-
39.9333,temp,30.081,degC
39.95,DO,15.26,%
39.95,feed_rate,19.98,mL/h
39.95,pH,6.336,-
39.95,temp,29.954,degC
39.9667,DO,15.03,%
39.9667,feed_rate,19.98,mL/h
39.9667,pH,6.356,-
39.9667,temp,30.006,degC
39.9833,DO,15.36,%
39.9833,feed_rate,19.98,mL/h
39.9833,pH,6.339,-
39.9833,temp,30.076,degC
