time_h,signal_name,value,unit
0.0,DO,98.0,%
0.0,feed_rate,0.0,mL/h
0.0,pH,6.494,-
0.0,temp,30.029,degC
0.0167,DO,97.799,%
0.0167,feed_rate,0.0,mL/h
0.0167,pH,6.501,-
0.0167,temp,30.02,degC
0.0333,DO,97.705,%
0.0333,feed_rate,0.0,mL/h
0.0333,pH,6.474,-
0.0333,temp,30.061,degC
0.05,DO,98.333,%
0.05,feed_rate,0.0,mL/h
0.05,pH,6.501,-
0.05,temp,29.976,degC
0.0667,DO,98.621,%
0.0667,feed_rate,0.0,mL/h
0.0667,pH,6.494,-
0.0667,temp,30.008,degC
0.0833,DO,99.136,%
0.0833,feed_rate,0.0,mL/h
0.0833,pH,6.494,-
0.0833,temp,30.004,degC
0.1,DO,99.441,%
0.1,feed_rate,0.0,mL/h
0.1,pH,6.5,-
0.1,temp,29.986,degC
0.1167,DO,99.531,%
0.1167,feed_rate,0.0,mL/h
0.1167,pH,6.495,-
0.1167,temp,29.999,degC
0.1333,DO,99.624,%
0.1333,feed_rate,0.0,mL/h
0.1333,pH,6.509,-
0.1333,temp,30.05,degC
0.15,DO,99.562,%
0.15,feed_rate,0.0,mL/h
0.15,pH,6.512,-
0.15,temp,30.079,degC
0.1667,DO,99.824,%
0.1667,feed_rate,0.0,mL/h
0.1667,pH,6.508,-
0.1667,temp,30.006,degC
0.1833,DO,99.433,%
0.1833,feed_rate,0.0,mL/h
0.1833,pH,6.509,-
0.1833,temp,30.005,degC
0.2,DO,99.332,%
0.2,feed_rate,0.0,mL/h
0.2,pH,6.503,-
0.2,temp,30.018,degC
0.2167,DO,99.451,%
0.2167,feed_rate,0.0,mL/h
0.2167,pH,6.499,-
0.2167,temp,30.061,degC
0.2333,DO,100.0,%
0.2333,feed_rate,0.0,mL/h
0.2333,pH,6.486,-
0.2333,temp,30.036,degC
0.25,DO,99.692,%
0.25,feed_rate,0.0,mL/h
0.25,pH,6.495,-
0.25,temp,30.088,degC
0.2667,DO,99.34,%
0.2667,feed_rate,0.0,mL/h
0.2667,pH,6.511,-
0.2667,temp,30.099,degC
0.2833,DO,99.213,%
0.2833,feed_rate,0.0,mL/h
0.2833,pH,6.507,-
0.2833,temp,30.063,degC
0.3,DO,99.571,%
0.3,feed_rate,0.0,mL/h
0.3,pH,6.494,-
0.3,temp,29.977,degC
0.3167,DO,99.495,%
0.3167,feed_rate,0.0,mL/h
0.3167,pH,6.5,-
0.3167,temp,29.988,degC
0.3333,DO,99.902,%
0.3333,feed_rate,0.0,mL/h
0.3333,pH,6.509,-
0.3333,temp,29.987,degC
0.35,DO,99.268,%
0.35,feed_rate,0.0,mL/h
0.35,pH,6.497,-
0.35,temp,29.983,degC
0.3667,DO,99.66,%
0.3667,feed_rate,0.0,mL/h
0.3667,pH,6.515,-
0.3667,temp,30.056,degC
0.3833,DO,99.946,%
0.3833,feed_rate,0.0,mL/h
0.3833,pH,6.491,-
0.3833,temp,29.975,degC
0.4,DO,99.437,%
0.4,feed_rate,0.0,mL/h
0.4,pH,6.506,-
0.4,temp,30.032,degC
0.4167,DO,99.502,%
0.4167,feed_rate,0.0,mL/h
0.4167,pH,6.505,-
0.4167,temp,29.986,degC
0.4333,DO,99.872,%
0.4333,feed_rate,0.0,mL/h
0.4333,pH,6.5,-
0.4333,temp,29.963,degC
0.45,DO,99.829,%
0.45,feed_rate,0.0,mL/h
0.45,pH,6.501,-
0.45,temp,30.068,degC
0.4667,DO,100.0,%
0.4667,feed_rate,0.0,mL/h
0.4667,pH,6.504,-
0.4667,temp,29.936,degC
0.4833,DO,100.0,%
0.4833,feed_rate,0.0,mL/h
0.4833,pH,6.475,-
0.4833,temp,30.075,degC
0.5,DO,100.0,%
0.5,feed_rate,0.0,mL/h
0.5,pH,6.503,-
0.5,temp,29.937,degC
0.5167,DO,100.0,%
0.5167,feed_rate,0.0,mL/h
0.5167,pH,6.509,-
0.5167,temp,30.032,degC
0.5333,DO,99.86,%
0.5333,feed_rate,0.0,mL/h
0.5333,pH,6.502,-
0.5333,temp,30.02,degC
0.55,DO,99.984,%
0.55,feed_rate,0.0,mL/h
0.55,pH,6.509,-
0.55,temp,30.02,degC
0.5667,DO,99.829,%
0.5667,feed_rate,0.0,mL/h
0.5667,pH,6.486,-
0.5667,temp,30.002,degC
0.5833,DO,99.71,%
0.5833,feed_rate,0.0,mL/h
0.5833,pH,6.497,-
0.5833,temp,29.973,degC
0.6,DO,99.637,%
0.6,feed_rate,0.0,mL/h
0.6,pH,6.501,-
0.6,temp,29.994,degC
0.6167,DO,99.804,%
0.6167,feed_rate,0.0,mL/h
0.6167,pH,6.495,-
0.6167,temp,30.075,degC
0.6333,DO,99.422,%
0.6333,feed_rate,0.0,mL/h
0.6333,pH,6.509,-
0.6333,temp,30.055,degC
0.65,DO,98.977,%
0.65,feed_rate,0.0,mL/h
0.65,pH,6.502,-
0.65,temp,30.119,degC
0.6667,DO,98.349,%
0.6667,feed_rate,0.0,mL/h
0.6667,pH,6.492,-
0.6667,temp,30.064,degC
0.6833,DO,98.936,%
0.6833,feed_rate,0.0,mL/h
0.6833,pH,6.505,-
0.6833,temp,30.038,degC
0.7,DO,99.068,%
0.7,feed_rate,0.0,mL/h
0.7,pH,6.505,-
0.7,temp,30.019,degC
0.7167,DO,99.604,%
0.7167,feed_rate,0.0,mL/h
0.7167,pH,6.493,-
0.7167,temp,30.001,degC
0.7333,DO,99.576,%
0.7333,feed_rate,0.0,mL/h
0.7333,pH,6.503,-
0.7333,temp,30.077,degC
0.75,DO,99.333,%
0.75,feed_rate,0.0,mL/h
0.75,pH,6.501,-
0.75,temp,29.992,degC
0.7667,DO,99.504,%
0.7667,feed_rate,0.0,mL/h
0.7667,pH,6.501,-
0.7667,temp,29.994,degC
0.7833,DO,99.474,%
0.7833,feed_rate,0.0,mL/h
0.7833,pH,6.484,-
0.7833,temp,29.976,degC
0.8,DO,99.096,%
0.8,feed_rate,0.0,mL/h
0.8,pH,6.51,-
0.8,temp,30.035,degC
0.8167,DO,98.904,%
0.8167,feed_rate,0.0,mL/h
0.8167,pH,6.503,-
0.8167,temp,30.169,degC
0.8333,DO,99.546,%
0.8333,feed_rate,0.0,mL/h
0.8333,pH,6.496,-
0.8333,temp,29.992,degC
0.85,DO,99.634,%
0.85,feed_rate,0.0,mL/h
0.85,pH,6.5,-
0.85,temp,29.923,degC
0.8667,DO,99.723,%
0.8667,feed_rate,0.0,mL/h
0.8667,pH,6.5,-
0.8667,temp,29.971,degC
0.8833,DO,99.586,%
0.8833,feed_rate,0.0,mL/h
0.8833,pH,6.493,-
0.8833,temp,30.05,degC
0.9,DO,99.352,%
0.9,feed_rate,0.0,mL/h
0.9,pH,6.491,-
0.9,temp,29.988,degC
0.9167,DO,99.638,%
0.9167,feed_rate,0.0,mL/h
0.9167,pH,6.497,-
0.9167,temp,29.981,degC
0.9333,DO,99.567,%
0.9333,feed_rate,0.0,mL/h
0.9333,pH,6.49,-
0.9333,temp,30.04,degC
0.95,DO,99.314,%
0.95,feed_rate,0.0,mL/h
0.95,pH,6.491,-
0.95,temp,30.001,degC
0.9667,DO,99.298,%
0.9667,feed_rate,0.0,mL/h
0.9667,pH,6.485,-
0.9667,temp,29.961,degC
0.9833,DO,99.054,%
0.9833,feed_rate,0.0,mL/h
0.9833,pH,6.493,-
0.9833,temp,30.027,degC
1.0,DO,99.186,%
1.0,feed_rate,0.0,mL/h
1.0,pH,6.506,-
1.0,temp,29.955,degC
1.0167,DO,99.573,%
1.0167,feed_rate,0.0,mL/h
1.0167,pH,6.498,-
1.0167,temp,29.999,degC
1.0333,DO,99.292,%
1.0333,feed_rate,0.0,mL/h
1.0333,pH,6.496,-
1.0333,temp,30.097,degC
1.05,DO,99.746,%
1.05,feed_rate,0.0,mL/h
1.05,pH,6.493,-
1.05,temp,29.892,degC
1.0667,DO,99.48,%
1.0667,feed_rate,0.0,mL/h
1.0667,pH,6.492,-
1.0667,temp,30.084,degC
1.0833,DO,99.513,%
1.0833,feed_rate,0.0,mL/h
1.0833,pH,6.481,-
1.0833,temp,29.911,degC
1.1,DO,99.242,%
1.1,feed_rate,0.0,mL/h
1.1,pH,6.512,-
1.1,temp,30.016,degC
1.1167,DO,99.208,%
1.1167,feed_rate,0.0,mL/h
1.1167,pH,6.488,-
1.1167,temp,29.898,degC
1.1333,DO,99.262,%
1.1333,feed_rate,0.0,mL/h
1.1333,pH,6.481,-
1.1333,temp,29.989,degC
1.15,DO,99.159,%
1.15,feed_rate,0.0,mL/h
1.15,pH,6.499,-
1.15,temp,29.966,degC
1.1667,DO,98.996,%
1.1667,feed_rate,0.0,mL/h
1.1667,pH,6.498,-
1.1667,temp,29.972,degC
1.1833,DO,98.872,%
1.1833,feed_rate,0.0,mL/h
1.1833,pH,6.49,-
1.1833,temp,29.961,degC
1.2,DO,98.73,%
1.2,feed_rate,0.0,mL/h
1.2,pH,6.48,-
1.2,temp,30.078,degC
1.2167,DO,98.39,%
1.2167,feed_rate,0.0,mL/h
1.2167,pH,6.481,-
1.2167,temp,30.052,degC
1.2333,DO,98.51,%
1.2333,feed_rate,0.0,mL/h
1.2333,pH,6.511,-
1.2333,temp,29.926,degC
1.25,DO,98.805,%
1.25,feed_rate,0.0,mL/h
1.25,pH,6.494,-
1.25,temp,29.915,degC
1.2667,DO,99.192,%
1.2667,feed_rate,0.0,mL/h
1.2667,pH,6.488,-
1.2667,temp,29.995,degC
1.2833,DO,99.423,%
1.2833,feed_rate,0.0,mL/h
1.2833,pH,6.513,-
1.2833,temp,29.932,degC
1.3,DO,100.0,%
1.3,feed_rate,0.0,mL/h
1.3,pH,6.489,-
1.3,temp,30.1,degC
1.3167,DO,100.0,%
1.3167,feed_rate,0.0,mL/h
1.3167,pH,6.485,-
1.3167,temp,30.073,degC
1.3333,DO,99.807,%
1.3333,feed_rate,0.0,mL/h
1.3333,pH,6.5,-
1.3333,temp,30.034,degC
1.35,DO,100.0,%
1.35,feed_rate,0.0,mL/h
1.35,pH,6.498,-
1.35,temp,29.916,degC
1.3667,DO,99.781,%
1.3667,feed_rate,0.0,mL/h
1.3667,pH,6.51,-
1.3667,temp,29.967,degC
1.3833,DO,99.986,%
1.3833,feed_rate,0.0,mL/h
1.3833,pH,6.479,-
1.3833,temp,30.052,degC
1.4,DO,99.572,%
1.4,feed_rate,0.0,mL/h
1.4,pH,6.497,-
1.4,temp,29.956,degC
1.4167,DO,99.633,%
1.4167,feed_rate,0.0,mL/h
1.4167,pH,6.477,-
1.4167,temp,30.039,degC
1.4333,DO,98.984,%
1.4333,feed_rate,0.0,mL/h
1.4333,pH,6.499,-
1.4333,temp,30.005,degC
1.45,DO,99.325,%
1.45,feed_rate,0.0,mL/h
1.45,pH,6.488,-
1.45,temp,30.05,degC
1.4667,DO,99.28,%
1.4667,feed_rate,0.0,mL/h
1.4667,pH,6.49,-
1.4667,temp,30.0,degC
1.4833,DO,99.0,%
1.4833,feed_rate,0.0,mL/h
1.4833,pH,6.487,-
1.4833,temp,29.999,degC
1.5,DO,99.569,%
1.5,feed_rate,0.0,mL/h
1.5,pH,6.502,-
1.5,temp,29.937,degC
1.5167,DO,99.75,%
1.5167,feed_rate,0.0,mL/h
1.5167,pH,6.51,-
1.5167,temp,29.996,degC
1.5333,DO,99.678,%
1.5333,feed_rate,0.0,mL/h
1.5333,pH,6.493,-
1.5333,temp,29.959,degC
1.55,DO,99.382,%
1.55,feed_rate,0.0,mL/h
1.55,pH,6.491,-
1.55,temp,30.038,degC
1.5667,DO,99.355,%
1.5667,feed_rate,0.0,mL/h
1.5667,pH,6.489,-
1.5667,temp,29.931,degC
1.5833,DO,99.297,%
1.5833,feed_rate,0.0,mL/h
1.5833,pH,6.499,-
1.5833,temp,30.045,degC
1.6,DO,99.516,%
1.6,feed_rate,0.0,mL/h
1.6,pH,6.483,-
1.6,temp,30.053,degC
1.6167,DO,99.713,%
1.6167,feed_rate,0.0,mL/h
1.6167,pH,6.529,-
1.6167,temp,30.034,degC
1.6333,DO,99.43,%
1.6333,feed_rate,0.0,mL/h
1.6333,pH,6.491,-
1.6333,temp,29.926,degC
1.65,DO,99.238,%
1.65,feed_rate,0.0,mL/h
1.65,pH,6.511,-
1.65,temp,29.938,degC
1.6667,DO,99.089,%
1.6667,feed_rate,0.0,mL/h
1.6667,pH,6.495,-
1.6667,temp,30.011,degC
1.6833,DO,98.723,%
1.6833,feed_rate,0.0,mL/h
1.6833,pH,6.48,-
1.6833,temp,30.006,degC
1.7,DO,98.658,%
1.7,feed_rate,0.0,mL/h
1.7,pH,6.478,-
1.7,temp,29.982,degC
1.7167,DO,98.754,%
1.7167,feed_rate,0.0,mL/h
1.7167,pH,6.489,-
1.7167,temp,29.99,degC
1.7333,DO,99.066,%
1.7333,feed_rate,0.0,mL/h
1.7333,pH,6.486,-
1.7333,temp,29.947,degC
1.75,DO,99.503,%
1.75,feed_rate,0.0,mL/h
1.75,pH,6.49,-
1.75,temp,29.95,degC
1.7667,DO,99.213,%
1.7667,feed_rate,0.0,mL/h
1.7667,pH,6.481,-
1.7667,temp,29.947,degC
1.7833,DO,99.388,%
1.7833,feed_rate,0.0,mL/h
1.7833,pH,6.516,-
1.7833,temp,29.972,degC
1.8,DO,99.229,%
1.8,feed_rate,0.0,mL/h
1.8,pH,6.514,-
1.8,temp,29.994,degC
1.8167,DO,99.857,%
1.8167,feed_rate,0.0,mL/h
1.8167,pH,6.475,-
1.8167,temp,29.983,degC
1.8333,DO,99.721,%
1.8333,feed_rate,0.0,mL/h
1.8333,pH,6.497,-
1.8333,temp,29.954,degC
1.85,DO,99.777,%
1.85,feed_rate,0.0,mL/h
1.85,pH,6.504,-
1.85,temp,30.053,degC
1.8667,DO,99.389,%
1.8667,feed_rate,0.0,mL/h
1.8667,pH,6.489,-
1.8667,temp,30.01,degC
1.8833,DO,99.116,%
1.8833,feed_rate,0.0,mL/h
1.8833,pH,6.49,-
1.8833,temp,29.95,degC
1.9,DO,99.2,%
1.9,feed_rate,0.0,mL/h
1.9,pH,6.503,-
1.9,temp,30.134,degC
1.9167,DO,99.091,%
1.9167,feed_rate,0.0,mL/h
1.9167,pH,6.498,-
1.9167,temp,29.872,degC
1.9333,DO,99.224,%
1.9333,feed_rate,0.0,mL/h
1.9333,pH,6.48,-
1.9333,temp,30.031,degC
1.95,DO,98.755,%
1.95,feed_rate,0.0,mL/h
1.95,pH,6.504,-
1.95,temp,30.017,degC
1.9667,DO,99.046,%
1.9667,feed_rate,0.0,mL/h
1.9667,pH,6.487,-
1.9667,temp,29.971,degC
1.9833,DO,98.809,%
1.9833,feed_rate,0.0,mL/h
1.9833,pH,6.511,-
1.9833,temp,29.948,degC
2.0,DO,99.406,%
2.0,feed_rate,0.0,mL/h
2.0,pH,6.482,-
2.0,temp,29.996,degC
2.0167,DO,99.279,%
2.0167,feed_rate,0.0,mL/h
2.0167,pH,6.469,-
2.0167,temp,30.053,degC
2.0333,DO,99.592,%
2.0333,feed_rate,0.0,mL/h
2.0333,pH,6.493,-
2.0333,temp,30.045,degC
2.05,DO,99.095,%
2.05,feed_rate,0.0,mL/h
2.05,pH,6.504,-
2.05,temp,30.024,degC
2.0667,DO,99.243,%
2.0667,feed_rate,0.0,mL/h
2.0667,pH,6.497,-
2.0667,temp,30.011,degC
2.0833,DO,98.965,%
2.0833,feed_rate,0.0,mL/h
2.0833,pH,6.493,-
2.0833,temp,30.003,degC
2.1,DO,98.862,%
2.1,feed_rate,0.0,mL/h
2.1,pH,6.482,-
2.1,temp,30.047,degC
2.1167,DO,98.933,%
2.1167,feed_rate,0.0,mL/h
2.1167,pH,6.5,-
2.1167,temp,30.007,degC
2.1333,DO,98.886,%
2.1333,feed_rate,0.0,mL/h
2.1333,pH,6.473,-
2.1333,temp,30.012,degC
2.15,DO,99.022,%
2.15,feed_rate,0.0,mL/h
2.15,pH,6.499,-
2.15,temp,30.069,degC
2.1667,DO,99.274,%
2.1667,feed_rate,0.0,mL/h
2.1667,pH,6.479,-
2.1667,temp,29.974,degC
2.1833,DO,99.447,%
2.1833,feed_rate,0.0,mL/h
2.1833,pH,6.485,-
2.1833,temp,30.017,degC
2.2,DO,99.363,%
2.2,feed_rate,0.0,mL/h
2.2,pH,6.478,-
2.2,temp,29.997,degC
2.2167,DO,98.911,%
2.2167,feed_rate,0.0,mL/h
2.2167,pH,6.482,-
2.2167,temp,29.959,degC
2.2333,DO,98.717,%
2.2333,feed_rate,0.0,mL/h
2.2333,pH,6.506,-
2.2333,temp,30.073,degC
2.25,DO,98.743,%
2.25,feed_rate,0.0,mL/h
2.25,pH,6.479,-
2.25,temp,29.953,degC
2.2667,DO,98.185,%
2.2667,feed_rate,0.0,mL/h
2.2667,pH,6.492,-
2.2667,temp,29.982,degC
2.2833,DO,98.6,%
2.2833,feed_rate,0.0,mL/h
2.2833,pH,6.482,-
2.2833,temp,29.958,degC
2.3,DO,98.634,%
2.3,feed_rate,0.0,mL/h
2.3,pH,6.501,-
2.3,temp,30.023,degC
2.3167,DO,98.656,%
2.3167,feed_rate,0.0,mL/h
2.3167,pH,6.477,-
2.3167,temp,30.03,degC
2.3333,DO,99.033,%
2.3333,feed_rate,0.0,mL/h
2.3333,pH,6.49,-
2.3333,temp,30.083,degC
2.35,DO,99.249,%
2.35,feed_rate,0.0,mL/h
2.35,pH,6.499,-
2.35,temp,30.083,degC
2.3667,DO,99.287,%
2.3667,feed_rate,0.0,mL/h
2.3667,pH,6.513,-
2.3667,temp,30.082,degC
2.3833,DO,98.95,%
2.3833,feed_rate,0.0,mL/h
2.3833,pH,6.478,-
2.3833,temp,30.028,degC
2.4,DO,99.073,%
2.4,feed_rate,0.0,mL/h
2.4,pH,6.481,-
2.4,temp,30.052,degC
2.4167,DO,99.181,%
2.4167,feed_rate,0.0,mL/h
2.4167,pH,6.489,-
2.4167,temp,29.989,degC
2.4333,DO,98.897,%
2.4333,feed_rate,0.0,mL/h
2.4333,pH,6.505,-
2.4333,temp,29.952,degC
2.45,DO,99.247,%
2.45,feed_rate,0.0,mL/h
2.45,pH,6.479,-
2.45,temp,30.062,degC
2.4667,DO,99.366,%
2.4667,feed_rate,0.0,mL/h
2.4667,pH,6.498,-
2.4667,temp,29.962,degC
2.4833,DO,98.716,%
2.4833,feed_rate,0.0,mL/h
2.4833,pH,6.483,-
2.4833,temp,30.035,degC
2.5,DO,98.823,%
2.5,feed_rate,0.0,mL/h
2.5,pH,6.479,-
2.5,temp,30.077,degC
2.5167,DO,98.492,%
2.5167,feed_rate,0.0,mL/h
2.5167,pH,6.473,-
2.5167,temp,30.001,degC
2.5333,DO,98.946,%
2.5333,feed_rate,0.0,mL/h
2.5333,pH,6.491,-
2.5333,temp,30.073,degC
2.55,DO,99.209,%
2.55,feed_rate,0.0,mL/h
2.55,pH,6.499,-
2.55,temp,30.007,degC
2.5667,DO,98.846,%
2.5667,feed_rate,0.0,mL/h
2.5667,pH,6.488,-
2.5667,temp,30.0,degC
2.5833,DO,98.62,%
2.5833,feed_rate,0.0,mL/h
2.5833,pH,6.468,-
2.5833,temp,30.037,degC
2.6,DO,98.734,%
2.6,feed_rate,0.0,mL/h
2.6,pH,6.483,-
2.6,temp,30.095,degC
2.6167,DO,98.722,%
2.6167,feed_rate,0.0,mL/h
2.6167,pH,6.499,-
2.6167,temp,29.943,degC
2.6333,DO,99.24,%
2.6333,feed_rate,0.0,mL/h
2.6333,pH,6.498,-
2.6333,temp,30.018,degC
2.65,DO,99.419,%
2.65,feed_rate,0.0,mL/h
2.65,pH,6.491,-
2.65,temp,29.968,degC
2.6667,DO,99.254,%
2.6667,feed_rate,0.0,mL/h
2.6667,pH,6.504,-
2.6667,temp,30.018,degC
2.6833,DO,99.378,%
2.6833,feed_rate,0.0,mL/h
2.6833,pH,6.476,-
2.6833,temp,30.03,degC
2.7,DO,98.694,%
2.7,feed_rate,0.0,mL/h
2.7,pH,6.476,-
2.7,temp,29.934,degC
2.7167,DO,98.848,%
2.7167,feed_rate,0.0,mL/h
2.7167,pH,6.513,-
2.7167,temp,29.951,degC
2.7333,DO,99.137,%
2.7333,feed_rate,0.0,mL/h
2.7333,pH,6.495,-
2.7333,temp,30.049,degC
2.75,DO,99.054,%
2.75,feed_rate,0.0,mL/h
2.75,pH,6.486,-
2.75,temp,30.025,degC
2.7667,DO,98.827,%
2.7667,feed_rate,0.0,mL/h
2.7667,pH,6.483,-
2.7667,temp,29.972,degC
2.7833,DO,99.027,%
2.7833,feed_rate,0.0,mL/h
2.7833,pH,6.462,-
2.7833,temp,30.007,degC
2.8,DO,99.603,%
2.8,feed_rate,0.0,mL/h
2.8,pH,6.497,-
2.8,temp,30.05,degC
2.8167,DO,99.538,%
2.8167,feed_rate,0.0,mL/h
2.8167,pH,6.467,-
2.8167,temp,30.048,degC
2.8333,DO,99.086,%
2.8333,feed_rate,0.0,mL/h
2.8333,pH,6.468,-
2.8333,temp,29.9,degC
2.85,DO,99.494,%
2.85,feed_rate,0.0,mL/h
2.85,pH,6.487,-
2.85,temp,29.977,degC
2.8667,DO,98.821,%
2.8667,feed_rate,0.0,mL/h
2.8667,pH,6.503,-
2.8667,temp,30.086,degC
2.8833,DO,98.997,%
2.8833,feed_rate,0.0,mL/h
2.8833,pH,6.484,-
2.8833,temp,29.984,degC
2.9,DO,98.811,%
2.9,feed_rate,0.0,mL/h
2.9,pH,6.491,-
2.9,temp,29.981,degC
2.9167,DO,99.114,%
2.9167,feed_rate,0.0,mL/h
2.9167,pH,6.483,-
2.9167,temp,30.01,degC
2.9333,DO,98.822,%
2.9333,feed_rate,0.0,mL/h
2.9333,pH,6.492,-
2.9333,temp,30.02,degC
2.95,DO,99.239,%
2.95,feed_rate,0.0,mL/h
2.95,pH,6.47,-
2.95,temp,30.015,degC
2.9667,DO,99.264,%
2.9667,feed_rate,0.0,mL/h
2.9667,pH,6.509,-
2.9667,temp,30.022,degC
2.9833,DO,98.675,%
2.9833,feed_rate,0.0,mL/h
2.9833,pH,6.477,-
2.9833,temp,29.964,degC
3.0,DO,98.129,%
3.0,feed_rate,0.0,mL/h
3.0,pH,6.493,-
3.0,temp,30.024,degC
3.0167,DO,98.188,%
3.0167,feed_rate,0.0,mL/h
3.0167,pH,6.466,-
3.0167,temp,30.042,degC
3.0333,DO,98.717,%
3.0333,feed_rate,0.0,mL/h
3.0333,pH,6.505,-
3.0333,temp,30.008,degC
3.05,DO,98.788,%
3.05,feed_rate,0.0,mL/h
3.05,pH,6.491,-
3.05,temp,29.995,degC
3.0667,DO,98.827,%
3.0667,feed_rate,0.0,mL/h
3.0667,pH,6.507,-
3.0667,temp,29.968,degC
3.0833,DO,98.765,%
3.0833,feed_rate,0.0,mL/h
3.0833,pH,6.48,-
3.0833,temp,30.011,degC
3.1,DO,99.007,%
3.1,feed_rate,0.0,mL/h
3.1,pH,6.497,-
3.1,temp,29.942,degC
3.1167,DO,99.091,%
3.1167,feed_rate,0.0,mL/h
3.1167,pH,6.485,-
3.1167,temp,29.979,degC
3.1333,DO,99.128,%
3.1333,feed_rate,0.0,mL/h
3.1333,pH,6.486,-
3.1333,temp,29.993,degC
3.15,DO,98.777,%
3.15,feed_rate,0.0,mL/h
3.15,pH,6.5,-
3.15,temp,29.887,degC
3.1667,DO,99.146,%
3.1667,feed_rate,0.0,mL/h
3.1667,pH,6.477,-
3.1667,temp,30.012,degC
3.1833,DO,99.493,%
3.1833,feed_rate,0.0,mL/h
3.1833,pH,6.494,-
3.1833,temp,29.924,degC
3.2,DO,98.97,%
3.2,feed_rate,0.0,mL/h
3.2,pH,6.506,-
3.2,temp,29.956,degC
3.2167,DO,99.631,%
3.2167,feed_rate,0.0,mL/h
3.2167,pH,6.504,-
3.2167,temp,29.955,degC
3.2333,DO,99.685,%
3.2333,feed_rate,0.0,mL/h
3.2333,pH,6.497,-
3.2333,temp,29.979,degC
3.25,DO,99.364,%
3.25,feed_rate,0.0,mL/h
3.25,pH,6.49,-
3.25,temp,29.987,degC
3.2667,DO,98.681,%
3.2667,feed_rate,0.0,mL/h
3.2667,pH,6.476,-
3.2667,temp,30.025,degC
3.2833,DO,98.901,%
3.2833,feed_rate,0.0,mL/h
3.2833,pH,6.501,-
3.2833,temp,29.943,degC
3.3,DO,99.046,%
3.3,feed_rate,0.0,mL/h
3.3,pH,6.479,-
3.3,temp,29.976,degC
3.3167,DO,98.815,%
3.3167,feed_rate,0.0,mL/h
3.3167,pH,6.498,-
3.3167,temp,30.016,degC
3.3333,DO,98.271,%
3.3333,feed_rate,0.0,mL/h
3.3333,pH,6.483,-
3.3333,temp,29.968,degC
3.35,DO,98.708,%
3.35,feed_rate,0.0,mL/h
3.35,pH,6.486,-
3.35,temp,29.96,degC
3.3667,DO,98.543,%
3.3667,feed_rate,0.0,mL/h
3.3667,pH,6.486,-
3.3667,temp,30.007,degC
3.3833,DO,98.444,%
3.3833,feed_rate,0.0,mL/h
3.3833,pH,6.492,-
3.3833,temp,30.029,degC
3.4,DO,99.36,%
3.4,feed_rate,0.0,mL/h
3.4,pH,6.481,-
3.4,temp,30.022,degC
3.4167,DO,99.875,%
3.4167,feed_rate,0.0,mL/h
3.4167,pH,6.488,-
3.4167,temp,29.931,degC
3.4333,DO,99.934,%
3.4333,feed_rate,0.0,mL/h
3.4333,pH,6.48,-
3.4333,temp,30.002,degC
3.45,DO,99.556,%
3.45,feed_rate,0.0,mL/h
3.45,pH,6.491,-
3.45,temp,29.994,degC
3.4667,DO,99.585,%
3.4667,feed_rate,0.0,mL/h
3.4667,pH,6.489,-
3.4667,temp,30.08,degC
3.4833,DO,98.727,%
3.4833,feed_rate,0.0,mL/h
3.4833,pH,6.49,-
3.4833,temp,29.994,degC
3.5,DO,98.756,%
3.5,feed_rate,0.0,mL/h
3.5,pH,6.477,-
3.5,temp,29.982,degC
3.5167,DO,98.517,%
3.5167,feed_rate,0.0,mL/h
3.5167,pH,6.489,-
3.5167,temp,30.065,degC
3.5333,DO,98.167,%
3.5333,feed_rate,0.0,mL/h
3.5333,pH,6.486,-
3.5333,temp,29.96,degC
3.55,DO,97.797,%
3.55,feed_rate,0.0,mL/h
3.55,pH,6.491,-
3.55,temp,30.058,degC
3.5667,DO,98.131,%
3.5667,feed_rate,0.0,mL/h
3.5667,pH,6.486,-
3.5667,temp,30.058,degC
3.5833,DO,98.267,%
3.5833,feed_rate,0.0,mL/h
3.5833,pH,6.475,-
3.5833,temp,29.992,degC
3.6,DO,98.395,%
3.6,feed_rate,0.0,mL/h
3.6,pH,6.493,-
3.6,temp,30.011,degC
3.6167,DO,98.701,%
3.6167,feed_rate,0.0,mL/h
3.6167,pH,6.478,-
3.6167,temp,30.029,degC
3.6333,DO,98.438,%
3.6333,feed_rate,0.0,mL/h
3.6333,pH,6.488,-
3.6333,temp,30.107,degC
3.65,DO,98.109,%
3.65,feed_rate,0.0,mL/h
3.65,pH,6.464,-
3.65,temp,30.011,degC
3.6667,DO,97.682,%
3.6667,feed_rate,0.0,mL/h
3.6667,pH,6.49,-
3.6667,temp,29.981,degC
3.6833,DO,97.771,%
3.6833,feed_rate,0.0,mL/h
3.6833,pH,6.492,-
3.6833,temp,30.034,degC
3.7,DO,98.17,%
3.7,feed_rate,0.0,mL/h
3.7,pH,6.475,-
3.7,temp,30.007,degC
3.7167,DO,98.214,%
3.7167,feed_rate,0.0,mL/h
3.7167,pH,6.491,-
3.7167,temp,29.964,degC
3.7333,DO,98.486,%
3.7333,feed_rate,0.0,mL/h
3.7333,pH,6.481,-
3.7333,temp,30.004,degC
3.75,DO,98.155,%
3.75,feed_rate,0.0,mL/h
3.75,pH,6.499,-
3.75,temp,30.022,degC
3.7667,DO,98.102,%
3.7667,feed_rate,0.0,mL/h
3.7667,pH,6.491,-
3.7667,temp,30.062,degC
3.7833,DO,97.969,%
3.7833,feed_rate,0.0,mL/h
3.7833,pH,6.472,-
3.7833,temp,30.031,degC
3.8,DO,97.716,%
3.8,feed_rate,0.0,mL/h
3.8,pH,6.482,-
3.8,temp,30.03,degC
3.8167,DO,98.445,%
3.8167,feed_rate,0.0,mL/h
3.8167,pH,6.466,-
3.8167,temp,29.976,degC
3.8333,DO,98.725,%
3.8333,feed_rate,0.0,mL/h
3.8333,pH,6.481,-
3.8333,temp,30.053,degC
3.85,DO,98.462,%
3.85,feed_rate,0.0,mL/h
3.85,pH,6.49,-
3.85,temp,29.969,degC
3.8667,DO,98.25,%
3.8667,feed_rate,0.0,mL/h
3.8667,pH,6.492,-
3.8667,temp,29.967,degC
3.8833,DO,98.291,%
3.8833,feed_rate,0.0,mL/h
3.8833,pH,6.483,-
3.8833,temp,29.979,degC
3.9,DO,97.906,%
3.9,feed_rate,0.0,mL/h
3.9,pH,6.481,-
3.9,temp,29.962,degC
3.9167,DO,98.161,%
3.9167,feed_rate,0.0,mL/h
3.9167,pH,6.485,-
3.9167,temp,30.007,degC
3.9333,DO,97.844,%
3.9333,feed_rate,0.0,mL/h
3.9333,pH,6.478,-
3.9333,temp,30.035,degC
3.95,DO,97.866,%
3.95,feed_rate,0.0,mL/h
3.95,pH,6.487,-
3.95,temp,30.005,degC
3.9667,DO,97.685,%
3.9667,feed_rate,0.0,mL/h
3.9667,pH,6.495,-
3.9667,temp,29.983,degC
3.9833,DO,97.703,%
3.9833,feed_rate,0.0,mL/h
3.9833,pH,6.486,-
3.9833,temp,30.014,degC
4.0,DO,97.46,%
4.0,feed_rate,0.0,mL/h
4.0,pH,6.492,-
4.0,temp,29.977,degC
4.0167,DO,97.191,%
4.0167,feed_rate,0.0,mL/h
4.0167,pH,6.476,-
4.0167,temp,30.05,degC
4.0333,DO,97.157,%
4.0333,feed_rate,0.0,mL/h
4.0333,pH,6.478,-
4.0333,temp,30.074,degC
4.05,DO,97.213,%
4.05,feed_rate,0.0,mL/h
4.05,pH,6.487,-
4.05,temp,29.99,degC
4.0667,DO,97.372,%
4.0667,feed_rate,0.0,mL/h
4.0667,pH,6.504,-
4.0667,temp,29.987,degC
4.0833,DO,97.607,%
4.0833,feed_rate,0.0,mL/h
4.0833,pH,6.494,-
4.0833,temp,30.051,degC
4.1,DO,98.231,%
4.1,feed_rate,0.0,mL/h
4.1,pH,6.501,-
4.1,temp,30.114,degC
4.1167,DO,98.514,%
4.1167,feed_rate,0.0,mL/h
4.1167,pH,6.484,-
4.1167,temp,29.992,degC
4.1333,DO,98.419,%
4.1333,feed_rate,0.0,mL/h
4.1333,pH,6.496,-
4.1333,temp,30.07,degC
4.15,DO,98.635,%
4.15,feed_rate,0.0,mL/h
4.15,pH,6.466,-
4.15,temp,30.029,degC
4.1667,DO,98.381,%
4.1667,feed_rate,0.0,mL/h
4.1667,pH,6.488,-
4.1667,temp,29.961,degC
4.1833,DO,98.818,%
4.1833,feed_rate,0.0,mL/h
4.1833,pH,6.462,-
4.1833,temp,30.004,degC
4.2,DO,98.896,%
4.2,feed_rate,0.0,mL/h
4.2,pH,6.496,-
4.2,temp,30.022,degC
4.2167,DO,98.385,%
4.2167,feed_rate,0.0,mL/h
4.2167,pH,6.488,-
4.2167,temp,29.984,degC
4.2333,DO,98.608,%
4.2333,feed_rate,0.0,mL/h
4.2333,pH,6.495,-
4.2333,temp,30.098,degC
4.25,DO,98.803,%
4.25,feed_rate,0.0,mL/h
4.25,pH,6.487,-
4.25,temp,29.887,degC
4.2667,DO,97.906,%
4.2667,feed_rate,0.0,mL/h
4.2667,pH,6.478,-
4.2667,temp,29.977,degC
4.2833,DO,97.769,%
4.2833,feed_rate,0.0,mL/h
4.2833,pH,6.475,-
4.2833,temp,29.975,degC
4.3,DO,97.739,%
4.3,feed_rate,0.0,mL/h
4.3,pH,6.485,-
4.3,temp,29.964,degC
4.3167,DO,97.277,%
4.3167,feed_rate,0.0,mL/h
4.3167,pH,6.498,-
4.3167,temp,29.967,degC
4.3333,DO,97.164,%
4.3333,feed_rate,0.0,mL/h
4.3333,pH,6.489,-
4.3333,temp,30.003,degC
4.35,DO,97.108,%
4.35,feed_rate,0.0,mL/h
4.35,pH,6.477,-
4.35,temp,30.025,degC
4.3667,DO,97.497,%
4.3667,feed_rate,0.0,mL/h
4.3667,pH,6.477,-
4.3667,temp,30.005,degC
4.3833,DO,97.745,%
4.3833,feed_rate,0.0,mL/h
4.3833,pH,6.475,-
4.3833,temp,30.033,degC
4.4,DO,98.639,%
4.4,feed_rate,0.0,mL/h
4.4,pH,6.48,-
4.4,temp,29.993,degC
4.4167,DO,98.447,%
4.4167,feed_rate,0.0,mL/h
4.4167,pH,6.481,-
4.4167,temp,29.95,degC
4.4333,DO,98.755,%
4.4333,feed_rate,0.0,mL/h
4.4333,pH,6.477,-
4.4333,temp,29.967,degC
4.45,DO,98.677,%
4.45,feed_rate,0.0,mL/h
4.45,pH,6.482,-
4.45,temp,30.061,degC
4.4667,DO,98.671,%
4.4667,feed_rate,0.0,mL/h
4.4667,pH,6.466,-
4.4667,temp,29.972,degC
4.4833,DO,98.235,%
4.4833,feed_rate,0.0,mL/h
4.4833,pH,6.498,-
4.4833,temp,29.979,degC
4.5,DO,97.659,%
4.5,feed_rate,0.0,mL/h
4.5,pH,6.485,-
4.5,temp,30.019,degC
4.5167,DO,97.539,%
4.5167,feed_rate,0.0,mL/h
4.5167,pH,6.497,-
4.5167,temp,30.029,degC
4.5333,DO,97.9,%
4.5333,feed_rate,0.0,mL/h
4.5333,pH,6.485,-
4.5333,temp,29.997,degC
4.55,DO,98.433,%
4.55,feed_rate,0.0,mL/h
4.55,pH,6.48,-
4.55,temp,30.04,degC
4.5667,DO,98.564,%
4.5667,feed_rate,0.0,mL/h
4.5667,pH,6.483,-
4.5667,temp,30.07,degC
4.5833,DO,98.636,%
4.5833,feed_rate,0.0,mL/h
4.5833,pH,6.484,-
4.5833,temp,30.081,degC
4.6,DO,98.289,%
4.6,feed_rate,0.0,mL/h
4.6,pH,6.475,-
4.6,temp,30.01,degC
4.6167,DO,98.722,%
4.6167,feed_rate,0.0,mL/h
4.6167,pH,6.478,-
4.6167,temp,29.935,degC
4.6333,DO,99.01,%
4.6333,feed_rate,0.0,mL/h
4.6333,pH,6.501,-
4.6333,temp,29.949,degC
4.65,DO,98.675,%
4.65,feed_rate,0.0,mL/h
4.65,pH,6.491,-
4.65,temp,29.949,degC
4.6667,DO,98.551,%
4.6667,feed_rate,0.0,mL/h
4.6667,pH,6.476,-
4.6667,temp,30.015,degC
4.6833,DO,98.165,%
4.6833,feed_rate,0.0,mL/h
4.6833,pH,6.487,-
4.6833,temp,30.06,degC
4.7,DO,98.592,%
4.7,feed_rate,0.0,mL/h
4.7,pH,6.473,-
4.7,temp,30.024,degC
4.7167,DO,98.615,%
4.7167,feed_rate,0.0,mL/h
4.7167,pH,6.496,-
4.7167,temp,30.045,degC
4.7333,DO,98.48,%
4.7333,feed_rate,0.0,mL/h
4.7333,pH,6.471,-
4.7333,temp,30.149,degC
4.75,DO,98.52,%
4.75,feed_rate,0.0,mL/h
4.75,pH,6.49,-
4.75,temp,29.942,degC
4.7667,DO,98.561,%
4.7667,feed_rate,0.0,mL/h
4.7667,pH,6.481,-
4.7667,temp,30.066,degC
4.7833,DO,98.336,%
4.7833,feed_rate,0.0,mL/h
4.7833,pH,6.481,-
4.7833,temp,30.0,degC
4.8,DO,97.905,%
4.8,feed_rate,0.0,mL/h
4.8,pH,6.473,-
4.8,temp,29.971,degC
4.8167,DO,97.545,%
4.8167,feed_rate,0.0,mL/h
4.8167,pH,6.478,-
4.8167,temp,29.982,degC
4.8333,DO,97.119,%
4.8333,feed_rate,0.0,mL/h
4.8333,pH,6.473,-
4.8333,temp,29.986,degC
4.85,DO,97.435,%
4.85,feed_rate,0.0,mL/h
4.85,pH,6.472,-
4.85,temp,30.097,degC
4.8667,DO,98.214,%
4.8667,feed_rate,0.0,mL/h
4.8667,pH,6.485,-
4.8667,temp,30.022,degC
4.8833,DO,97.659,%
4.8833,feed_rate,0.0,mL/h
4.8833,pH,6.506,-
4.8833,temp,30.07,degC
4.9,DO,97.764,%
4.9,feed_rate,0.0,mL/h
4.9,pH,6.477,-
4.9,temp,29.937,degC
4.9167,DO,97.928,%
4.9167,feed_rate,0.0,mL/h
4.9167,pH,6.491,-
4.9167,temp,30.077,degC
4.9333,DO,97.639,%
4.9333,feed_rate,0.0,mL/h
4.9333,pH,6.48,-
4.9333,temp,30.025,degC
4.95,DO,97.762,%
4.95,feed_rate,0.0,mL/h
4.95,pH,6.473,-
4.95,temp,30.049,degC
4.9667,DO,97.467,%
4.9667,feed_rate,0.0,mL/h
4.9667,pH,6.494,-
4.9667,temp,29.957,degC
4.9833,DO,97.919,%
4.9833,feed_rate,0.0,mL/h
4.9833,pH,6.487,-
4.9833,temp,30.031,degC
5.0,DO,97.739,%
5.0,feed_rate,0.0,mL/h
5.0,pH,6.492,-
5.0,temp,30.009,degC
5.0167,DO,97.802,%
5.0167,feed_rate,0.0,mL/h
5.0167,pH,6.481,-
5.0167,temp,29.992,degC
5.0333,DO,98.025,%
5.0333,feed_rate,0.0,mL/h
5.0333,pH,6.482,-
5.0333,temp,30.004,degC
5.05,DO,97.867,%
5.05,feed_rate,0.0,mL/h
5.05,pH,6.472,-
5.05,temp,30.012,degC
5.0667,DO,97.33,%
5.0667,feed_rate,0.0,mL/h
5.0667,pH,6.477,-
5.0667,temp,30.02,degC
5.0833,DO,97.276,%
5.0833,feed_rate,0.0,mL/h
5.0833,pH,6.497,-
5.0833,temp,29.963,degC
5.1,DO,97.619,%
5.1,feed_rate,0.0,mL/h
5.1,pH,6.457,-
5.1,temp,30.041,degC
5.1167,DO,97.637,%
5.1167,feed_rate,0.0,mL/h
5.1167,pH,6.484,-
5.1167,temp,29.941,degC
5.1333,DO,97.743,%
5.1333,feed_rate,0.0,mL/h
5.1333,pH,6.495,-
5.1333,temp,29.953,degC
5.15,DO,97.433,%
5.15,feed_rate,0.0,mL/h
5.15,pH,6.488,-
5.15,temp,29.919,degC
5.1667,DO,97.549,%
5.1667,feed_rate,0.0,mL/h
5.1667,pH,6.489,-
5.1667,temp,29.866,degC
5.1833,DO,97.815,%
5.1833,feed_rate,0.0,mL/h
5.1833,pH,6.477,-
5.1833,temp,30.087,degC
5.2,DO,97.819,%
5.2,feed_rate,0.0,mL/h
5.2,pH,6.491,-
5.2,temp,30.087,degC
5.2167,DO,98.38,%
5.2167,feed_rate,0.0,mL/h
5.2167,pH,6.491,-
5.2167,temp,29.976,degC
5.2333,DO,98.192,%
5.2333,feed_rate,0.0,mL/h
5.2333,pH,6.479,-
5.2333,temp,29.979,degC
5.25,DO,97.79,%
5.25,feed_rate,0.0,mL/h
5.25,pH,6.496,-
5.25,temp,29.955,degC
5.2667,DO,97.292,%
5.2667,feed_rate,0.0,mL/h
5.2667,pH,6.474,-
5.2667,temp,30.002,degC
5.2833,DO,97.723,%
5.2833,feed_rate,0.0,mL/h
5.2833,pH,6.454,-
5.2833,temp,29.998,degC
5.3,DO,97.702,%
5.3,feed_rate,0.0,mL/h
5.3,pH,6.479,-
5.3,temp,29.945,degC
5.3167,DO,98.004,%
5.3167,feed_rate,0.0,mL/h
5.3167,pH,6.478,-
5.3167,temp,29.996,degC
5.3333,DO,98.076,%
5.3333,feed_rate,0.0,mL/h
5.3333,pH,6.47,-
5.3333,temp,29.931,degC
5.35,DO,98.482,%
5.35,feed_rate,0.0,mL/h
5.35,pH,6.474,-
5.35,temp,29.988,degC
5.3667,DO,98.697,%
5.3667,feed_rate,0.0,mL/h
5.3667,pH,6.473,-
5.3667,temp,30.056,degC
5.3833,DO,98.373,%
5.3833,feed_rate,0.0,mL/h
5.3833,pH,6.46,-
5.3833,temp,30.034,degC
5.4,DO,98.307,%
5.4,feed_rate,0.0,mL/h
5.4,pH,6.491,-
5.4,temp,30.011,degC
5.4167,DO,98.495,%
5.4167,feed_rate,0.0,mL/h
5.4167,pH,6.479,-
5.4167,temp,29.986,degC
5.4333,DO,97.947,%
5.4333,feed_rate,0.0,mL/h
5.4333,pH,6.506,-
5.4333,temp,30.097,degC
5.45,DO,98.311,%
5.45,feed_rate,0.0,mL/h
5.45,pH,6.478,-
5.45,temp,29.989,degC
5.4667,DO,98.529,%
5.4667,feed_rate,0.0,mL/h
5.4667,pH,6.482,-
5.4667,temp,29.892,degC
5.4833,DO,98.632,%
5.4833,feed_rate,0.0,mL/h
5.4833,pH,6.463,-
5.4833,temp,29.984,degC
5.5,DO,98.356,%
5.5,feed_rate,0.0,mL/h
5.5,pH,6.489,-
5.5,temp,29.886,degC
5.5167,DO,98.284,%
5.5167,feed_rate,0.0,mL/h
5.5167,pH,6.467,-
5.5167,temp,29.997,degC
5.5333,DO,97.798,%
5.5333,feed_rate,0.0,mL/h
5.5333,pH,6.484,-
5.5333,temp,29.989,degC
5.55,DO,97.759,%
5.55,feed_rate,0.0,mL/h
5.55,pH,6.487,-
5.55,temp,30.072,degC
5.5667,DO,97.532,%
5.5667,feed_rate,0.0,mL/h
5.5667,pH,6.486,-
5.5667,temp,30.068,degC
5.5833,DO,97.55,%
5.5833,feed_rate,0.0,mL/h
5.5833,pH,6.47,-
5.5833,temp,29.985,degC
5.6,DO,97.387,%
5.6,feed_rate,0.0,mL/h
5.6,pH,6.47,-
5.6,temp,29.99,degC
5.6167,DO,97.488,%
5.6167,feed_rate,0.0,mL/h
5.6167,pH,6.485,-
5.6167,temp,30.036,degC
5.6333,DO,97.834,%
5.6333,feed_rate,0.0,mL/h
5.6333,pH,6.49,-
5.6333,temp,29.948,degC
5.65,DO,97.362,%
5.65,feed_rate,0.0,mL/h
5.65,pH,6.492,-
5.65,temp,29.961,degC
5.6667,DO,97.652,%
5.6667,feed_rate,0.0,mL/h
5.6667,pH,6.477,-
5.6667,temp,30.072,degC
5.6833,DO,97.006,%
5.6833,feed_rate,0.0,mL/h
5.6833,pH,6.477,-
5.6833,temp,29.95,degC
5.7,DO,96.436,%
5.7,feed_rate,0.0,mL/h
5.7,pH,6.496,-
5.7,temp,30.011,degC
5.7167,DO,96.59,%
5.7167,feed_rate,0.0,mL/h
5.7167,pH,6.471,-
5.7167,temp,30.122,degC
5.7333,DO,96.748,%
5.7333,feed_rate,0.0,mL/h
5.7333,pH,6.485,-
5.7333,temp,29.982,degC
5.75,DO,97.002,%
5.75,feed_rate,0.0,mL/h
5.75,pH,6.474,-
5.75,temp,30.097,degC
5.7667,DO,96.576,%
5.7667,feed_rate,0.0,mL/h
5.7667,pH,6.463,-
5.7667,temp,29.936,degC
5.7833,DO,96.709,%
5.7833,feed_rate,0.0,mL/h
5.7833,pH,6.466,-
5.7833,temp,29.959,degC
5.8,DO,96.868,%
5.8,feed_rate,0.0,mL/h
5.8,pH,6.482,-
5.8,temp,30.07,degC
5.8167,DO,97.331,%
5.8167,feed_rate,0.0,mL/h
5.8167,pH,6.479,-
5.8167,temp,30.038,degC
5.8333,DO,97.291,%
5.8333,feed_rate,0.0,mL/h
5.8333,pH,6.482,-
5.8333,temp,30.004,degC
5.85,DO,97.446,%
5.85,feed_rate,0.0,mL/h
5.85,pH,6.473,-
5.85,temp,29.998,degC
5.8667,DO,97.115,%
5.8667,feed_rate,0.0,mL/h
5.8667,pH,6.472,-
5.8667,temp,30.056,degC
5.8833,DO,97.084,%
5.8833,feed_rate,0.0,mL/h
5.8833,pH,6.48,-
5.8833,temp,30.096,degC
5.9,DO,96.98,%
5.9,feed_rate,0.0,mL/h
5.9,pH,6.475,-
5.9,temp,29.945,degC
5.9167,DO,97.238,%
5.9167,feed_rate,0.0,mL/h
5.9167,pH,6.46,-
5.9167,temp,29.984,degC
5.9333,DO,96.934,%
5.9333,feed_rate,0.0,mL/h
5.9333,pH,6.472,-
5.9333,temp,30.05,degC
5.95,DO,96.734,%
5.95,feed_rate,0.0,mL/h
5.95,pH,6.493,-
5.95,temp,29.988,degC
5.9667,DO,96.994,%
5.9667,feed_rate,0.0,mL/h
5.9667,pH,6.469,-
5.9667,temp,30.051,degC
5.9833,DO,97.563,%
5.9833,feed_rate,0.0,mL/h
5.9833,pH,6.482,-
5.9833,temp,29.957,degC
6.0,DO,97.594,%
6.0,feed_rate,0.0,mL/h
6.0,pH,6.475,-
6.0,temp,30.073,degC
6.0167,DO,97.591,%
6.0167,feed_rate,0.0,mL/h
6.0167,pH,6.483,-
6.0167,temp,30.042,degC
6.0333,DO,97.391,%
6.0333,feed_rate,0.0,mL/h
6.0333,pH,6.467,-
6.0333,temp,30.018,degC
6.05,DO,97.659,%
6.05,feed_rate,0.0,mL/h
6.05,pH,6.463,-
6.05,temp,30.023,degC
6.0667,DO,97.705,%
6.0667,feed_rate,0.0,mL/h
6.0667,pH,6.48,-
6.0667,temp,30.085,degC
6.0833,DO,98.098,%
6.0833,feed_rate,0.0,mL/h
6.0833,pH,6.469,-
6.0833,temp,29.947,degC
6.1,DO,97.987,%
6.1,feed_rate,0.0,mL/h
6.1,pH,6.475,-
6.1,temp,30.021,degC
6.1167,DO,97.512,%
6.1167,feed_rate,0.0,mL/h
6.1167,pH,6.473,-
6.1167,temp,29.963,degC
6.1333,DO,97.243,%
6.1333,feed_rate,0.0,mL/h
6.1333,pH,6.485,-
6.1333,temp,29.962,degC
6.15,DO,96.899,%
6.15,feed_rate,0.0,mL/h
6.15,pH,6.478,-
6.15,temp,30.076,degC
6.1667,DO,96.542,%
6.1667,feed_rate,0.0,mL/h
6.1667,pH,6.477,-
6.1667,temp,30.028,degC
6.1833,DO,97.007,%
6.1833,feed_rate,0.0,mL/h
6.1833,pH,6.466,-
6.1833,temp,30.016,degC
6.2,DO,97.24,%
6.2,feed_rate,0.0,mL/h
6.2,pH,6.46,-
6.2,temp,30.041,degC
6.2167,DO,96.809,%
6.2167,feed_rate,0.0,mL/h
6.2167,pH,6.467,-
6.2167,temp,29.98,degC
6.2333,DO,97.367,%
6.2333,feed_rate,0.0,mL/h
6.2333,pH,6.484,-
6.2333,temp,30.066,degC
6.25,DO,97.349,%
6.25,feed_rate,0.0,mL/h
6.25,pH,6.482,-
6.25,temp,29.984,degC
6.2667,DO,96.971,%
6.2667,feed_rate,0.0,mL/h
6.2667,pH,6.481,-
6.2667,temp,30.037,degC
6.2833,DO,97.068,%
6.2833,feed_rate,0.0,mL/h
6.2833,pH,6.471,-
6.2833,temp,30.01,degC
6.3,DO,97.006,%
6.3,feed_rate,0.0,mL/h
6.3,pH,6.465,-
6.3,temp,30.052,degC
6.3167,DO,96.742,%
6.3167,feed_rate,0.0,mL/h
6.3167,pH,6.486,-
6.3167,temp,29.961,degC
6.3333,DO,96.177,%
6.3333,feed_rate,0.0,mL/h
6.3333,pH,6.477,-
6.3333,temp,30.044,degC
6.35,DO,96.315,%
6.35,feed_rate,0.0,mL/h
6.35,pH,6.48,-
6.35,temp,30.046,degC
6.3667,DO,96.499,%
6.3667,feed_rate,0.0,mL/h
6.3667,pH,6.465,-
6.3667,temp,30.011,degC
6.3833,DO,95.782,%
6.3833,feed_rate,0.0,mL/h
6.3833,pH,6.468,-
6.3833,temp,29.98,degC
6.4,DO,96.144,%
6.4,feed_rate,0.0,mL/h
6.4,pH,6.481,-
6.4,temp,29.952,degC
6.4167,DO,96.45,%
6.4167,feed_rate,0.0,mL/h
6.4167,pH,6.482,-
6.4167,temp,29.983,degC
6.4333,DO,96.365,%
6.4333,feed_rate,0.0,mL/h
6.4333,pH,6.464,-
6.4333,temp,30.022,degC
6.45,DO,96.469,%
6.45,feed_rate,0.0,mL/h
6.45,pH,6.477,-
6.45,temp,29.98,degC
6.4667,DO,96.43,%
6.4667,feed_rate,0.0,mL/h
6.4667,pH,6.462,-
6.4667,temp,29.922,degC
6.4833,DO,96.229,%
6.4833,feed_rate,0.0,mL/h
6.4833,pH,6.486,-
6.4833,temp,30.035,degC
6.5,DO,96.207,%
6.5,feed_rate,0.0,mL/h
6.5,pH,6.481,-
6.5,temp,30.029,degC
6.5167,DO,96.7,%
6.5167,feed_rate,0.0,mL/h
6.5167,pH,6.497,-
6.5167,temp,29.984,degC
6.5333,DO,96.251,%
6.5333,feed_rate,0.0,mL/h
6.5333,pH,6.489,-
6.5333,temp,29.939,degC
6.55,DO,96.394,%
6.55,feed_rate,0.0,mL/h
6.55,pH,6.467,-
6.55,temp,29.972,degC
6.5667,DO,96.489,%
6.5667,feed_rate,0.0,mL/h
6.5667,pH,6.476,-
6.5667,temp,29.977,degC
6.5833,DO,96.294,%
6.5833,feed_rate,0.0,mL/h
6.5833,pH,6.469,-
6.5833,temp,29.969,degC
6.6,DO,96.215,%
6.6,feed_rate,0.0,mL/h
6.6,pH,6.475,-
6.6,temp,30.01,degC
6.6167,DO,95.86,%
6.6167,feed_rate,0.0,mL/h
6.6167,pH,6.481,-
6.6167,temp,29.903,degC
6.6333,DO,95.737,%
6.6333,feed_rate,0.0,mL/h
6.6333,pH,6.473,-
6.6333,temp,30.002,degC
6.65,DO,95.895,%
6.65,feed_rate,0.0,mL/h
6.65,pH,6.474,-
6.65,temp,29.983,degC
6.6667,DO,96.111,%
6.6667,feed_rate,0.0,mL/h
6.6667,pH,6.46,-
6.6667,temp,30.042,degC
6.6833,DO,95.913,%
6.6833,feed_rate,0.0,mL/h
6.6833,pH,6.479,-
6.6833,temp,29.955,degC
6.7,DO,96.938,%
6.7,feed_rate,0.0,mL/h
6.7,pH,6.473,-
6.7,temp,29.993,degC
6.7167,DO,96.665,%
6.7167,feed_rate,0.0,mL/h
6.7167,pH,6.479,-
6.7167,temp,29.982,degC
6.7333,DO,96.653,%
6.7333,feed_rate,0.0,mL/h
6.7333,pH,6.483,-
6.7333,temp,29.899,degC
6.75,DO,96.533,%
6.75,feed_rate,0.0,mL/h
6.75,pH,6.473,-
6.75,temp,30.112,degC
6.7667,DO,96.382,%
6.7667,feed_rate,0.0,mL/h
6.7667,pH,6.48,-
6.7667,temp,29.985,degC
6.7833,DO,96.768,%
6.7833,feed_rate,0.0,mL/h
6.7833,pH,6.467,-
6.7833,temp,30.023,degC
6.8,DO,96.538,%
6.8,feed_rate,0.0,mL/h
6.8,pH,6.482,-
6.8,temp,30.004,degC
6.8167,DO,96.895,%
6.8167,feed_rate,0.0,mL/h
6.8167,pH,6.473,-
6.8167,temp,29.991,degC
6.8333,DO,97.119,%
6.8333,feed_rate,0.0,mL/h
6.8333,pH,6.467,-
6.8333,temp,29.996,degC
6.85,DO,96.639,%
6.85,feed_rate,0.0,mL/h
6.85,pH,6.47,-
6.85,temp,29.902,degC
6.8667,DO,96.875,%
6.8667,feed_rate,0.0,mL/h
6.8667,pH,6.458,-
6.8667,temp,30.018,degC
6.8833,DO,96.554,%
6.8833,feed_rate,0.0,mL/h
6.8833,pH,6.466,-
6.8833,temp,29.973,degC
6.9,DO,97.309,%
6.9,feed_rate,0.0,mL/h
6.9,pH,6.468,-
6.9,temp,29.988,degC
6.9167,DO,96.973,%
6.9167,feed_rate,0.0,mL/h
6.9167,pH,6.473,-
6.9167,temp,30.056,degC
6.9333,DO,96.534,%
6.9333,feed_rate,0.0,mL/h
6.9333,pH,6.471,-
6.9333,temp,30.002,degC
6.95,DO,95.888,%
6.95,feed_rate,0.0,mL/h
6.95,pH,6.466,-
6.95,temp,30.099,degC
6.9667,DO,95.552,%
6.9667,feed_rate,0.0,mL/h
6.9667,pH,6.47,-
6.9667,temp,30.063,degC
6.9833,DO,95.494,%
6.9833,feed_rate,0.0,mL/h
6.9833,pH,6.451,-
6.9833,temp,30.033,degC
7.0,DO,95.318,%
7.0,feed_rate,0.0,mL/h
7.0,pH,6.473,-
7.0,temp,30.022,degC
7.0167,DO,95.104,%
7.0167,feed_rate,0.0,mL/h
7.0167,pH,6.477,-
7.0167,temp,29.953,degC
7.0333,DO,95.088,%
7.0333,feed_rate,0.0,mL/h
7.0333,pH,6.48,-
7.0333,temp,30.114,degC
7.05,DO,95.219,%
7.05,feed_rate,0.0,mL/h
7.05,pH,6.482,-
7.05,temp,30.089,degC
7.0667,DO,95.816,%
7.0667,feed_rate,0.0,mL/h
7.0667,pH,6.47,-
7.0667,temp,29.997,degC
7.0833,DO,95.344,%
7.0833,feed_rate,0.0,mL/h
7.0833,pH,6.471,-
7.0833,temp,30.008,degC
7.1,DO,95.308,%
7.1,feed_rate,0.0,mL/h
7.1,pH,6.467,-
7.1,temp,29.929,degC
7.1167,DO,95.154,%
7.1167,feed_rate,0.0,mL/h
7.1167,pH,6.467,-
7.1167,temp,30.065,degC
7.1333,DO,94.859,%
7.1333,feed_rate,0.0,mL/h
7.1333,pH,6.473,-
7.1333,temp,30.019,degC
7.15,DO,94.693,%
7.15,feed_rate,0.0,mL/h
7.15,pH,6.485,-
7.15,temp,30.019,degC
7.1667,DO,94.665,%
7.1667,feed_rate,0.0,mL/h
7.1667,pH,6.454,-
7.1667,temp,29.99,degC
7.1833,DO,95.124,%
7.1833,feed_rate,0.0,mL/h
7.1833,pH,6.466,-
7.1833,temp,29.998,degC
7.2,DO,95.215,%
7.2,feed_rate,0.0,mL/h
7.2,pH,6.474,-
7.2,temp,29.989,degC
7.2167,DO,95.18,%
7.2167,feed_rate,0.0,mL/h
7.2167,pH,6.461,-
7.2167,temp,29.982,degC
7.2333,DO,95.492,%
7.2333,feed_rate,0.0,mL/h
7.2333,pH,6.475,-
7.2333,temp,29.981,degC
7.25,DO,95.639,%
7.25,feed_rate,0.0,mL/h
7.25,pH,6.457,-
7.25,temp,29.977,degC
7.2667,DO,95.601,%
7.2667,feed_rate,0.0,mL/h
7.2667,pH,6.467,-
7.2667,temp,30.094,degC
7.2833,DO,95.748,%
7.2833,feed_rate,0.0,mL/h
7.2833,pH,6.454,-
7.2833,temp,30.121,degC
7.3,DO,95.498,%
7.3,feed_rate,0.0,mL/h
7.3,pH,6.473,-
7.3,temp,29.904,degC
7.3167,DO,95.731,%
7.3167,feed_rate,0.0,mL/h
7.3167,pH,6.463,-
7.3167,temp,29.999,degC
7.3333,DO,95.864,%
7.3333,feed_rate,0.0,mL/h
7.3333,pH,6.477,-
7.3333,temp,29.97,degC
7.35,DO,95.703,%
7.35,feed_rate,0.0,mL/h
7.35,pH,6.467,-
7.35,temp,29.969,degC
7.3667,DO,95.328,%
7.3667,feed_rate,0.0,mL/h
7.3667,pH,6.461,-
7.3667,temp,30.037,degC
7.3833,DO,95.845,%
7.3833,feed_rate,0.0,mL/h
7.3833,pH,6.466,-
7.3833,temp,29.835,degC
7.4,DO,95.826,%
7.4,feed_rate,0.0,mL/h
7.4,pH,6.471,-
7.4,temp,30.04,degC
7.4167,DO,96.694,%
7.4167,feed_rate,0.0,mL/h
7.4167,pH,6.47,-
7.4167,temp,29.903,degC
7.4333,DO,96.273,%
7.4333,feed_rate,0.0,mL/h
7.4333,pH,6.467,-
7.4333,temp,30.008,degC
7.45,DO,96.383,%
7.45,feed_rate,0.0,mL/h
7.45,pH,6.466,-
7.45,temp,29.976,degC
7.4667,DO,96.081,%
7.4667,feed_rate,0.0,mL/h
7.4667,pH,6.47,-
7.4667,temp,29.965,degC
7.4833,DO,96.041,%
7.4833,feed_rate,0.0,mL/h
7.4833,pH,6.478,-
7.4833,temp,29.995,degC
7.5,DO,96.178,%
7.5,feed_rate,0.0,mL/h
7.5,pH,6.464,-
7.5,temp,29.944,degC
7.5167,DO,92.916,%
7.5167,feed_rate,7.194,mL/h
7.5167,pH,6.474,-
7.5167,temp,30.089,degC
7.5333,DO,90.512,%
7.5333,feed_rate,7.194,mL/h
7.5333,pH,6.456,-
7.5333,temp,29.912,degC
7.55,DO,88.662,%
7.55,feed_rate,7.194,mL/h
7.55,pH,6.479,-
7.55,temp,29.917,degC
7.5667,DO,87.163,%
7.5667,feed_rate,7.194,mL/h
7.5667,pH,6.473,-
7.5667,temp,29.989,degC
7.5833,DO,86.105,%
7.5833,feed_rate,7.194,mL/h
7.5833,pH,6.466,-
7.5833,temp,29.998,degC
7.6,DO,85.382,%
7.6,feed_rate,7.194,mL/h
7.6,pH,6.466,-
7.6,temp,30.064,degC
7.6167,DO,84.741,%
7.6167,feed_rate,7.194,mL/h
7.6167,pH,6.452,-
7.6167,temp,29.99,degC
7.6333,DO,84.053,%
7.6333,feed_rate,7.194,mL/h
7.6333,pH,6.47,-
7.6333,temp,29.939,degC
7.65,DO,83.315,%
7.65,feed_rate,7.194,mL/h
7.65,pH,6.467,-
7.65,temp,29.969,degC
7.6667,DO,82.485,%
7.6667,feed_rate,7.194,mL/h
7.6667,pH,6.455,-
7.6667,temp,29.958,degC
7.6833,DO,81.934,%
7.6833,feed_rate,7.194,mL/h
7.6833,pH,6.465,-
7.6833,temp,29.979,degC
7.7,DO,81.551,%
7.7,feed_rate,7.194,mL/h
7.7,pH,6.475,-
7.7,temp,30.023,degC
7.7167,DO,81.603,%
7.7167,feed_rate,7.194,mL/h
7.7167,pH,6.471,-
7.7167,temp,29.982,degC
7.7333,DO,81.326,%
7.7333,feed_rate,7.194,mL/h
7.7333,pH,6.471,-
7.7333,temp,29.965,degC
7.75,DO,80.836,%
7.75,feed_rate,7.194,mL/h
7.75,pH,6.463,-
7.75,temp,30.03,degC
7.7667,DO,81.0,%
7.7667,feed_rate,7.194,mL/h
7.7667,pH,6.477,-
7.7667,temp,29.95,degC
7.7833,DO,80.698,%
7.7833,feed_rate,7.194,mL/h
7.7833,pH,6.468,-
7.7833,temp,29.995,degC
7.8,DO,80.462,%
7.8,feed_rate,7.194,mL/h
7.8,pH,6.477,-
7.8,temp,30.014,degC
7.8167,DO,80.43,%
7.8167,feed_rate,7.194,mL/h
7.8167,pH,6.49,-
7.8167,temp,29.965,degC
7.8333,DO,80.61,%
7.8333,feed_rate,7.194,mL/h
7.8333,pH,6.449,-
7.8333,temp,30.051,degC
7.85,DO,79.883,%
7.85,feed_rate,7.194,mL/h
7.85,pH,6.463,-
7.85,temp,29.987,degC
7.8667,DO,79.683,%
7.8667,feed_rate,7.194,mL/h
7.8667,pH,6.468,-
7.8667,temp,30.088,degC
7.8833,DO,79.908,%
7.8833,feed_rate,7.194,mL/h
7.8833,pH,6.461,-
7.8833,temp,29.986,degC
7.9,DO,79.921,%
7.9,feed_rate,7.194,mL/h
7.9,pH,6.478,-
7.9,temp,29.973,degC
7.9167,DO,79.776,%
7.9167,feed_rate,7.194,mL/h
7.9167,pH,6.465,-
7.9167,temp,29.939,degC
7.9333,DO,79.752,%
7.9333,feed_rate,7.194,mL/h
7.9333,pH,6.485,-
7.9333,temp,30.003,degC
7.95,DO,80.306,%
7.95,feed_rate,7.194,mL/h
7.95,pH,6.475,-
7.95,temp,30.03,degC
7.9667,DO,80.192,%
7.9667,feed_rate,7.194,mL/h
7.9667,pH,6.472,-
7.9667,temp,29.922,degC
7.9833,DO,80.446,%
7.9833,feed_rate,7.194,mL/h
7.9833,pH,6.468,-
7.9833,temp,29.904,degC
8.0,DO,80.668,%
8.0,feed_rate,7.194,mL/h
8.0,pH,6.476,-
8.0,temp,29.933,degC
8.0167,DO,80.467,%
8.0167,feed_rate,7.194,mL/h
8.0167,pH,6.473,-
8.0167,temp,29.997,degC
8.0333,DO,80.57,%
8.0333,feed_rate,7.194,mL/h
8.0333,pH,6.482,-
8.0333,temp,29.996,degC
8.05,DO,80.379,%
8.05,feed_rate,7.194,mL/h
8.05,pH,6.472,-
8.05,temp,29.949,degC
8.0667,DO,80.173,%
8.0667,feed_rate,7.194,mL/h
8.0667,pH,6.478,-
8.0667,temp,29.974,degC
8.0833,DO,79.848,%
8.0833,feed_rate,7.194,mL/h
8.0833,pH,6.472,-
8.0833,temp,29.994,degC
8.1,DO,80.183,%
8.1,feed_rate,7.194,mL/h
8.1,pH,6.471,-
8.1,temp,30.017,degC
8.1167,DO,80.064,%
8.1167,feed_rate,7.194,mL/h
8.1167,pH,6.452,-
8.1167,temp,29.936,degC
8.1333,DO,79.917,%
8.1333,feed_rate,7.194,mL/h
8.1333,pH,6.468,-
8.1333,temp,29.905,degC
8.15,DO,79.622,%
8.15,feed_rate,7.194,mL/h
8.15,pH,6.471,-
8.15,temp,29.973,degC
8.1667,DO,80.261,%
8.1667,feed_rate,7.194,mL/h
8.1667,pH,6.456,-
8.1667,temp,30.084,degC
8.1833,DO,80.447,%
8.1833,feed_rate,7.194,mL/h
8.1833,pH,6.454,-
8.1833,temp,29.971,degC
8.2,DO,80.328,%
8.2,feed_rate,7.194,mL/h
8.2,pH,6.464,-
8.2,temp,29.976,degC
8.2167,DO,80.059,%
8.2167,feed_rate,7.194,mL/h
8.2167,pH,6.47,-
8.2167,temp,30.004,degC
8.2333,DO,79.588,%
8.2333,feed_rate,7.194,mL/h
8.2333,pH,6.45,-
8.2333,temp,29.912,degC
8.25,DO,79.752,%
8.25,feed_rate,7.194,mL/h
8.25,pH,6.47,-
8.25,temp,30.031,degC
8.2667,DO,79.876,%
8.2667,feed_rate,7.194,mL/h
8.2667,pH,6.476,-
8.2667,temp,29.955,degC
8.2833,DO,79.461,%
8.2833,feed_rate,7.194,mL/h
8.2833,pH,6.464,-
8.2833,temp,29.905,degC
8.3,DO,79.895,%
8.3,feed_rate,7.194,mL/h
8.3,pH,6.469,-
8.3,temp,29.986,degC
8.3167,DO,80.121,%
8.3167,feed_rate,7.194,mL/h
8.3167,pH,6.471,-
8.3167,temp,29.987,degC
8.3333,DO,79.774,%
8.3333,feed_rate,7.194,mL/h
8.3333,pH,6.46,-
8.3333,temp,30.048,degC
8.35,DO,79.614,%
8.35,feed_rate,7.194,mL/h
8.35,pH,6.473,-
8.35,temp,30.024,degC
8.3667,DO,79.518,%
8.3667,feed_rate,7.194,mL/h
8.3667,pH,6.471,-
8.3667,temp,29.975,degC
8.3833,DO,79.612,%
8.3833,feed_rate,7.194,mL/h
8.3833,pH,6.454,-
8.3833,temp,30.042,degC
8.4,DO,79.59,%
8.4,feed_rate,7.194,mL/h
8.4,pH,6.472,-
8.4,temp,30.039,degC
8.4167,DO,79.118,%
8.4167,feed_rate,7.194,mL/h
8.4167,pH,6.475,-
8.4167,temp,30.089,degC
8.4333,DO,79.669,%
8.4333,feed_rate,7.194,mL/h
8.4333,pH,6.456,-
8.4333,temp,29.962,degC
8.45,DO,79.757,%
8.45,feed_rate,7.194,mL/h
8.45,pH,6.475,-
8.45,temp,30.006,degC
8.4667,DO,80.105,%
8.4667,feed_rate,7.194,mL/h
8.4667,pH,6.464,-
8.4667,temp,29.962,degC
8.4833,DO,80.376,%
8.4833,feed_rate,7.194,mL/h
8.4833,pH,6.453,-
8.4833,temp,30.011,degC
8.5,DO,80.147,%
8.5,feed_rate,7.194,mL/h
8.5,pH,6.456,-
8.5,temp,30.069,degC
8.5167,DO,80.124,%
8.5167,feed_rate,7.194,mL/h
8.5167,pH,6.457,-
8.5167,temp,30.048,degC
8.5333,DO,80.218,%
8.5333,feed_rate,7.194,mL/h
8.5333,pH,6.471,-
8.5333,temp,29.985,degC
8.55,DO,80.297,%
8.55,feed_rate,7.194,mL/h
8.55,pH,6.461,-
8.55,temp,29.882,degC
8.5667,DO,80.075,%
8.5667,feed_rate,7.194,mL/h
8.5667,pH,6.462,-
8.5667,temp,29.966,degC
8.5833,DO,79.754,%
8.5833,feed_rate,7.194,mL/h
8.5833,pH,6.453,-
8.5833,temp,29.986,degC
8.6,DO,79.688,%
8.6,feed_rate,7.194,mL/h
8.6,pH,6.466,-
8.6,temp,30.021,degC
8.6167,DO,79.378,%
8.6167,feed_rate,7.194,mL/h
8.6167,pH,6.453,-
8.6167,temp,30.062,degC
8.6333,DO,79.198,%
8.6333,feed_rate,7.194,mL/h
8.6333,pH,6.459,-
8.6333,temp,30.056,degC
8.65,DO,78.605,%
8.65,feed_rate,7.194,mL/h
8.65,pH,6.471,-
8.65,temp,30.017,degC
8.6667,DO,78.76,%
8.6667,feed_rate,7.194,mL/h
8.6667,pH,6.472,-
8.6667,temp,30.048,degC
8.6833,DO,78.544,%
8.6833,feed_rate,7.194,mL/h
8.6833,pH,6.46,-
8.6833,temp,29.957,degC
8.7,DO,78.506,%
8.7,feed_rate,7.194,mL/h
8.7,pH,6.465,-
8.7,temp,29.961,degC
8.7167,DO,78.621,%
8.7167,feed_rate,7.194,mL/h
8.7167,pH,6.47,-
8.7167,temp,30.066,degC
8.7333,DO,78.817,%
8.7333,feed_rate,7.194,mL/h
8.7333,pH,6.465,-
8.7333,temp,30.016,degC
8.75,DO,79.44,%
8.75,feed_rate,7.194,mL/h
8.75,pH,6.477,-
8.75,temp,30.047,degC
8.7667,DO,79.427,%
8.7667,feed_rate,7.194,mL/h
8.7667,pH,6.478,-
8.7667,temp,30.043,degC
8.7833,DO,78.924,%
8.7833,feed_rate,7.194,mL/h
8.7833,pH,6.464,-
8.7833,temp,30.033,degC
8.8,DO,78.98,%
8.8,feed_rate,7.194,mL/h
8.8,pH,6.453,-
8.8,temp,29.991,degC
8.8167,DO,78.8,%
8.8167,feed_rate,7.194,mL/h
8.8167,pH,6.463,-
8.8167,temp,30.041,degC
8.8333,DO,78.948,%
8.8333,feed_rate,7.194,mL/h
8.8333,pH,6.478,-
8.8333,temp,30.0,degC
8.85,DO,78.735,%
8.85,feed_rate,7.194,mL/h
8.85,pH,6.476,-
8.85,temp,30.043,degC
8.8667,DO,78.551,%
8.8667,feed_rate,7.194,mL/h
8.8667,pH,6.476,-
8.8667,temp,30.05,degC
8.8833,DO,78.457,%
8.8833,feed_rate,7.194,mL/h
8.8833,pH,6.476,-
8.8833,temp,29.993,degC
8.9,DO,78.341,%
8.9,feed_rate,7.194,mL/h
8.9,pH,6.459,-
8.9,temp,30.096,degC
8.9167,DO,77.882,%
8.9167,feed_rate,7.194,mL/h
8.9167,pH,6.467,-
8.9167,temp,30.005,degC
8.9333,DO,77.855,%
8.9333,feed_rate,7.194,mL/h
8.9333,pH,6.475,-
8.9333,temp,30.072,degC
8.95,DO,78.024,%
8.95,feed_rate,7.194,mL/h
8.95,pH,6.467,-
8.95,temp,29.946,degC
8.9667,DO,78.517,%
8.9667,feed_rate,7.194,mL/h
8.9667,pH,6.473,-
8.9667,temp,30.044,degC
8.9833,DO,78.456,%
8.9833,feed_rate,7.194,mL/h
8.9833,pH,6.454,-
8.9833,temp,29.941,degC
9.0,DO,78.378,%
9.0,feed_rate,7.194,mL/h
9.0,pH,6.452,-
9.0,temp,29.954,degC
9.0167,DO,78.594,%
9.0167,feed_rate,7.194,mL/h
9.0167,pH,6.484,-
9.0167,temp,29.926,degC
9.0333,DO,78.748,%
9.0333,feed_rate,7.194,mL/h
9.0333,pH,6.472,-
9.0333,temp,29.986,degC
9.05,DO,79.183,%
9.05,feed_rate,7.194,mL/h
9.05,pH,6.47,-
9.05,temp,30.003,degC
9.0667,DO,79.22,%
9.0667,feed_rate,7.194,mL/h
9.0667,pH,6.478,-
9.0667,temp,29.976,degC
9.0833,DO,79.062,%
9.0833,feed_rate,7.194,mL/h
9.0833,pH,6.486,-
9.0833,temp,30.114,degC
9.1,DO,79.336,%
9.1,feed_rate,7.194,mL/h
9.1,pH,6.492,-
9.1,temp,30.048,degC
9.1167,DO,79.605,%
9.1167,feed_rate,7.194,mL/h
9.1167,pH,6.44,-
9.1167,temp,29.95,degC
9.1333,DO,79.213,%
9.1333,feed_rate,7.194,mL/h
9.1333,pH,6.467,-
9.1333,temp,30.003,degC
9.15,DO,79.082,%
9.15,feed_rate,7.194,mL/h
9.15,pH,6.474,-
9.15,temp,29.991,degC
9.1667,DO,78.419,%
9.1667,feed_rate,7.194,mL/h
9.1667,pH,6.444,-
9.1667,temp,30.016,degC
9.1833,DO,78.277,%
9.1833,feed_rate,7.194,mL/h
9.1833,pH,6.446,-
9.1833,temp,30.001,degC
9.2,DO,78.001,%
9.2,feed_rate,7.194,mL/h
9.2,pH,6.462,-
9.2,temp,29.93,degC
9.2167,DO,77.974,%
9.2167,feed_rate,7.194,mL/h
9.2167,pH,6.482,-
9.2167,temp,30.095,degC
9.2333,DO,77.865,%
9.2333,feed_rate,7.194,mL/h
9.2333,pH,6.473,-
9.2333,temp,30.061,degC
9.25,DO,77.866,%
9.25,feed_rate,7.194,mL/h
9.25,pH,6.485,-
9.25,temp,30.033,degC
9.2667,DO,77.878,%
9.2667,feed_rate,7.194,mL/h
9.2667,pH,6.466,-
9.2667,temp,30.06,degC
9.2833,DO,78.06,%
9.2833,feed_rate,7.194,mL/h
9.2833,pH,6.474,-
9.2833,temp,30.021,degC
9.3,DO,78.12,%
9.3,feed_rate,7.194,mL/h
9.3,pH,6.478,-
9.3,temp,29.967,degC
9.3167,DO,77.923,%
9.3167,feed_rate,7.194,mL/h
9.3167,pH,6.467,-
9.3167,temp,29.945,degC
9.3333,DO,77.541,%
9.3333,feed_rate,7.194,mL/h
9.3333,pH,6.463,-
9.3333,temp,30.034,degC
9.35,DO,77.985,%
9.35,feed_rate,7.194,mL/h
9.35,pH,6.464,-
9.35,temp,29.959,degC
9.3667,DO,78.388,%
9.3667,feed_rate,7.194,mL/h
9.3667,pH,6.426,-
9.3667,temp,29.983,degC
9.3833,DO,78.141,%
9.3833,feed_rate,7.194,mL/h
9.3833,pH,6.466,-
9.3833,temp,29.944,degC
9.4,DO,78.242,%
9.4,feed_rate,7.194,mL/h
9.4,pH,6.444,-
9.4,temp,30.034,degC
9.4167,DO,77.689,%
9.4167,feed_rate,7.194,mL/h
9.4167,pH,6.454,-
9.4167,temp,29.983,degC
9.4333,DO,77.228,%
9.4333,feed_rate,7.194,mL/h
9.4333,pH,6.469,-
9.4333,temp,30.013,degC
9.45,DO,77.241,%
9.45,feed_rate,7.194,mL/h
9.45,pH,6.466,-
9.45,temp,29.982,degC
9.4667,DO,77.766,%
9.4667,feed_rate,7.194,mL/h
9.4667,pH,6.442,-
9.4667,temp,29.944,degC
9.4833,DO,77.423,%
9.4833,feed_rate,7.194,mL/h
9.4833,pH,6.467,-
9.4833,temp,30.028,degC
9.5,DO,77.205,%
9.5,feed_rate,7.194,mL/h
9.5,pH,6.47,-
9.5,temp,29.997,degC
9.5167,DO,77.756,%
9.5167,feed_rate,7.194,mL/h
9.5167,pH,6.464,-
9.5167,temp,29.961,degC
9.5333,DO,77.139,%
9.5333,feed_rate,7.194,mL/h
9.5333,pH,6.469,-
9.5333,temp,30.041,degC
9.55,DO,77.4,%
9.55,feed_rate,7.194,mL/h
9.55,pH,6.468,-
9.55,temp,30.062,degC
9.5667,DO,77.554,%
9.5667,feed_rate,7.194,mL/h
9.5667,pH,6.445,-
9.5667,temp,30.091,degC
9.5833,DO,77.462,%
9.5833,feed_rate,7.194,mL/h
9.5833,pH,6.46,-
9.5833,temp,30.042,degC
9.6,DO,77.499,%
9.6,feed_rate,7.194,mL/h
9.6,pH,6.459,-
9.6,temp,30.016,degC
9.6167,DO,78.251,%
9.6167,feed_rate,7.194,mL/h
9.6167,pH,6.449,-
9.6167,temp,30.05,degC
9.6333,DO,77.721,%
9.6333,feed_rate,7.194,mL/h
9.6333,pH,6.461,-
9.6333,temp,29.963,degC
9.65,DO,77.533,%
9.65,feed_rate,7.194,mL/h
9.65,pH,6.453,-
9.65,temp,29.999,degC
9.6667,DO,77.398,%
9.6667,feed_rate,7.194,mL/h
9.6667,pH,6.46,-
9.6667,temp,30.007,degC
9.6833,DO,77.147,%
9.6833,feed_rate,7.194,mL/h
9.6833,pH,6.453,-
9.6833,temp,29.918,degC
9.7,DO,76.742,%
9.7,feed_rate,7.194,mL/h
9.7,pH,6.472,-
9.7,temp,30.029,degC
9.7167,DO,77.292,%
9.7167,feed_rate,7.194,mL/h
9.7167,pH,6.483,-
9.7167,temp,30.049,degC
9.7333,DO,77.312,%
9.7333,feed_rate,7.194,mL/h
9.7333,pH,6.455,-
9.7333,temp,29.992,degC
9.75,DO,76.727,%
9.75,feed_rate,7.194,mL/h
9.75,pH,6.461,-
9.75,temp,30.061,degC
9.7667,DO,76.568,%
9.7667,feed_rate,7.194,mL/h
9.7667,pH,6.461,-
9.7667,temp,29.955,degC
9.7833,DO,76.765,%
9.7833,feed_rate,7.194,mL/h
9.7833,pH,6.465,-
9.7833,temp,30.051,degC
9.8,DO,76.915,%
9.8,feed_rate,7.194,mL/h
9.8,pH,6.459,-
9.8,temp,30.055,degC
9.8167,DO,76.474,%
9.8167,feed_rate,7.194,mL/h
9.8167,pH,6.438,-
9.8167,temp,29.977,degC
9.8333,DO,76.518,%
9.8333,feed_rate,7.194,mL/h
9.8333,pH,6.464,-
9.8333,temp,30.004,degC
9.85,DO,76.651,%
9.85,feed_rate,7.194,mL/h
9.85,pH,6.459,-
9.85,temp,29.978,degC
9.8667,DO,76.789,%
9.8667,feed_rate,7.194,mL/h
9.8667,pH,6.45,-
9.8667,temp,29.945,degC
9.8833,DO,76.892,%
9.8833,feed_rate,7.194,mL/h
9.8833,pH,6.458,-
9.8833,temp,29.932,degC
9.9,DO,76.301,%
9.9,feed_rate,7.194,mL/h
9.9,pH,6.455,-
9.9,temp,29.945,degC
9.9167,DO,76.922,%
9.9167,feed_rate,7.194,mL/h
9.9167,pH,6.463,-
9.9167,temp,30.017,degC
9.9333,DO,76.919,%
9.9333,feed_rate,7.194,mL/h
9.9333,pH,6.457,-
9.9333,temp,29.92,degC
9.95,DO,77.388,%
9.95,feed_rate,7.194,mL/h
9.95,pH,6.457,-
9.95,temp,29.992,degC
9.9667,DO,78.072,%
9.9667,feed_rate,7.194,mL/h
9.9667,pH,6.461,-
9.9667,temp,30.122,degC
9.9833,DO,77.704,%
9.9833,feed_rate,7.194,mL/h
9.9833,pH,6.462,-
9.9833,temp,30.034,degC
10.0,DO,77.08,%
10.0,feed_rate,7.194,mL/h
10.0,pH,6.46,-
10.0,temp,30.01,degC
10.0167,DO,77.202,%
10.0167,feed_rate,7.194,mL/h
10.0167,pH,6.471,-
10.0167,temp,29.976,degC
10.0333,DO,76.978,%
10.0333,feed_rate,7.194,mL/h
10.0333,pH,6.462,-
10.0333,temp,29.885,degC
10.05,DO,76.709,%
10.05,feed_rate,7.194,mL/h
10.05,pH,6.452,-
10.05,temp,30.039,degC
10.0667,DO,76.311,%
10.0667,feed_rate,7.194,mL/h
10.0667,pH,6.477,-
10.0667,temp,30.047,degC
10.0833,DO,76.801,%
10.0833,feed_rate,7.194,mL/h
10.0833,pH,6.461,-
10.0833,temp,29.991,degC
10.1,DO,76.546,%
10.1,feed_rate,7.194,mL/h
10.1,pH,6.475,-
10.1,temp,29.958,degC
10.1167,DO,76.047,%
10.1167,feed_rate,7.194,mL/h
10.1167,pH,6.449,-
10.1167,temp,29.997,degC
10.1333,DO,75.924,%
10.1333,feed_rate,7.194,mL/h
10.1333,pH,6.465,-
10.1333,temp,29.959,degC
10.15,DO,75.605,%
10.15,feed_rate,7.194,mL/h
10.15,pH,6.476,-
10.15,temp,30.045,degC
10.1667,DO,75.736,%
10.1667,feed_rate,7.194,mL/h
10.1667,pH,6.472,-
10.1667,temp,29.993,degC
10.1833,DO,75.659,%
10.1833,feed_rate,7.194,mL/h
10.1833,pH,6.46,-
10.1833,temp,30.035,degC
10.2,DO,75.398,%
10.2,feed_rate,7.194,mL/h
10.2,pH,6.453,-
10.2,temp,29.953,degC
10.2167,DO,75.679,%
10.2167,feed_rate,7.194,mL/h
10.2167,pH,6.453,-
10.2167,temp,29.926,degC
10.2333,DO,75.521,%
10.2333,feed_rate,7.194,mL/h
10.2333,pH,6.457,-
10.2333,temp,29.879,degC
10.25,DO,75.797,%
10.25,feed_rate,7.194,mL/h
10.25,pH,6.449,-
10.25,temp,30.013,degC
10.2667,DO,76.17,%
10.2667,feed_rate,7.194,mL/h
10.2667,pH,6.451,-
10.2667,temp,29.929,degC
10.2833,DO,75.973,%
10.2833,feed_rate,7.194,mL/h
10.2833,pH,6.449,-
10.2833,temp,30.058,degC
10.3,DO,75.721,%
10.3,feed_rate,7.194,mL/h
10.3,pH,6.449,-
10.3,temp,29.999,degC
10.3167,DO,75.766,%
10.3167,feed_rate,7.194,mL/h
10.3167,pH,6.461,-
10.3167,temp,29.999,degC
10.3333,DO,76.0,%
10.3333,feed_rate,7.194,mL/h
10.3333,pH,6.441,-
10.3333,temp,29.907,degC
10.35,DO,75.91,%
10.35,feed_rate,7.194,mL/h
10.35,pH,6.46,-
10.35,temp,30.034,degC
10.3667,DO,75.873,%
10.3667,feed_rate,7.194,mL/h
10.3667,pH,6.465,-
10.3667,temp,30.029,degC
10.3833,DO,75.785,%
10.3833,feed_rate,7.194,mL/h
10.3833,pH,6.449,-
10.3833,temp,30.069,degC
10.4,DO,75.806,%
10.4,feed_rate,7.194,mL/h
10.4,pH,6.449,-
10.4,temp,29.981,degC
10.4167,DO,75.911,%
10.4167,feed_rate,7.194,mL/h
10.4167,pH,6.458,-
10.4167,temp,30.012,degC
10.4333,DO,75.585,%
10.4333,feed_rate,7.194,mL/h
10.4333,pH,6.458,-
10.4333,temp,30.019,degC
10.45,DO,75.382,%
10.45,feed_rate,7.194,mL/h
10.45,pH,6.467,-
10.45,temp,30.034,degC
10.4667,DO,75.369,%
10.4667,feed_rate,7.194,mL/h
10.4667,pH,6.438,-
10.4667,temp,30.044,degC
10.4833,DO,75.137,%
10.4833,feed_rate,7.194,mL/h
10.4833,pH,6.457,-
10.4833,temp,30.013,degC
10.5,DO,75.183,%
10.5,feed_rate,7.194,mL/h
10.5,pH,6.472,-
10.5,temp,30.024,degC
10.5167,DO,75.332,%
10.5167,feed_rate,7.194,mL/h
10.5167,pH,6.459,-
10.5167,temp,30.037,degC
10.5333,DO,75.274,%
10.5333,feed_rate,7.194,mL/h
10.5333,pH,6.475,-
10.5333,temp,30.072,degC
10.55,DO,75.044,%
10.55,feed_rate,7.194,mL/h
10.55,pH,6.479,-
10.55,temp,30.049,degC
10.5667,DO,74.799,%
10.5667,feed_rate,7.194,mL/h
10.5667,pH,6.452,-
10.5667,temp,30.018,degC
10.5833,DO,75.353,%
10.5833,feed_rate,7.194,mL/h
10.5833,pH,6.472,-
10.5833,temp,29.994,degC
10.6,DO,75.525,%
10.6,feed_rate,7.194,mL/h
10.6,pH,6.463,-
10.6,temp,29.981,degC
10.6167,DO,75.054,%
10.6167,feed_rate,7.194,mL/h
10.6167,pH,6.457,-
10.6167,temp,30.04,degC
10.6333,DO,74.752,%
10.6333,feed_rate,7.194,mL/h
10.6333,pH,6.454,-
10.6333,temp,29.958,degC
10.65,DO,75.316,%
10.65,feed_rate,7.194,mL/h
10.65,pH,6.455,-
10.65,temp,29.952,degC
10.6667,DO,75.649,%
10.6667,feed_rate,7.194,mL/h
10.6667,pH,6.448,-
10.6667,temp,30.001,degC
10.6833,DO,75.492,%
10.6833,feed_rate,7.194,mL/h
10.6833,pH,6.455,-
10.6833,temp,29.977,degC
10.7,DO,75.665,%
10.7,feed_rate,7.194,mL/h
10.7,pH,6.466,-
10.7,temp,29.989,degC
10.7167,DO,75.002,%
10.7167,feed_rate,7.194,mL/h
10.7167,pH,6.47,-
10.7167,temp,30.02,degC
10.7333,DO,74.908,%
10.7333,feed_rate,7.194,mL/h
10.7333,pH,6.453,-
10.7333,temp,29.996,degC
10.75,DO,75.046,%
10.75,feed_rate,7.194,mL/h
10.75,pH,6.462,-
10.75,temp,30.017,degC
10.7667,DO,74.367,%
10.7667,feed_rate,7.194,mL/h
10.7667,pH,6.462,-
10.7667,temp,30.019,degC
10.7833,DO,74.137,%
10.7833,feed_rate,7.194,mL/h
10.7833,pH,6.433,-
10.7833,temp,30.001,degC
10.8,DO,74.414,%
10.8,feed_rate,7.194,mL/h
10.8,pH,6.464,-
10.8,temp,29.963,degC
10.8167,DO,74.73,%
10.8167,feed_rate,7.194,mL/h
10.8167,pH,6.444,-
10.8167,temp,30.033,degC
10.8333,DO,74.457,%
10.8333,feed_rate,7.194,mL/h
10.8333,pH,6.445,-
10.8333,temp,30.005,degC
10.85,DO,74.494,%
10.85,feed_rate,7.194,mL/h
10.85,pH,6.465,-
10.85,temp,29.976,degC
10.8667,DO,74.907,%
10.8667,feed_rate,7.194,mL/h
10.8667,pH,6.473,-
10.8667,temp,29.957,degC
10.8833,DO,74.633,%
10.8833,feed_rate,7.194,mL/h
10.8833,pH,6.445,-
10.8833,temp,30.005,degC
10.9,DO,74.12,%
10.9,feed_rate,7.194,mL/h
10.9,pH,6.447,-
10.9,temp,30.097,degC
10.9167,DO,74.081,%
10.9167,feed_rate,7.194,mL/h
10.9167,pH,6.447,-
10.9167,temp,30.005,degC
10.9333,DO,73.941,%
10.9333,feed_rate,7.194,mL/h
10.9333,pH,6.451,-
10.9333,temp,30.043,degC
10.95,DO,76.369,%
10.95,feed_rate,2.09,mL/h
10.95,pH,6.452,-
10.95,temp,29.982,degC
10.9667,DO,77.959,%
10.9667,feed_rate,2.09,mL/h
10.9667,pH,6.448,-
10.9667,temp,29.966,degC
10.9833,DO,78.934,%
10.9833,feed_rate,2.09,mL/h
10.9833,pH,6.44,-
10.9833,temp,30.058,degC
11.0,DO,80.664,%
11.0,feed_rate,2.09,mL/h
11.0,pH,6.474,-
11.0,temp,30.02,degC
11.0167,DO,81.169,%
11.0167,feed_rate,2.09,mL/h
11.0167,pH,6.451,-
11.0167,temp,29.95,degC
11.0333,DO,81.855,%
11.0333,feed_rate,2.09,mL/h
11.0333,pH,6.448,-
11.0333,temp,30.061,degC
11.05,DO,82.455,%
11.05,feed_rate,2.09,mL/h
11.05,pH,6.465,-
11.05,temp,29.998,degC
11.0667,DO,82.958,%
11.0667,feed_rate,2.09,mL/h
11.0667,pH,6.452,-
11.0667,temp,30.057,degC
11.0833,DO,83.167,%
11.0833,feed_rate,2.09,mL/h
11.0833,pH,6.466,-
11.0833,temp,30.062,degC
11.1,DO,83.449,%
11.1,feed_rate,2.09,mL/h
11.1,pH,6.463,-
11.1,temp,29.999,degC
11.1167,DO,83.468,%
11.1167,feed_rate,2.09,mL/h
11.1167,pH,6.465,-
11.1167,temp,29.963,degC
11.1333,DO,83.068,%
11.1333,feed_rate,2.09,mL/h
11.1333,pH,6.451,-
11.1333,temp,30.068,degC
11.15,DO,83.098,%
11.15,feed_rate,2.09,mL/h
11.15,pH,6.462,-
11.15,temp,30.108,degC
11.1667,DO,83.119,%
11.1667,feed_rate,2.09,mL/h
11.1667,pH,6.44,-
11.1667,temp,30.017,degC
11.1833,DO,83.132,%
11.1833,feed_rate,2.09,mL/h
11.1833,pH,6.441,-
11.1833,temp,29.928,degC
11.2,DO,83.226,%
11.2,feed_rate,2.09,mL/h
11.2,pH,6.456,-
11.2,temp,29.983,degC
11.2167,DO,83.064,%
11.2167,feed_rate,2.09,mL/h
11.2167,pH,6.452,-
11.2167,temp,30.032,degC
11.2333,DO,83.508,%
11.2333,feed_rate,2.09,mL/h
11.2333,pH,6.468,-
11.2333,temp,29.914,degC
11.25,DO,83.927,%
11.25,feed_rate,2.09,mL/h
11.25,pH,6.452,-
11.25,temp,29.967,degC
11.2667,DO,83.122,%
11.2667,feed_rate,2.09,mL/h
11.2667,pH,6.437,-
11.2667,temp,29.961,degC
11.2833,DO,83.13,%
11.2833,feed_rate,2.09,mL/h
11.2833,pH,6.455,-
11.2833,temp,29.98,degC
11.3,DO,82.911,%
11.3,feed_rate,2.09,mL/h
11.3,pH,6.452,-
11.3,temp,30.105,degC
11.3167,DO,82.157,%
11.3167,feed_rate,2.09,mL/h
11.3167,pH,6.456,-
11.3167,temp,30.013,degC
11.3333,DO,82.449,%
11.3333,feed_rate,2.09,mL/h
11.3333,pH,6.443,-
11.3333,temp,30.087,degC
11.35,DO,82.364,%
11.35,feed_rate,2.09,mL/h
11.35,pH,6.447,-
11.35,temp,30.016,degC
11.3667,DO,82.358,%
11.3667,feed_rate,2.09,mL/h
11.3667,pH,6.455,-
11.3667,temp,30.007,degC
11.3833,DO,82.261,%
11.3833,feed_rate,2.09,mL/h
11.3833,pH,6.462,-
11.3833,temp,29.998,degC
11.4,DO,82.694,%
11.4,feed_rate,2.09,mL/h
11.4,pH,6.458,-
11.4,temp,30.007,degC
11.4167,DO,83.076,%
11.4167,feed_rate,2.09,mL/h
11.4167,pH,6.462,-
11.4167,temp,30.075,degC
11.4333,DO,83.083,%
11.4333,feed_rate,2.09,mL/h
11.4333,pH,6.44,-
11.4333,temp,30.055,degC
11.45,DO,83.203,%
11.45,feed_rate,2.09,mL/h
11.45,pH,6.452,-
11.45,temp,30.041,degC
11.4667,DO,83.048,%
11.4667,feed_rate,2.09,mL/h
11.4667,pH,6.456,-
11.4667,temp,30.054,degC
11.4833,DO,82.988,%
11.4833,feed_rate,2.09,mL/h
11.4833,pH,6.464,-
11.4833,temp,29.949,degC
11.5,DO,82.666,%
11.5,feed_rate,2.09,mL/h
11.5,pH,6.457,-
11.5,temp,29.972,degC
11.5167,DO,82.631,%
11.5167,feed_rate,2.09,mL/h
11.5167,pH,6.451,-
11.5167,temp,29.934,degC
11.5333,DO,82.368,%
11.5333,feed_rate,2.09,mL/h
11.5333,pH,6.453,-
11.5333,temp,29.971,degC
11.55,DO,82.473,%
11.55,feed_rate,2.09,mL/h
11.55,pH,6.453,-
11.55,temp,30.056,degC
11.5667,DO,82.683,%
11.5667,feed_rate,2.09,mL/h
11.5667,pH,6.439,-
11.5667,temp,29.957,degC
11.5833,DO,82.686,%
11.5833,feed_rate,2.09,mL/h
11.5833,pH,6.454,-
11.5833,temp,29.958,degC
11.6,DO,82.94,%
11.6,feed_rate,2.09,mL/h
11.6,pH,6.462,-
11.6,temp,29.974,degC
11.6167,DO,83.584,%
11.6167,feed_rate,2.09,mL/h
11.6167,pH,6.461,-
11.6167,temp,29.938,degC
11.6333,DO,82.65,%
11.6333,feed_rate,2.09,mL/h
11.6333,pH,6.435,-
11.6333,temp,30.006,degC
11.65,DO,82.528,%
11.65,feed_rate,2.09,mL/h
11.65,pH,6.453,-
11.65,temp,30.034,degC
11.6667,DO,82.246,%
11.6667,feed_rate,2.09,mL/h
11.6667,pH,6.438,-
11.6667,temp,30.065,degC
11.6833,DO,82.043,%
11.6833,feed_rate,2.09,mL/h
11.6833,pH,6.464,-
11.6833,temp,30.012,degC
11.7,DO,81.599,%
11.7,feed_rate,2.09,mL/h
11.7,pH,6.459,-
11.7,temp,30.032,degC
11.7167,DO,81.657,%
11.7167,feed_rate,2.09,mL/h
11.7167,pH,6.46,-
11.7167,temp,30.056,degC
11.7333,DO,81.599,%
11.7333,feed_rate,2.09,mL/h
11.7333,pH,6.446,-
11.7333,temp,29.976,degC
11.75,DO,81.43,%
11.75,feed_rate,2.09,mL/h
11.75,pH,6.434,-
11.75,temp,29.976,degC
11.7667,DO,81.398,%
11.7667,feed_rate,2.09,mL/h
11.7667,pH,6.442,-
11.7667,temp,30.022,degC
11.7833,DO,81.26,%
11.7833,feed_rate,2.09,mL/h
11.7833,pH,6.449,-
11.7833,temp,30.009,degC
11.8,DO,80.614,%
11.8,feed_rate,2.09,mL/h
11.8,pH,6.438,-
11.8,temp,29.994,degC
11.8167,DO,81.112,%
11.8167,feed_rate,2.09,mL/h
11.8167,pH,6.443,-
11.8167,temp,30.002,degC
11.8333,DO,81.086,%
11.8333,feed_rate,2.09,mL/h
11.8333,pH,6.47,-
11.8333,temp,29.976,degC
11.85,DO,80.86,%
11.85,feed_rate,2.09,mL/h
11.85,pH,6.439,-
11.85,temp,29.953,degC
11.8667,DO,81.046,%
11.8667,feed_rate,2.09,mL/h
11.8667,pH,6.458,-
11.8667,temp,30.013,degC
11.8833,DO,80.892,%
11.8833,feed_rate,2.09,mL/h
11.8833,pH,6.434,-
11.8833,temp,29.978,degC
11.9,DO,80.306,%
11.9,feed_rate,2.09,mL/h
11.9,pH,6.455,-
11.9,temp,29.963,degC
11.9167,DO,80.744,%
11.9167,feed_rate,2.09,mL/h
11.9167,pH,6.461,-
11.9167,temp,30.039,degC
11.9333,DO,80.314,%
11.9333,feed_rate,2.09,mL/h
11.9333,pH,6.457,-
11.9333,temp,30.011,degC
11.95,DO,80.397,%
11.95,feed_rate,2.09,mL/h
11.95,pH,6.464,-
11.95,temp,30.059,degC
11.9667,DO,80.554,%
11.9667,feed_rate,2.09,mL/h
11.9667,pH,6.47,-
11.9667,temp,29.974,degC
11.9833,DO,81.038,%
11.9833,feed_rate,2.09,mL/h
11.9833,pH,6.438,-
11.9833,temp,30.06,degC
12.0,DO,81.366,%
12.0,feed_rate,2.09,mL/h
12.0,pH,6.455,-
12.0,temp,30.099,degC
12.0167,DO,81.31,%
12.0167,feed_rate,2.09,mL/h
12.0167,pH,6.457,-
12.0167,temp,29.982,degC
12.0333,DO,80.975,%
12.0333,feed_rate,2.09,mL/h
12.0333,pH,6.456,-
12.0333,temp,29.977,degC
12.05,DO,80.801,%
12.05,feed_rate,2.09,mL/h
12.05,pH,6.468,-
12.05,temp,29.964,degC
12.0667,DO,81.102,%
12.0667,feed_rate,2.09,mL/h
12.0667,pH,6.455,-
12.0667,temp,29.967,degC
12.0833,DO,81.541,%
12.0833,feed_rate,2.09,mL/h
12.0833,pH,6.464,-
12.0833,temp,29.992,degC
12.1,DO,81.508,%
12.1,feed_rate,2.09,mL/h
12.1,pH,6.463,-
12.1,temp,30.016,degC
12.1167,DO,81.115,%
12.1167,feed_rate,2.09,mL/h
12.1167,pH,6.453,-
12.1167,temp,29.978,degC
12.1333,DO,81.291,%
12.1333,feed_rate,2.09,mL/h
12.1333,pH,6.457,-
12.1333,temp,30.026,degC
12.15,DO,80.999,%
12.15,feed_rate,2.09,mL/h
12.15,pH,6.444,-
12.15,temp,29.952,degC
12.1667,DO,80.745,%
12.1667,feed_rate,2.09,mL/h
12.1667,pH,6.455,-
12.1667,temp,29.987,degC
12.1833,DO,80.569,%
12.1833,feed_rate,2.09,mL/h
12.1833,pH,6.453,-
12.1833,temp,30.047,degC
12.2,DO,80.678,%
12.2,feed_rate,2.09,mL/h
12.2,pH,6.45,-
12.2,temp,30.063,degC
12.2167,DO,80.659,%
12.2167,feed_rate,2.09,mL/h
12.2167,pH,6.447,-
12.2167,temp,30.085,degC
12.2333,DO,80.849,%
12.2333,feed_rate,2.09,mL/h
12.2333,pH,6.461,-
12.2333,temp,30.077,degC
12.25,DO,81.08,%
12.25,feed_rate,2.09,mL/h
12.25,pH,6.45,-
12.25,temp,30.058,degC
12.2667,DO,81.019,%
12.2667,feed_rate,2.09,mL/h
12.2667,pH,6.474,-
12.2667,temp,29.923,degC
12.2833,DO,80.105,%
12.2833,feed_rate,2.09,mL/h
12.2833,pH,6.464,-
12.2833,temp,29.969,degC
12.3,DO,79.553,%
12.3,feed_rate,2.09,mL/h
12.3,pH,6.459,-
12.3,temp,29.976,degC
12.3167,DO,79.657,%
12.3167,feed_rate,2.09,mL/h
12.3167,pH,6.445,-
12.3167,temp,29.999,degC
12.3333,DO,79.662,%
12.3333,feed_rate,2.09,mL/h
12.3333,pH,6.46,-
12.3333,temp,30.021,degC
12.35,DO,80.321,%
12.35,feed_rate,2.09,mL/h
12.35,pH,6.452,-
12.35,temp,30.072,degC
12.3667,DO,80.181,%
12.3667,feed_rate,2.09,mL/h
12.3667,pH,6.452,-
12.3667,temp,29.977,degC
12.3833,DO,80.021,%
12.3833,feed_rate,2.09,mL/h
12.3833,pH,6.44,-
12.3833,temp,29.873,degC
12.4,DO,80.21,%
12.4,feed_rate,2.09,mL/h
12.4,pH,6.457,-
12.4,temp,29.936,degC
12.4167,DO,80.386,%
12.4167,feed_rate,2.09,mL/h
12.4167,pH,6.453,-
12.4167,temp,30.018,degC
12.4333,DO,80.125,%
12.4333,feed_rate,2.09,mL/h
12.4333,pH,6.446,-
12.4333,temp,30.032,degC
12.45,DO,80.118,%
12.45,feed_rate,2.09,mL/h
12.45,pH,6.444,-
12.45,temp,29.949,degC
12.4667,DO,79.619,%
12.4667,feed_rate,2.09,mL/h
12.4667,pH,6.448,-
12.4667,temp,30.046,degC
12.4833,DO,79.265,%
12.4833,feed_rate,2.09,mL/h
12.4833,pH,6.437,-
12.4833,temp,30.013,degC
12.5,DO,79.624,%
12.5,feed_rate,2.09,mL/h
12.5,pH,6.445,-
12.5,temp,30.068,degC
12.5167,DO,79.107,%
12.5167,feed_rate,2.09,mL/h
12.5167,pH,6.464,-
12.5167,temp,29.877,degC
12.5333,DO,79.381,%
12.5333,feed_rate,2.09,mL/h
12.5333,pH,6.444,-
12.5333,temp,30.008,degC
12.55,DO,79.515,%
12.55,feed_rate,2.09,mL/h
12.55,pH,6.473,-
12.55,temp,29.994,degC
12.5667,DO,79.638,%
12.5667,feed_rate,2.09,mL/h
12.5667,pH,6.437,-
12.5667,temp,30.006,degC
12.5833,DO,79.768,%
12.5833,feed_rate,2.09,mL/h
12.5833,pH,6.461,-
12.5833,temp,29.982,degC
12.6,DO,79.756,%
12.6,feed_rate,2.09,mL/h
12.6,pH,6.461,-
12.6,temp,29.965,degC
12.6167,DO,78.923,%
12.6167,feed_rate,2.09,mL/h
12.6167,pH,6.462,-
12.6167,temp,29.984,degC
12.6333,DO,78.586,%
12.6333,feed_rate,2.09,mL/h
12.6333,pH,6.456,-
12.6333,temp,29.938,degC
12.65,DO,78.426,%
12.65,feed_rate,2.09,mL/h
12.65,pH,6.434,-
12.65,temp,29.888,degC
12.6667,DO,78.741,%
12.6667,feed_rate,2.09,mL/h
12.6667,pH,6.461,-
12.6667,temp,30.031,degC
12.6833,DO,78.369,%
12.6833,feed_rate,2.09,mL/h
12.6833,pH,6.461,-
12.6833,temp,29.974,degC
12.7,DO,78.186,%
12.7,feed_rate,2.09,mL/h
12.7,pH,6.45,-
12.7,temp,29.953,degC
12.7167,DO,78.131,%
12.7167,feed_rate,2.09,mL/h
12.7167,pH,6.426,-
12.7167,temp,30.063,degC
12.7333,DO,78.579,%
12.7333,feed_rate,2.09,mL/h
12.7333,pH,6.46,-
12.7333,temp,29.989,degC
12.75,DO,78.098,%
12.75,feed_rate,2.09,mL/h
12.75,pH,6.44,-
12.75,temp,29.993,degC
12.7667,DO,77.728,%
12.7667,feed_rate,2.09,mL/h
12.7667,pH,6.447,-
12.7667,temp,30.031,degC
12.7833,DO,78.015,%
12.7833,feed_rate,2.09,mL/h
12.7833,pH,6.462,-
12.7833,temp,29.983,degC
12.8,DO,77.407,%
12.8,feed_rate,2.09,mL/h
12.8,pH,6.463,-
12.8,temp,30.01,degC
12.8167,DO,77.645,%
12.8167,feed_rate,2.09,mL/h
12.8167,pH,6.453,-
12.8167,temp,29.961,degC
12.8333,DO,77.589,%
12.8333,feed_rate,2.09,mL/h
12.8333,pH,6.444,-
12.8333,temp,30.054,degC
12.85,DO,77.195,%
12.85,feed_rate,2.09,mL/h
12.85,pH,6.466,-
12.85,temp,30.004,degC
12.8667,DO,77.215,%
12.8667,feed_rate,2.09,mL/h
12.8667,pH,6.461,-
12.8667,temp,30.082,degC
12.8833,DO,77.045,%
12.8833,feed_rate,2.09,mL/h
12.8833,pH,6.447,-
12.8833,temp,30.033,degC
12.9,DO,77.248,%
12.9,feed_rate,2.09,mL/h
12.9,pH,6.439,-
12.9,temp,30.062,degC
12.9167,DO,77.457,%
12.9167,feed_rate,2.09,mL/h
12.9167,pH,6.452,-
12.9167,temp,29.981,degC
12.9333,DO,77.951,%
12.9333,feed_rate,2.09,mL/h
12.9333,pH,6.435,-
12.9333,temp,29.975,degC
12.95,DO,77.883,%
12.95,feed_rate,2.09,mL/h
12.95,pH,6.466,-
12.95,temp,30.045,degC
12.9667,DO,77.851,%
12.9667,feed_rate,2.09,mL/h
12.9667,pH,6.454,-
12.9667,temp,30.044,degC
12.9833,DO,77.61,%
12.9833,feed_rate,2.09,mL/h
12.9833,pH,6.445,-
12.9833,temp,29.99,degC
13.0,DO,77.571,%
13.0,feed_rate,2.09,mL/h
13.0,pH,6.452,-
13.0,temp,30.033,degC
13.0167,DO,77.85,%
13.0167,feed_rate,2.09,mL/h
13.0167,pH,6.432,-
13.0167,temp,29.992,degC
13.0333,DO,77.169,%
13.0333,feed_rate,2.09,mL/h
13.0333,pH,6.448,-
13.0333,temp,30.026,degC
13.05,DO,77.388,%
13.05,feed_rate,2.09,mL/h
13.05,pH,6.442,-
13.05,temp,29.966,degC
13.0667,DO,77.193,%
13.0667,feed_rate,2.09,mL/h
13.0667,pH,6.432,-
13.0667,temp,30.039,degC
13.0833,DO,77.207,%
13.0833,feed_rate,2.09,mL/h
13.0833,pH,6.442,-
13.0833,temp,29.981,degC
13.1,DO,77.282,%
13.1,feed_rate,2.09,mL/h
13.1,pH,6.451,-
13.1,temp,30.027,degC
13.1167,DO,77.488,%
13.1167,feed_rate,2.09,mL/h
13.1167,pH,6.433,-
13.1167,temp,29.986,degC
13.1333,DO,77.457,%
13.1333,feed_rate,2.09,mL/h
13.1333,pH,6.446,-
13.1333,temp,30.004,degC
13.15,DO,77.231,%
13.15,feed_rate,2.09,mL/h
13.15,pH,6.433,-
13.15,temp,30.007,degC
13.1667,DO,77.249,%
13.1667,feed_rate,2.09,mL/h
13.1667,pH,6.45,-
13.1667,temp,30.012,degC
13.1833,DO,77.162,%
13.1833,feed_rate,2.09,mL/h
13.1833,pH,6.43,-
13.1833,temp,30.064,degC
13.2,DO,77.015,%
13.2,feed_rate,2.09,mL/h
13.2,pH,6.455,-
13.2,temp,30.087,degC
13.2167,DO,77.009,%
13.2167,feed_rate,2.09,mL/h
13.2167,pH,6.454,-
13.2167,temp,30.027,degC
13.2333,DO,77.192,%
13.2333,feed_rate,2.09,mL/h
13.2333,pH,6.456,-
13.2333,temp,29.945,degC
13.25,DO,77.106,%
13.25,feed_rate,2.09,mL/h
13.25,pH,6.465,-
13.25,temp,30.002,degC
13.2667,DO,77.031,%
13.2667,feed_rate,2.09,mL/h
13.2667,pH,6.449,-
13.2667,temp,29.953,degC
13.2833,DO,76.525,%
13.2833,feed_rate,2.09,mL/h
13.2833,pH,6.448,-
13.2833,temp,30.067,degC
13.3,DO,76.457,%
13.3,feed_rate,2.09,mL/h
13.3,pH,6.453,-
13.3,temp,30.003,degC
13.3167,DO,75.871,%
13.3167,feed_rate,2.09,mL/h
13.3167,pH,6.442,-
13.3167,temp,29.992,degC
13.3333,DO,76.164,%
13.3333,feed_rate,2.09,mL/h
13.3333,pH,6.428,-
13.3333,temp,30.02,degC
13.35,DO,75.888,%
13.35,feed_rate,2.09,mL/h
13.35,pH,6.434,-
13.35,temp,29.981,degC
13.3667,DO,76.325,%
13.3667,feed_rate,2.09,mL/h
13.3667,pH,6.434,-
13.3667,temp,30.033,degC
13.3833,DO,77.173,%
13.3833,feed_rate,2.09,mL/h
13.3833,pH,6.448,-
13.3833,temp,30.018,degC
13.4,DO,76.822,%
13.4,feed_rate,2.09,mL/h
13.4,pH,6.44,-
13.4,temp,29.941,degC
13.4167,DO,77.046,%
13.4167,feed_rate,2.09,mL/h
13.4167,pH,6.442,-
13.4167,temp,30.036,degC
13.4333,DO,76.936,%
13.4333,feed_rate,2.09,mL/h
13.4333,pH,6.452,-
13.4333,temp,29.977,degC
13.45,DO,76.548,%
13.45,feed_rate,2.09,mL/h
13.45,pH,6.448,-
13.45,temp,30.041,degC
13.4667,DO,76.14,%
13.4667,feed_rate,2.09,mL/h
13.4667,pH,6.466,-
13.4667,temp,29.903,degC
13.4833,DO,76.222,%
13.4833,feed_rate,2.09,mL/h
13.4833,pH,6.446,-
13.4833,temp,30.084,degC
13.5,DO,76.526,%
13.5,feed_rate,2.09,mL/h
13.5,pH,6.437,-
13.5,temp,29.983,degC
13.5167,DO,76.445,%
13.5167,feed_rate,2.09,mL/h
13.5167,pH,6.459,-
13.5167,temp,29.987,degC
13.5333,DO,75.808,%
13.5333,feed_rate,2.09,mL/h
13.5333,pH,6.442,-
13.5333,temp,30.059,degC
13.55,DO,75.427,%
13.55,feed_rate,2.09,mL/h
13.55,pH,6.445,-
13.55,temp,29.967,degC
13.5667,DO,75.354,%
13.5667,feed_rate,2.09,mL/h
13.5667,pH,6.456,-
13.5667,temp,30.048,degC
13.5833,DO,75.759,%
13.5833,feed_rate,2.09,mL/h
13.5833,pH,6.448,-
13.5833,temp,29.924,degC
13.6,DO,75.749,%
13.6,feed_rate,2.09,mL/h
13.6,pH,6.453,-
13.6,temp,30.071,degC
13.6167,DO,75.742,%
13.6167,feed_rate,2.09,mL/h
13.6167,pH,6.439,-
13.6167,temp,30.077,degC
13.6333,DO,75.989,%
13.6333,feed_rate,2.09,mL/h
13.6333,pH,6.443,-
13.6333,temp,30.038,degC
13.65,DO,75.75,%
13.65,feed_rate,2.09,mL/h
13.65,pH,6.452,-
13.65,temp,29.932,degC
13.6667,DO,75.582,%
13.6667,feed_rate,2.09,mL/h
13.6667,pH,6.44,-
13.6667,temp,30.025,degC
13.6833,DO,75.407,%
13.6833,feed_rate,2.09,mL/h
13.6833,pH,6.442,-
13.6833,temp,30.017,degC
13.7,DO,74.776,%
13.7,feed_rate,2.09,mL/h
13.7,pH,6.445,-
13.7,temp,29.983,degC
13.7167,DO,74.932,%
13.7167,feed_rate,2.09,mL/h
13.7167,pH,6.461,-
13.7167,temp,29.962,degC
13.7333,DO,75.028,%
13.7333,feed_rate,2.09,mL/h
13.7333,pH,6.46,-
13.7333,temp,29.983,degC
13.75,DO,73.718,%
13.75,feed_rate,5.951,mL/h
13.75,pH,6.448,-
13.75,temp,29.972,degC
13.7667,DO,72.009,%
13.7667,feed_rate,5.951,mL/h
13.7667,pH,6.446,-
13.7667,temp,30.004,degC
13.7833,DO,70.741,%
13.7833,feed_rate,5.951,mL/h
13.7833,pH,6.438,-
13.7833,temp,30.048,degC
13.8,DO,70.239,%
13.8,feed_rate,5.951,mL/h
13.8,pH,6.459,-
13.8,temp,29.998,degC
13.8167,DO,69.642,%
13.8167,feed_rate,5.951,mL/h
13.8167,pH,6.449,-
13.8167,temp,30.031,degC
13.8333,DO,69.468,%
13.8333,feed_rate,5.951,mL/h
13.8333,pH,6.455,-
13.8333,temp,30.007,degC
13.85,DO,68.645,%
13.85,feed_rate,5.951,mL/h
13.85,pH,6.431,-
13.85,temp,29.979,degC
13.8667,DO,68.294,%
13.8667,feed_rate,5.951,mL/h
13.8667,pH,6.453,-
13.8667,temp,30.014,degC
13.8833,DO,67.738,%
13.8833,feed_rate,5.951,mL/h
13.8833,pH,6.447,-
13.8833,temp,29.997,degC
13.9,DO,67.576,%
13.9,feed_rate,5.951,mL/h
13.9,pH,6.453,-
13.9,temp,30.029,degC
13.9167,DO,67.196,%
13.9167,feed_rate,5.951,mL/h
13.9167,pH,6.455,-
13.9167,temp,30.091,degC
13.9333,DO,67.186,%
13.9333,feed_rate,5.951,mL/h
13.9333,pH,6.445,-
13.9333,temp,29.919,degC
13.95,DO,67.33,%
13.95,feed_rate,5.951,mL/h
13.95,pH,6.441,-
13.95,temp,30.017,degC
13.9667,DO,67.311,%
13.9667,feed_rate,5.951,mL/h
13.9667,pH,6.452,-
13.9667,temp,29.913,degC
13.9833,DO,66.538,%
13.9833,feed_rate,5.951,mL/h
13.9833,pH,6.433,-
13.9833,temp,29.993,degC
14.0,DO,66.732,%
14.0,feed_rate,5.951,mL/h
14.0,pH,6.459,-
14.0,temp,29.935,degC
14.0167,DO,66.728,%
14.0167,feed_rate,5.951,mL/h
14.0167,pH,6.448,-
14.0167,temp,30.024,degC
14.0333,DO,66.264,%
14.0333,feed_rate,5.951,mL/h
14.0333,pH,6.434,-
14.0333,temp,30.084,degC
14.05,DO,65.929,%
14.05,feed_rate,5.951,mL/h
14.05,pH,6.458,-
14.05,temp,29.969,degC
14.0667,DO,65.916,%
14.0667,feed_rate,5.951,mL/h
14.0667,pH,6.454,-
14.0667,temp,30.015,degC
14.0833,DO,66.064,%
14.0833,feed_rate,5.951,mL/h
14.0833,pH,6.46,-
14.0833,temp,29.956,degC
14.1,DO,65.862,%
14.1,feed_rate,5.951,mL/h
14.1,pH,6.455,-
14.1,temp,30.01,degC
14.1167,DO,65.337,%
14.1167,feed_rate,5.951,mL/h
14.1167,pH,6.45,-
14.1167,temp,30.066,degC
14.1333,DO,65.476,%
14.1333,feed_rate,5.951,mL/h
14.1333,pH,6.444,-
14.1333,temp,29.953,degC
14.15,DO,65.542,%
14.15,feed_rate,5.951,mL/h
14.15,pH,6.434,-
14.15,temp,29.973,degC
14.1667,DO,66.263,%
14.1667,feed_rate,5.951,mL/h
14.1667,pH,6.452,-
14.1667,temp,29.928,degC
14.1833,DO,65.709,%
14.1833,feed_rate,5.951,mL/h
14.1833,pH,6.45,-
14.1833,temp,30.014,degC
14.2,DO,66.398,%
14.2,feed_rate,5.951,mL/h
14.2,pH,6.44,-
14.2,temp,30.023,degC
14.2167,DO,66.702,%
14.2167,feed_rate,5.951,mL/h
14.2167,pH,6.45,-
14.2167,temp,29.977,degC
14.2333,DO,66.502,%
14.2333,feed_rate,5.951,mL/h
14.2333,pH,6.435,-
14.2333,temp,30.03,degC
14.25,DO,66.735,%
14.25,feed_rate,5.951,mL/h
14.25,pH,6.455,-
14.25,temp,29.921,degC
14.2667,DO,66.442,%
14.2667,feed_rate,5.951,mL/h
14.2667,pH,6.446,-
14.2667,temp,30.016,degC
14.2833,DO,66.459,%
14.2833,feed_rate,5.951,mL/h
14.2833,pH,6.447,-
14.2833,temp,29.99,degC
14.3,DO,65.947,%
14.3,feed_rate,5.951,mL/h
14.3,pH,6.437,-
14.3,temp,29.926,degC
14.3167,DO,65.769,%
14.3167,feed_rate,5.951,mL/h
14.3167,pH,6.453,-
14.3167,temp,29.923,degC
14.3333,DO,65.286,%
14.3333,feed_rate,5.951,mL/h
14.3333,pH,6.445,-
14.3333,temp,29.953,degC
14.35,DO,64.72,%
14.35,feed_rate,5.951,mL/h
14.35,pH,6.438,-
14.35,temp,30.028,degC
14.3667,DO,64.645,%
14.3667,feed_rate,5.951,mL/h
14.3667,pH,6.448,-
14.3667,temp,30.047,degC
14.3833,DO,64.458,%
14.3833,feed_rate,5.951,mL/h
14.3833,pH,6.442,-
14.3833,temp,30.014,degC
14.4,DO,64.665,%
14.4,feed_rate,5.951,mL/h
14.4,pH,6.454,-
14.4,temp,30.056,degC
14.4167,DO,65.028,%
14.4167,feed_rate,5.951,mL/h
14.4167,pH,6.428,-
14.4167,temp,29.998,degC
14.4333,DO,64.874,%
14.4333,feed_rate,5.951,mL/h
14.4333,pH,6.432,-
14.4333,temp,29.959,degC
14.45,DO,64.807,%
14.45,feed_rate,5.951,mL/h
14.45,pH,6.464,-
14.45,temp,30.058,degC
14.4667,DO,64.78,%
14.4667,feed_rate,5.951,mL/h
14.4667,pH,6.438,-
14.4667,temp,30.018,degC
14.4833,DO,64.187,%
14.4833,feed_rate,5.951,mL/h
14.4833,pH,6.448,-
14.4833,temp,29.94,degC
14.5,DO,64.284,%
14.5,feed_rate,5.951,mL/h
14.5,pH,6.439,-
14.5,temp,29.976,degC
14.5167,DO,64.272,%
14.5167,feed_rate,5.951,mL/h
14.5167,pH,6.445,-
14.5167,temp,30.036,degC
14.5333,DO,64.234,%
14.5333,feed_rate,5.951,mL/h
14.5333,pH,6.469,-
14.5333,temp,30.044,degC
14.55,DO,63.874,%
14.55,feed_rate,5.951,mL/h
14.55,pH,6.423,-
14.55,temp,30.014,degC
14.5667,DO,63.31,%
14.5667,feed_rate,5.951,mL/h
14.5667,pH,6.448,-
14.5667,temp,29.95,degC
14.5833,DO,63.366,%
14.5833,feed_rate,5.951,mL/h
14.5833,pH,6.443,-
14.5833,temp,30.002,degC
14.6,DO,63.569,%
14.6,feed_rate,5.951,mL/h
14.6,pH,6.443,-
14.6,temp,30.078,degC
14.6167,DO,64.027,%
14.6167,feed_rate,5.951,mL/h
14.6167,pH,6.435,-
14.6167,temp,30.034,degC
14.6333,DO,64.318,%
14.6333,feed_rate,5.951,mL/h
14.6333,pH,6.433,-
14.6333,temp,30.059,degC
14.65,DO,64.636,%
14.65,feed_rate,5.951,mL/h
14.65,pH,6.456,-
14.65,temp,29.951,degC
14.6667,DO,64.552,%
14.6667,feed_rate,5.951,mL/h
14.6667,pH,6.447,-
14.6667,temp,29.98,degC
14.6833,DO,64.709,%
14.6833,feed_rate,5.951,mL/h
14.6833,pH,6.43,-
14.6833,temp,30.017,degC
14.7,DO,64.414,%
14.7,feed_rate,5.951,mL/h
14.7,pH,6.442,-
14.7,temp,30.015,degC
14.7167,DO,64.417,%
14.7167,feed_rate,5.951,mL/h
14.7167,pH,6.429,-
14.7167,temp,29.992,degC
14.7333,DO,64.498,%
14.7333,feed_rate,5.951,mL/h
14.7333,pH,6.471,-
14.7333,temp,29.919,degC
14.75,DO,65.077,%
14.75,feed_rate,5.951,mL/h
14.75,pH,6.446,-
14.75,temp,30.016,degC
14.7667,DO,64.795,%
14.7667,feed_rate,5.951,mL/h
14.7667,pH,6.424,-
14.7667,temp,30.01,degC
14.7833,DO,64.103,%
14.7833,feed_rate,5.951,mL/h
14.7833,pH,6.451,-
14.7833,temp,29.97,degC
14.8,DO,64.332,%
14.8,feed_rate,5.951,mL/h
14.8,pH,6.448,-
14.8,temp,30.044,degC
14.8167,DO,63.853,%
14.8167,feed_rate,5.951,mL/h
14.8167,pH,6.445,-
14.8167,temp,30.118,degC
14.8333,DO,63.677,%
14.8333,feed_rate,5.951,mL/h
14.8333,pH,6.443,-
14.8333,temp,30.008,degC
14.85,DO,63.454,%
14.85,feed_rate,5.951,mL/h
14.85,pH,6.436,-
14.85,temp,29.998,degC
14.8667,DO,63.079,%
14.8667,feed_rate,5.951,mL/h
14.8667,pH,6.439,-
14.8667,temp,30.049,degC
14.8833,DO,63.44,%
14.8833,feed_rate,5.951,mL/h
14.8833,pH,6.421,-
14.8833,temp,30.105,degC
14.9,DO,63.496,%
14.9,feed_rate,5.951,mL/h
14.9,pH,6.454,-
14.9,temp,30.011,degC
14.9167,DO,63.166,%
14.9167,feed_rate,5.951,mL/h
14.9167,pH,6.461,-
14.9167,temp,29.998,degC
14.9333,DO,63.094,%
14.9333,feed_rate,5.951,mL/h
14.9333,pH,6.446,-
14.9333,temp,29.988,degC
14.95,DO,62.874,%
14.95,feed_rate,5.951,mL/h
14.95,pH,6.447,-
14.95,temp,30.105,degC
14.9667,DO,63.001,%
14.9667,feed_rate,5.951,mL/h
14.9667,pH,6.427,-
14.9667,temp,30.048,degC
14.9833,DO,62.792,%
14.9833,feed_rate,5.951,mL/h
14.9833,pH,6.437,-
14.9833,temp,30.048,degC
15.0,DO,62.497,%
15.0,feed_rate,5.951,mL/h
15.0,pH,6.427,-
15.0,temp,30.01,degC
15.0167,DO,62.285,%
15.0167,feed_rate,5.951,mL/h
15.0167,pH,6.428,-
15.0167,temp,29.985,degC
15.0333,DO,62.167,%
15.0333,feed_rate,5.951,mL/h
15.0333,pH,6.446,-
15.0333,temp,29.98,degC
15.05,DO,62.278,%
15.05,feed_rate,5.951,mL/h
15.05,pH,6.455,-
15.05,temp,30.061,degC
15.0667,DO,61.992,%
15.0667,feed_rate,5.951,mL/h
15.0667,pH,6.44,-
15.0667,temp,30.092,degC
15.0833,DO,62.001,%
15.0833,feed_rate,5.951,mL/h
15.0833,pH,6.465,-
15.0833,temp,29.97,degC
15.1,DO,62.156,%
15.1,feed_rate,5.951,mL/h
15.1,pH,6.449,-
15.1,temp,30.064,degC
15.1167,DO,62.836,%
15.1167,feed_rate,5.951,mL/h
15.1167,pH,6.418,-
15.1167,temp,29.923,degC
15.1333,DO,62.924,%
15.1333,feed_rate,5.951,mL/h
15.1333,pH,6.436,-
15.1333,temp,29.898,degC
15.15,DO,61.83,%
15.15,feed_rate,5.951,mL/h
15.15,pH,6.453,-
15.15,temp,29.994,degC
15.1667,DO,61.686,%
15.1667,feed_rate,5.951,mL/h
15.1667,pH,6.442,-
15.1667,temp,30.025,degC
15.1833,DO,61.593,%
15.1833,feed_rate,5.951,mL/h
15.1833,pH,6.45,-
15.1833,temp,30.049,degC
15.2,DO,61.721,%
15.2,feed_rate,5.951,mL/h
15.2,pH,6.423,-
15.2,temp,29.984,degC
15.2167,DO,62.188,%
15.2167,feed_rate,5.951,mL/h
15.2167,pH,6.453,-
15.2167,temp,29.967,degC
15.2333,DO,62.3,%
15.2333,feed_rate,5.951,mL/h
15.2333,pH,6.428,-
15.2333,temp,30.064,degC
15.25,DO,61.466,%
15.25,feed_rate,5.951,mL/h
15.25,pH,6.443,-
15.25,temp,29.873,degC
15.2667,DO,61.569,%
15.2667,feed_rate,5.951,mL/h
15.2667,pH,6.461,-
15.2667,temp,30.035,degC
15.2833,DO,61.58,%
15.2833,feed_rate,5.951,mL/h
15.2833,pH,6.44,-
15.2833,temp,30.016,degC
15.3,DO,60.495,%
15.3,feed_rate,8.885,mL/h
15.3,pH,6.437,-
15.3,temp,29.946,degC
15.3167,DO,59.899,%
15.3167,feed_rate,8.885,mL/h
15.3167,pH,6.447,-
15.3167,temp,29.975,degC
15.3333,DO,58.676,%
15.3333,feed_rate,8.885,mL/h
15.3333,pH,6.431,-
15.3333,temp,30.083,degC
15.35,DO,58.344,%
15.35,feed_rate,8.885,mL/h
15.35,pH,6.43,-
15.35,temp,29.865,degC
15.3667,DO,57.24,%
15.3667,feed_rate,8.885,mL/h
15.3667,pH,6.449,-
15.3667,temp,29.978,degC
15.3833,DO,56.856,%
15.3833,feed_rate,8.885,mL/h
15.3833,pH,6.424,-
15.3833,temp,29.93,degC
15.4,DO,56.637,%
15.4,feed_rate,8.885,mL/h
15.4,pH,6.426,-
15.4,temp,29.997,degC
15.4167,DO,57.021,%
15.4167,feed_rate,8.885,mL/h
15.4167,pH,6.457,-
15.4167,temp,30.007,degC
15.4333,DO,56.42,%
15.4333,feed_rate,8.885,mL/h
15.4333,pH,6.426,-
15.4333,temp,30.007,degC
15.45,DO,55.631,%
15.45,feed_rate,8.885,mL/h
15.45,pH,6.443,-
15.45,temp,30.026,degC
15.4667,DO,55.702,%
15.4667,feed_rate,8.885,mL/h
15.4667,pH,6.45,-
15.4667,temp,30.038,degC
15.4833,DO,55.343,%
15.4833,feed_rate,8.885,mL/h
15.4833,pH,6.438,-
15.4833,temp,30.021,degC
15.5,DO,55.712,%
15.5,feed_rate,8.885,mL/h
15.5,pH,6.428,-
15.5,temp,29.938,degC
15.5167,DO,55.314,%
15.5167,feed_rate,8.885,mL/h
15.5167,pH,6.447,-
15.5167,temp,29.961,degC
15.5333,DO,54.933,%
15.5333,feed_rate,8.885,mL/h
15.5333,pH,6.429,-
15.5333,temp,30.047,degC
15.55,DO,55.254,%
15.55,feed_rate,8.885,mL/h
15.55,pH,6.46,-
15.55,temp,29.98,degC
15.5667,DO,55.151,%
15.5667,feed_rate,8.885,mL/h
15.5667,pH,6.46,-
15.5667,temp,30.038,degC
15.5833,DO,55.332,%
15.5833,feed_rate,8.885,mL/h
15.5833,pH,6.428,-
15.5833,temp,30.053,degC
15.6,DO,54.736,%
15.6,feed_rate,8.885,mL/h
15.6,pH,6.444,-
15.6,temp,29.859,degC
15.6167,DO,55.173,%
15.6167,feed_rate,8.885,mL/h
15.6167,pH,6.431,-
15.6167,temp,30.1,degC
15.6333,DO,54.838,%
15.6333,feed_rate,8.885,mL/h
15.6333,pH,6.442,-
15.6333,temp,30.037,degC
15.65,DO,54.982,%
15.65,feed_rate,8.885,mL/h
15.65,pH,6.435,-
15.65,temp,30.034,degC
15.6667,DO,54.538,%
15.6667,feed_rate,8.885,mL/h
15.6667,pH,6.428,-
15.6667,temp,30.052,degC
15.6833,DO,54.008,%
15.6833,feed_rate,8.885,mL/h
15.6833,pH,6.443,-
15.6833,temp,30.043,degC
15.7,DO,53.961,%
15.7,feed_rate,8.885,mL/h
15.7,pH,6.421,-
15.7,temp,30.054,degC
15.7167,DO,54.042,%
15.7167,feed_rate,8.885,mL/h
15.7167,pH,6.441,-
15.7167,temp,29.971,degC
15.7333,DO,54.515,%
15.7333,feed_rate,8.885,mL/h
15.7333,pH,6.436,-
15.7333,temp,30.001,degC
15.75,DO,54.515,%
15.75,feed_rate,8.885,mL/h
15.75,pH,6.43,-
15.75,temp,29.982,degC
15.7667,DO,54.613,%
15.7667,feed_rate,8.885,mL/h
15.7667,pH,6.446,-
15.7667,temp,29.993,degC
15.7833,DO,54.664,%
15.7833,feed_rate,8.885,mL/h
15.7833,pH,6.438,-
15.7833,temp,30.015,degC
15.8,DO,55.428,%
15.8,feed_rate,8.885,mL/h
15.8,pH,6.434,-
15.8,temp,30.01,degC
15.8167,DO,54.85,%
15.8167,feed_rate,8.885,mL/h
15.8167,pH,6.435,-
15.8167,temp,29.99,degC
15.8333,DO,54.998,%
15.8333,feed_rate,8.885,mL/h
15.8333,pH,6.435,-
15.8333,temp,29.974,degC
15.85,DO,54.685,%
15.85,feed_rate,8.885,mL/h
15.85,pH,6.446,-
15.85,temp,29.961,degC
15.8667,DO,54.545,%
15.8667,feed_rate,8.885,mL/h
15.8667,pH,6.434,-
15.8667,temp,29.991,degC
15.8833,DO,54.181,%
15.8833,feed_rate,8.885,mL/h
15.8833,pH,6.408,-
15.8833,temp,29.958,degC
15.9,DO,54.391,%
15.9,feed_rate,8.885,mL/h
15.9,pH,6.406,-
15.9,temp,29.965,degC
15.9167,DO,53.822,%
15.9167,feed_rate,8.885,mL/h
15.9167,pH,6.426,-
15.9167,temp,30.037,degC
15.9333,DO,53.336,%
15.9333,feed_rate,8.885,mL/h
15.9333,pH,6.424,-
15.9333,temp,30.045,degC
15.95,DO,53.271,%
15.95,feed_rate,8.885,mL/h
15.95,pH,6.434,-
15.95,temp,29.978,degC
15.9667,DO,52.923,%
15.9667,feed_rate,8.885,mL/h
15.9667,pH,6.423,-
15.9667,temp,29.966,degC
15.9833,DO,53.191,%
15.9833,feed_rate,8.885,mL/h
15.9833,pH,6.428,-
15.9833,temp,29.899,degC
16.0,DO,53.461,%
16.0,feed_rate,8.885,mL/h
16.0,pH,6.45,-
16.0,temp,29.985,degC
16.0167,DO,53.163,%
16.0167,feed_rate,8.885,mL/h
16.0167,pH,6.423,-
16.0167,temp,30.008,degC
16.0333,DO,53.375,%
16.0333,feed_rate,8.885,mL/h
16.0333,pH,6.445,-
16.0333,temp,29.983,degC
16.05,DO,53.1,%
16.05,feed_rate,8.885,mL/h
16.05,pH,6.435,-
16.05,temp,29.981,degC
16.0667,DO,53.054,%
16.0667,feed_rate,8.885,mL/h
16.0667,pH,6.449,-
16.0667,temp,30.046,degC
16.0833,DO,53.022,%
16.0833,feed_rate,8.885,mL/h
16.0833,pH,6.445,-
16.0833,temp,30.032,degC
16.1,DO,53.546,%
16.1,feed_rate,8.885,mL/h
16.1,pH,6.437,-
16.1,temp,29.975,degC
16.1167,DO,53.392,%
16.1167,feed_rate,8.885,mL/h
16.1167,pH,6.447,-
16.1167,temp,30.086,degC
16.1333,DO,52.984,%
16.1333,feed_rate,8.885,mL/h
16.1333,pH,6.438,-
16.1333,temp,30.066,degC
16.15,DO,52.646,%
16.15,feed_rate,8.885,mL/h
16.15,pH,6.425,-
16.15,temp,30.111,degC
16.1667,DO,52.999,%
16.1667,feed_rate,8.885,mL/h
16.1667,pH,6.441,-
16.1667,temp,30.009,degC
16.1833,DO,52.411,%
16.1833,feed_rate,8.885,mL/h
16.1833,pH,6.441,-
16.1833,temp,29.978,degC
16.2,DO,52.289,%
16.2,feed_rate,8.885,mL/h
16.2,pH,6.435,-
16.2,temp,29.999,degC
16.2167,DO,52.207,%
16.2167,feed_rate,8.885,mL/h
16.2167,pH,6.438,-
16.2167,temp,30.0,degC
16.2333,DO,51.51,%
16.2333,feed_rate,8.885,mL/h
16.2333,pH,6.431,-
16.2333,temp,29.96,degC
16.25,DO,51.537,%
16.25,feed_rate,8.885,mL/h
16.25,pH,6.439,-
16.25,temp,30.048,degC
16.2667,DO,51.989,%
16.2667,feed_rate,8.885,mL/h
16.2667,pH,6.433,-
16.2667,temp,29.97,degC
16.2833,DO,52.108,%
16.2833,feed_rate,8.885,mL/h
16.2833,pH,6.42,-
16.2833,temp,29.898,degC
16.3,DO,51.853,%
16.3,feed_rate,8.885,mL/h
16.3,pH,6.433,-
16.3,temp,30.034,degC
16.3167,DO,52.116,%
16.3167,feed_rate,8.885,mL/h
16.3167,pH,6.451,-
16.3167,temp,29.998,degC
16.3333,DO,52.264,%
16.3333,feed_rate,8.885,mL/h
16.3333,pH,6.444,-
16.3333,temp,30.025,degC
16.35,DO,52.824,%
16.35,feed_rate,8.885,mL/h
16.35,pH,6.45,-
16.35,temp,29.976,degC
16.3667,DO,52.432,%
16.3667,feed_rate,8.885,mL/h
16.3667,pH,6.435,-
16.3667,temp,29.901,degC
16.3833,DO,52.213,%
16.3833,feed_rate,8.885,mL/h
16.3833,pH,6.431,-
16.3833,temp,30.088,degC
16.4,DO,52.157,%
16.4,feed_rate,8.885,mL/h
16.4,pH,6.424,-
16.4,temp,30.036,degC
16.4167,DO,52.048,%
16.4167,feed_rate,8.885,mL/h
16.4167,pH,6.437,-
16.4167,temp,30.0,degC
16.4333,DO,52.017,%
16.4333,feed_rate,8.885,mL/h
16.4333,pH,6.445,-
16.4333,temp,30.019,degC
16.45,DO,51.925,%
16.45,feed_rate,8.885,mL/h
16.45,pH,6.443,-
16.45,temp,30.074,degC
16.4667,DO,51.664,%
16.4667,feed_rate,8.885,mL/h
16.4667,pH,6.442,-
16.4667,temp,30.024,degC
16.4833,DO,51.172,%
16.4833,feed_rate,8.885,mL/h
16.4833,pH,6.43,-
16.4833,temp,29.997,degC
16.5,DO,51.081,%
16.5,feed_rate,8.885,mL/h
16.5,pH,6.436,-
16.5,temp,30.005,degC
16.5167,DO,50.748,%
16.5167,feed_rate,8.885,mL/h
16.5167,pH,6.427,-
16.5167,temp,29.939,degC
16.5333,DO,50.574,%
16.5333,feed_rate,8.885,mL/h
16.5333,pH,6.443,-
16.5333,temp,30.019,degC
16.55,DO,50.576,%
16.55,feed_rate,8.885,mL/h
16.55,pH,6.44,-
16.55,temp,30.0,degC
16.5667,DO,50.882,%
16.5667,feed_rate,8.885,mL/h
16.5667,pH,6.428,-
16.5667,temp,30.034,degC
16.5833,DO,51.221,%
16.5833,feed_rate,8.885,mL/h
16.5833,pH,6.436,-
16.5833,temp,29.974,degC
16.6,DO,50.913,%
16.6,feed_rate,8.885,mL/h
16.6,pH,6.412,-
16.6,temp,29.976,degC
16.6167,DO,51.06,%
16.6167,feed_rate,8.885,mL/h
16.6167,pH,6.441,-
16.6167,temp,29.917,degC
16.6333,DO,51.316,%
16.6333,feed_rate,8.885,mL/h
16.6333,pH,6.426,-
16.6333,temp,29.988,degC
16.65,DO,51.255,%
16.65,feed_rate,8.885,mL/h
16.65,pH,6.43,-
16.65,temp,29.991,degC
16.6667,DO,50.717,%
16.6667,feed_rate,8.885,mL/h
16.6667,pH,6.44,-
16.6667,temp,29.981,degC
16.6833,DO,50.122,%
16.6833,feed_rate,8.885,mL/h
16.6833,pH,6.441,-
16.6833,temp,30.06,degC
16.7,DO,50.52,%
16.7,feed_rate,8.885,mL/h
16.7,pH,6.427,-
16.7,temp,30.044,degC
16.7167,DO,50.865,%
16.7167,feed_rate,8.885,mL/h
16.7167,pH,6.45,-
16.7167,temp,30.008,degC
16.7333,DO,50.939,%
16.7333,feed_rate,8.885,mL/h
16.7333,pH,6.454,-
16.7333,temp,29.957,degC
16.75,DO,50.588,%
16.75,feed_rate,8.885,mL/h
16.75,pH,6.448,-
16.75,temp,30.013,degC
16.7667,DO,51.049,%
16.7667,feed_rate,8.885,mL/h
16.7667,pH,6.447,-
16.7667,temp,30.187,degC
16.7833,DO,51.337,%
16.7833,feed_rate,8.885,mL/h
16.7833,pH,6.434,-
16.7833,temp,29.99,degC
16.8,DO,51.178,%
16.8,feed_rate,8.885,mL/h
16.8,pH,6.447,-
16.8,temp,29.994,degC
16.8167,DO,50.988,%
16.8167,feed_rate,8.885,mL/h
16.8167,pH,6.425,-
16.8167,temp,30.04,degC
16.8333,DO,50.306,%
16.8333,feed_rate,8.885,mL/h
16.8333,pH,6.422,-
16.8333,temp,29.959,degC
16.85,DO,50.563,%
16.85,feed_rate,8.885,mL/h
16.85,pH,6.435,-
16.85,temp,30.028,degC
16.8667,DO,50.049,%
16.8667,feed_rate,8.885,mL/h
16.8667,pH,6.436,-
16.8667,temp,29.936,degC
16.8833,DO,50.316,%
16.8833,feed_rate,8.885,mL/h
16.8833,pH,6.424,-
16.8833,temp,30.004,degC
16.9,DO,50.535,%
16.9,feed_rate,8.885,mL/h
16.9,pH,6.451,-
16.9,temp,30.012,degC
16.9167,DO,50.509,%
16.9167,feed_rate,8.885,mL/h
16.9167,pH,6.418,-
16.9167,temp,30.015,degC
16.9333,DO,50.925,%
16.9333,feed_rate,8.885,mL/h
16.9333,pH,6.412,-
16.9333,temp,30.052,degC
16.95,DO,50.677,%
16.95,feed_rate,8.885,mL/h
16.95,pH,6.429,-
16.95,temp,30.004,degC
16.9667,DO,50.742,%
16.9667,feed_rate,8.885,mL/h
16.9667,pH,6.449,-
16.9667,temp,29.996,degC
16.9833,DO,50.848,%
16.9833,feed_rate,8.885,mL/h
16.9833,pH,6.44,-
16.9833,temp,30.045,degC
17.0,DO,50.758,%
17.0,feed_rate,8.885,mL/h
17.0,pH,6.436,-
17.0,temp,29.997,degC
17.0167,DO,50.476,%
17.0167,feed_rate,8.885,mL/h
17.0167,pH,6.434,-
17.0167,temp,30.039,degC
17.0333,DO,50.736,%
17.0333,feed_rate,8.885,mL/h
17.0333,pH,6.438,-
17.0333,temp,29.979,degC
17.05,DO,50.692,%
17.05,feed_rate,8.885,mL/h
17.05,pH,6.436,-
17.05,temp,30.013,degC
17.0667,DO,50.462,%
17.0667,feed_rate,8.885,mL/h
17.0667,pH,6.433,-
17.0667,temp,29.986,degC
17.0833,DO,50.277,%
17.0833,feed_rate,8.885,mL/h
17.0833,pH,6.431,-
17.0833,temp,30.006,degC
17.1,DO,50.209,%
17.1,feed_rate,8.885,mL/h
17.1,pH,6.416,-
17.1,temp,29.983,degC
17.1167,DO,50.944,%
17.1167,feed_rate,8.501,mL/h
17.1167,pH,6.442,-
17.1167,temp,30.001,degC
17.1333,DO,50.87,%
17.1333,feed_rate,8.501,mL/h
17.1333,pH,6.428,-
17.1333,temp,29.875,degC
17.15,DO,50.697,%
17.15,feed_rate,8.501,mL/h
17.15,pH,6.436,-
17.15,temp,30.063,degC
17.1667,DO,50.303,%
17.1667,feed_rate,8.501,mL/h
17.1667,pH,6.437,-
17.1667,temp,29.95,degC
17.1833,DO,49.931,%
17.1833,feed_rate,8.501,mL/h
17.1833,pH,6.442,-
17.1833,temp,30.011,degC
17.2,DO,49.421,%
17.2,feed_rate,8.501,mL/h
17.2,pH,6.424,-
17.2,temp,29.955,degC
17.2167,DO,49.643,%
17.2167,feed_rate,8.501,mL/h
17.2167,pH,6.44,-
17.2167,temp,30.102,degC
17.2333,DO,49.75,%
17.2333,feed_rate,8.501,mL/h
17.2333,pH,6.44,-
17.2333,temp,30.053,degC
17.25,DO,49.508,%
17.25,feed_rate,8.501,mL/h
17.25,pH,6.43,-
17.25,temp,30.092,degC
17.2667,DO,49.169,%
17.2667,feed_rate,8.501,mL/h
17.2667,pH,6.431,-
17.2667,temp,29.979,degC
17.2833,DO,49.236,%
17.2833,feed_rate,8.501,mL/h
17.2833,pH,6.433,-
17.2833,temp,30.01,degC
17.3,DO,49.221,%
17.3,feed_rate,8.501,mL/h
17.3,pH,6.421,-
17.3,temp,30.053,degC
17.3167,DO,48.956,%
17.3167,feed_rate,8.501,mL/h
17.3167,pH,6.427,-
17.3167,temp,29.985,degC
17.3333,DO,49.226,%
17.3333,feed_rate,8.501,mL/h
17.3333,pH,6.42,-
17.3333,temp,30.115,degC
17.35,DO,49.385,%
17.35,feed_rate,8.501,mL/h
17.35,pH,6.443,-
17.35,temp,30.046,degC
17.3667,DO,49.446,%
17.3667,feed_rate,8.501,mL/h
17.3667,pH,6.423,-
17.3667,temp,30.037,degC
17.3833,DO,49.731,%
17.3833,feed_rate,8.501,mL/h
17.3833,pH,6.42,-
17.3833,temp,30.001,degC
17.4,DO,49.523,%
17.4,feed_rate,8.501,mL/h
17.4,pH,6.432,-
17.4,temp,30.07,degC
17.4167,DO,49.952,%
17.4167,feed_rate,8.501,mL/h
17.4167,pH,6.436,-
17.4167,temp,30.004,degC
17.4333,DO,49.573,%
17.4333,feed_rate,8.501,mL/h
17.4333,pH,6.427,-
17.4333,temp,29.936,degC
17.45,DO,49.72,%
17.45,feed_rate,8.501,mL/h
17.45,pH,6.421,-
17.45,temp,30.004,degC
17.4667,DO,49.865,%
17.4667,feed_rate,8.501,mL/h
17.4667,pH,6.435,-
17.4667,temp,29.953,degC
17.4833,DO,49.703,%
17.4833,feed_rate,8.501,mL/h
17.4833,pH,6.439,-
17.4833,temp,30.005,degC
17.5,DO,49.748,%
17.5,feed_rate,8.501,mL/h
17.5,pH,6.414,-
17.5,temp,30.027,degC
17.5167,DO,49.284,%
17.5167,feed_rate,8.501,mL/h
17.5167,pH,6.439,-
17.5167,temp,29.993,degC
17.5333,DO,48.839,%
17.5333,feed_rate,8.501,mL/h
17.5333,pH,6.412,-
17.5333,temp,29.992,degC
17.55,DO,48.864,%
17.55,feed_rate,8.501,mL/h
17.55,pH,6.437,-
17.55,temp,29.921,degC
17.5667,DO,48.717,%
17.5667,feed_rate,8.501,mL/h
17.5667,pH,6.426,-
17.5667,temp,29.969,degC
17.5833,DO,48.987,%
17.5833,feed_rate,8.501,mL/h
17.5833,pH,6.427,-
17.5833,temp,30.081,degC
17.6,DO,49.026,%
17.6,feed_rate,8.501,mL/h
17.6,pH,6.437,-
17.6,temp,29.949,degC
17.6167,DO,49.225,%
17.6167,feed_rate,8.501,mL/h
17.6167,pH,6.444,-
17.6167,temp,29.904,degC
17.6333,DO,49.285,%
17.6333,feed_rate,8.501,mL/h
17.6333,pH,6.451,-
17.6333,temp,29.993,degC
17.65,DO,49.291,%
17.65,feed_rate,8.501,mL/h
17.65,pH,6.443,-
17.65,temp,30.071,degC
17.6667,DO,49.253,%
17.6667,feed_rate,8.501,mL/h
17.6667,pH,6.437,-
17.6667,temp,30.046,degC
17.6833,DO,49.075,%
17.6833,feed_rate,8.501,mL/h
17.6833,pH,6.416,-
17.6833,temp,30.005,degC
17.7,DO,48.896,%
17.7,feed_rate,8.501,mL/h
17.7,pH,6.425,-
17.7,temp,30.008,degC
17.7167,DO,49.494,%
17.7167,feed_rate,8.501,mL/h
17.7167,pH,6.431,-
17.7167,temp,29.985,degC
17.7333,DO,48.825,%
17.7333,feed_rate,8.501,mL/h
17.7333,pH,6.423,-
17.7333,temp,30.022,degC
17.75,DO,48.754,%
17.75,feed_rate,8.501,mL/h
17.75,pH,6.435,-
17.75,temp,30.014,degC
17.7667,DO,49.046,%
17.7667,feed_rate,8.501,mL/h
17.7667,pH,6.427,-
17.7667,temp,29.998,degC
17.7833,DO,49.095,%
17.7833,feed_rate,8.501,mL/h
17.7833,pH,6.447,-
17.7833,temp,29.915,degC
17.8,DO,49.423,%
17.8,feed_rate,8.501,mL/h
17.8,pH,6.427,-
17.8,temp,29.977,degC
17.8167,DO,49.419,%
17.8167,feed_rate,8.501,mL/h
17.8167,pH,6.416,-
17.8167,temp,29.968,degC
17.8333,DO,48.864,%
17.8333,feed_rate,8.501,mL/h
17.8333,pH,6.424,-
17.8333,temp,29.949,degC
17.85,DO,48.691,%
17.85,feed_rate,8.501,mL/h
17.85,pH,6.422,-
17.85,temp,30.009,degC
17.8667,DO,48.222,%
17.8667,feed_rate,8.501,mL/h
17.8667,pH,6.436,-
17.8667,temp,30.009,degC
17.8833,DO,48.556,%
17.8833,feed_rate,8.501,mL/h
17.8833,pH,6.443,-
17.8833,temp,29.966,degC
17.9,DO,48.952,%
17.9,feed_rate,8.501,mL/h
17.9,pH,6.439,-
17.9,temp,30.033,degC
17.9167,DO,48.694,%
17.9167,feed_rate,8.501,mL/h
17.9167,pH,6.439,-
17.9167,temp,29.991,degC
17.9333,DO,48.775,%
17.9333,feed_rate,8.501,mL/h
17.9333,pH,6.422,-
17.9333,temp,29.971,degC
17.95,DO,48.546,%
17.95,feed_rate,8.501,mL/h
17.95,pH,6.417,-
17.95,temp,30.036,degC
17.9667,DO,48.045,%
17.9667,feed_rate,8.501,mL/h
17.9667,pH,6.42,-
17.9667,temp,30.029,degC
17.9833,DO,47.934,%
17.9833,feed_rate,8.501,mL/h
17.9833,pH,6.429,-
17.9833,temp,30.112,degC
18.0,DO,47.496,%
18.0,feed_rate,8.501,mL/h
18.0,pH,6.425,-
18.0,temp,30.045,degC
18.0167,DO,47.441,%
18.0167,feed_rate,8.501,mL/h
18.0167,pH,6.431,-
18.0167,temp,30.02,degC
18.0333,DO,47.624,%
18.0333,feed_rate,8.501,mL/h
18.0333,pH,6.438,-
18.0333,temp,30.008,degC
18.05,DO,47.916,%
18.05,feed_rate,8.501,mL/h
18.05,pH,6.429,-
18.05,temp,29.968,degC
18.0667,DO,48.312,%
18.0667,feed_rate,8.501,mL/h
18.0667,pH,6.445,-
18.0667,temp,29.919,degC
18.0833,DO,48.132,%
18.0833,feed_rate,8.501,mL/h
18.0833,pH,6.42,-
18.0833,temp,29.989,degC
18.1,DO,48.151,%
18.1,feed_rate,8.501,mL/h
18.1,pH,6.434,-
18.1,temp,29.971,degC
18.1167,DO,48.214,%
18.1167,feed_rate,8.501,mL/h
18.1167,pH,6.427,-
18.1167,temp,30.006,degC
18.1333,DO,48.296,%
18.1333,feed_rate,8.501,mL/h
18.1333,pH,6.438,-
18.1333,temp,30.04,degC
18.15,DO,47.332,%
18.15,feed_rate,8.501,mL/h
18.15,pH,6.428,-
18.15,temp,29.995,degC
18.1667,DO,47.174,%
18.1667,feed_rate,8.501,mL/h
18.1667,pH,6.422,-
18.1667,temp,30.034,degC
18.1833,DO,47.513,%
18.1833,feed_rate,8.501,mL/h
18.1833,pH,6.426,-
18.1833,temp,30.121,degC
18.2,DO,47.201,%
18.2,feed_rate,8.501,mL/h
18.2,pH,6.419,-
18.2,temp,29.995,degC
18.2167,DO,47.353,%
18.2167,feed_rate,8.501,mL/h
18.2167,pH,6.417,-
18.2167,temp,29.984,degC
18.2333,DO,47.643,%
18.2333,feed_rate,8.501,mL/h
18.2333,pH,6.436,-
18.2333,temp,30.068,degC
18.25,DO,47.048,%
18.25,feed_rate,8.501,mL/h
18.25,pH,6.421,-
18.25,temp,30.06,degC
18.2667,DO,47.076,%
18.2667,feed_rate,8.501,mL/h
18.2667,pH,6.439,-
18.2667,temp,30.085,degC
18.2833,DO,47.219,%
18.2833,feed_rate,8.501,mL/h
18.2833,pH,6.452,-
18.2833,temp,29.962,degC
18.3,DO,47.257,%
18.3,feed_rate,8.501,mL/h
18.3,pH,6.423,-
18.3,temp,29.925,degC
18.3167,DO,46.818,%
18.3167,feed_rate,8.501,mL/h
18.3167,pH,6.436,-
18.3167,temp,30.078,degC
18.3333,DO,47.021,%
18.3333,feed_rate,8.501,mL/h
18.3333,pH,6.426,-
18.3333,temp,30.069,degC
18.35,DO,46.904,%
18.35,feed_rate,8.501,mL/h
18.35,pH,6.408,-
18.35,temp,30.008,degC
18.3667,DO,47.218,%
18.3667,feed_rate,8.501,mL/h
18.3667,pH,6.426,-
18.3667,temp,29.884,degC
18.3833,DO,47.343,%
18.3833,feed_rate,8.501,mL/h
18.3833,pH,6.442,-
18.3833,temp,30.102,degC
18.4,DO,47.142,%
18.4,feed_rate,8.501,mL/h
18.4,pH,6.415,-
18.4,temp,30.081,degC
18.4167,DO,47.191,%
18.4167,feed_rate,8.501,mL/h
18.4167,pH,6.425,-
18.4167,temp,30.061,degC
18.4333,DO,46.962,%
18.4333,feed_rate,8.501,mL/h
18.4333,pH,6.425,-
18.4333,temp,29.914,degC
18.45,DO,46.768,%
18.45,feed_rate,8.501,mL/h
18.45,pH,6.412,-
18.45,temp,30.01,degC
18.4667,DO,46.341,%
18.4667,feed_rate,8.501,mL/h
18.4667,pH,6.43,-
18.4667,temp,29.962,degC
18.4833,DO,46.395,%
18.4833,feed_rate,8.501,mL/h
18.4833,pH,6.425,-
18.4833,temp,30.007,degC
18.5,DO,46.742,%
18.5,feed_rate,8.501,mL/h
18.5,pH,6.432,-
18.5,temp,30.072,degC
18.5167,DO,46.805,%
18.5167,feed_rate,8.501,mL/h
18.5167,pH,6.427,-
18.5167,temp,29.992,degC
18.5333,DO,46.806,%
18.5333,feed_rate,8.501,mL/h
18.5333,pH,6.412,-
18.5333,temp,29.947,degC
18.55,DO,46.617,%
18.55,feed_rate,8.501,mL/h
18.55,pH,6.427,-
18.55,temp,29.938,degC
18.5667,DO,46.488,%
18.5667,feed_rate,8.501,mL/h
18.5667,pH,6.432,-
18.5667,temp,30.018,degC
18.5833,DO,46.758,%
18.5833,feed_rate,8.501,mL/h
18.5833,pH,6.423,-
18.5833,temp,29.951,degC
18.6,DO,46.295,%
18.6,feed_rate,8.501,mL/h
18.6,pH,6.431,-
18.6,temp,29.978,degC
18.6167,DO,46.984,%
18.6167,feed_rate,8.501,mL/h
18.6167,pH,6.431,-
18.6167,temp,29.966,degC
18.6333,DO,46.89,%
18.6333,feed_rate,8.501,mL/h
18.6333,pH,6.404,-
18.6333,temp,29.952,degC
18.65,DO,47.478,%
18.65,feed_rate,8.501,mL/h
18.65,pH,6.432,-
18.65,temp,29.956,degC
18.6667,DO,47.641,%
18.6667,feed_rate,8.501,mL/h
18.6667,pH,6.405,-
18.6667,temp,29.927,degC
18.6833,DO,47.286,%
18.6833,feed_rate,8.501,mL/h
18.6833,pH,6.412,-
18.6833,temp,30.066,degC
18.7,DO,47.341,%
18.7,feed_rate,8.501,mL/h
18.7,pH,6.424,-
18.7,temp,30.018,degC
18.7167,DO,47.233,%
18.7167,feed_rate,8.501,mL/h
18.7167,pH,6.415,-
18.7167,temp,29.978,degC
18.7333,DO,47.201,%
18.7333,feed_rate,8.501,mL/h
18.7333,pH,6.417,-
18.7333,temp,30.1,degC
18.75,DO,47.268,%
18.75,feed_rate,8.501,mL/h
18.75,pH,6.436,-
18.75,temp,30.003,degC
18.7667,DO,46.911,%
18.7667,feed_rate,8.501,mL/h
18.7667,pH,6.414,-
18.7667,temp,30.043,degC
18.7833,DO,46.597,%
18.7833,feed_rate,8.501,mL/h
18.7833,pH,6.437,-
18.7833,temp,30.009,degC
18.8,DO,46.399,%
18.8,feed_rate,8.501,mL/h
18.8,pH,6.443,-
18.8,temp,29.973,degC
18.8167,DO,45.948,%
18.8167,feed_rate,8.501,mL/h
18.8167,pH,6.439,-
18.8167,temp,29.955,degC
18.8333,DO,45.911,%
18.8333,feed_rate,8.501,mL/h
18.8333,pH,6.413,-
18.8333,temp,29.974,degC
18.85,DO,46.022,%
18.85,feed_rate,8.501,mL/h
18.85,pH,6.409,-
18.85,temp,30.064,degC
18.8667,DO,46.11,%
18.8667,feed_rate,8.501,mL/h
18.8667,pH,6.425,-
18.8667,temp,29.957,degC
18.8833,DO,46.156,%
18.8833,feed_rate,8.501,mL/h
18.8833,pH,6.445,-
18.8833,temp,29.997,degC
18.9,DO,46.009,%
18.9,feed_rate,8.501,mL/h
18.9,pH,6.422,-
18.9,temp,29.97,degC
18.9167,DO,46.24,%
18.9167,feed_rate,8.501,mL/h
18.9167,pH,6.418,-
18.9167,temp,30.01,degC
18.9333,DO,45.565,%
18.9333,feed_rate,8.501,mL/h
18.9333,pH,6.423,-
18.9333,temp,30.003,degC
18.95,DO,45.514,%
18.95,feed_rate,8.501,mL/h
18.95,pH,6.431,-
18.95,temp,29.956,degC
18.9667,DO,45.487,%
18.9667,feed_rate,8.501,mL/h
18.9667,pH,6.436,-
18.9667,temp,30.015,degC
18.9833,DO,45.825,%
18.9833,feed_rate,8.501,mL/h
18.9833,pH,6.424,-
18.9833,temp,29.967,degC
19.0,DO,46.019,%
19.0,feed_rate,8.501,mL/h
19.0,pH,6.422,-
19.0,temp,30.035,degC
19.0167,DO,46.208,%
19.0167,feed_rate,8.501,mL/h
19.0167,pH,6.429,-
19.0167,temp,30.017,degC
19.0333,DO,46.116,%
19.0333,feed_rate,8.501,mL/h
19.0333,pH,6.424,-
19.0333,temp,30.001,degC
19.05,DO,46.315,%
19.05,feed_rate,8.501,mL/h
19.05,pH,6.419,-
19.05,temp,30.015,degC
19.0667,DO,45.882,%
19.0667,feed_rate,8.501,mL/h
19.0667,pH,6.406,-
19.0667,temp,30.027,degC
19.0833,DO,45.851,%
19.0833,feed_rate,8.501,mL/h
19.0833,pH,6.425,-
19.0833,temp,30.056,degC
19.1,DO,45.163,%
19.1,feed_rate,8.501,mL/h
19.1,pH,6.417,-
19.1,temp,30.058,degC
19.1167,DO,45.754,%
19.1167,feed_rate,8.501,mL/h
19.1167,pH,6.421,-
19.1167,temp,30.056,degC
19.1333,DO,46.183,%
19.1333,feed_rate,8.501,mL/h
19.1333,pH,6.42,-
19.1333,temp,30.033,degC
19.15,DO,45.863,%
19.15,feed_rate,8.501,mL/h
19.15,pH,6.414,-
19.15,temp,30.001,degC
19.1667,DO,45.525,%
19.1667,feed_rate,8.501,mL/h
19.1667,pH,6.429,-
19.1667,temp,30.029,degC
19.1833,DO,44.873,%
19.1833,feed_rate,8.501,mL/h
19.1833,pH,6.434,-
19.1833,temp,29.988,degC
19.2,DO,44.515,%
19.2,feed_rate,8.501,mL/h
19.2,pH,6.428,-
19.2,temp,29.981,degC
19.2167,DO,44.718,%
19.2167,feed_rate,8.501,mL/h
19.2167,pH,6.416,-
19.2167,temp,30.014,degC
19.2333,DO,44.791,%
19.2333,feed_rate,8.501,mL/h
19.2333,pH,6.424,-
19.2333,temp,30.029,degC
19.25,DO,44.447,%
19.25,feed_rate,8.501,mL/h
19.25,pH,6.43,-
19.25,temp,29.958,degC
19.2667,DO,44.459,%
19.2667,feed_rate,8.501,mL/h
19.2667,pH,6.422,-
19.2667,temp,30.036,degC
19.2833,DO,44.413,%
19.2833,feed_rate,8.501,mL/h
19.2833,pH,6.43,-
19.2833,temp,30.01,degC
19.3,DO,44.71,%
19.3,feed_rate,8.501,mL/h
19.3,pH,6.408,-
19.3,temp,29.998,degC
19.3167,DO,45.014,%
19.3167,feed_rate,8.501,mL/h
19.3167,pH,6.42,-
19.3167,temp,29.998,degC
19.3333,DO,44.973,%
19.3333,feed_rate,8.501,mL/h
19.3333,pH,6.437,-
19.3333,temp,30.008,degC
19.35,DO,45.034,%
19.35,feed_rate,8.501,mL/h
19.35,pH,6.432,-
19.35,temp,30.074,degC
19.3667,DO,45.042,%
19.3667,feed_rate,8.501,mL/h
19.3667,pH,6.421,-
19.3667,temp,29.934,degC
19.3833,DO,44.416,%
19.3833,feed_rate,8.501,mL/h
19.3833,pH,6.423,-
19.3833,temp,30.038,degC
19.4,DO,44.591,%
19.4,feed_rate,8.501,mL/h
19.4,pH,6.444,-
19.4,temp,29.933,degC
19.4167,DO,44.651,%
19.4167,feed_rate,8.501,mL/h
19.4167,pH,6.433,-
19.4167,temp,30.033,degC
19.4333,DO,44.938,%
19.4333,feed_rate,8.501,mL/h
19.4333,pH,6.415,-
19.4333,temp,29.98,degC
19.45,DO,44.386,%
19.45,feed_rate,8.501,mL/h
19.45,pH,6.425,-
19.45,temp,29.93,degC
19.4667,DO,44.719,%
19.4667,feed_rate,8.501,mL/h
19.4667,pH,6.417,-
19.4667,temp,30.06,degC
19.4833,DO,44.559,%
19.4833,feed_rate,8.501,mL/h
19.4833,pH,6.416,-
19.4833,temp,29.922,degC
19.5,DO,44.697,%
19.5,feed_rate,8.501,mL/h
19.5,pH,6.41,-
19.5,temp,29.964,degC
19.5167,DO,45.084,%
19.5167,feed_rate,8.501,mL/h
19.5167,pH,6.429,-
19.5167,temp,29.948,degC
19.5333,DO,44.583,%
19.5333,feed_rate,8.501,mL/h
19.5333,pH,6.444,-
19.5333,temp,29.989,degC
19.55,DO,44.225,%
19.55,feed_rate,8.501,mL/h
19.55,pH,6.43,-
19.55,temp,29.935,degC
19.5667,DO,44.625,%
19.5667,feed_rate,8.501,mL/h
19.5667,pH,6.409,-
19.5667,temp,30.021,degC
19.5833,DO,44.299,%
19.5833,feed_rate,8.501,mL/h
19.5833,pH,6.427,-
19.5833,temp,30.06,degC
19.6,DO,44.087,%
19.6,feed_rate,8.501,mL/h
19.6,pH,6.407,-
19.6,temp,30.071,degC
19.6167,DO,44.381,%
19.6167,feed_rate,8.501,mL/h
19.6167,pH,6.424,-
19.6167,temp,30.061,degC
19.6333,DO,44.368,%
19.6333,feed_rate,8.501,mL/h
19.6333,pH,6.432,-
19.6333,temp,29.969,degC
19.65,DO,44.647,%
19.65,feed_rate,8.501,mL/h
19.65,pH,6.436,-
19.65,temp,29.986,degC
19.6667,DO,44.721,%
19.6667,feed_rate,8.501,mL/h
19.6667,pH,6.423,-
19.6667,temp,30.016,degC
19.6833,DO,44.677,%
19.6833,feed_rate,8.501,mL/h
19.6833,pH,6.424,-
19.6833,temp,30.001,degC
19.7,DO,44.94,%
19.7,feed_rate,8.501,mL/h
19.7,pH,6.421,-
19.7,temp,29.977,degC
19.7167,DO,45.506,%
19.7167,feed_rate,8.501,mL/h
19.7167,pH,6.419,-
19.7167,temp,29.882,degC
19.7333,DO,45.267,%
19.7333,feed_rate,8.501,mL/h
19.7333,pH,6.437,-
19.7333,temp,29.971,degC
19.75,DO,45.544,%
19.75,feed_rate,8.501,mL/h
19.75,pH,6.411,-
19.75,temp,30.022,degC
19.7667,DO,45.657,%
19.7667,feed_rate,8.501,mL/h
19.7667,pH,6.405,-
19.7667,temp,29.995,degC
19.7833,DO,45.434,%
19.7833,feed_rate,8.501,mL/h
19.7833,pH,6.438,-
19.7833,temp,30.117,degC
19.8,DO,45.266,%
19.8,feed_rate,8.724,mL/h
19.8,pH,6.443,-
19.8,temp,29.83,degC
19.8167,DO,44.707,%
19.8167,feed_rate,8.724,mL/h
19.8167,pH,6.405,-
19.8167,temp,29.916,degC
19.8333,DO,44.351,%
19.8333,feed_rate,8.724,mL/h
19.8333,pH,6.43,-
19.8333,temp,29.929,degC
19.85,DO,44.33,%
19.85,feed_rate,8.724,mL/h
19.85,pH,6.429,-
19.85,temp,30.043,degC
19.8667,DO,44.209,%
19.8667,feed_rate,8.724,mL/h
19.8667,pH,6.416,-
19.8667,temp,30.07,degC
19.8833,DO,44.513,%
19.8833,feed_rate,8.724,mL/h
19.8833,pH,6.411,-
19.8833,temp,29.946,degC
19.9,DO,43.97,%
19.9,feed_rate,8.724,mL/h
19.9,pH,6.422,-
19.9,temp,30.0,degC
19.9167,DO,43.832,%
19.9167,feed_rate,8.724,mL/h
19.9167,pH,6.417,-
19.9167,temp,30.029,degC
19.9333,DO,43.613,%
19.9333,feed_rate,8.724,mL/h
19.9333,pH,6.428,-
19.9333,temp,30.014,degC
19.95,DO,43.579,%
19.95,feed_rate,8.724,mL/h
19.95,pH,6.414,-
19.95,temp,30.01,degC
19.9667,DO,43.941,%
19.9667,feed_rate,8.724,mL/h
19.9667,pH,6.432,-
19.9667,temp,29.961,degC
19.9833,DO,43.515,%
19.9833,feed_rate,8.724,mL/h
19.9833,pH,6.414,-
19.9833,temp,29.948,degC
20.0,DO,43.786,%
20.0,feed_rate,8.724,mL/h
20.0,pH,6.436,-
20.0,temp,29.925,degC
20.0167,DO,43.565,%
20.0167,feed_rate,8.724,mL/h
20.0167,pH,6.429,-
20.0167,temp,29.933,degC
20.0333,DO,43.464,%
20.0333,feed_rate,8.724,mL/h
20.0333,pH,6.431,-
20.0333,temp,30.031,degC
20.05,DO,43.775,%
20.05,feed_rate,8.724,mL/h
20.05,pH,6.416,-
20.05,temp,29.985,degC
20.0667,DO,43.634,%
20.0667,feed_rate,8.724,mL/h
20.0667,pH,6.417,-
20.0667,temp,29.977,degC
20.0833,DO,43.801,%
20.0833,feed_rate,8.724,mL/h
20.0833,pH,6.419,-
20.0833,temp,29.943,degC
20.1,DO,43.764,%
20.1,feed_rate,8.724,mL/h
20.1,pH,6.431,-
20.1,temp,30.002,degC
20.1167,DO,43.644,%
20.1167,feed_rate,8.724,mL/h
20.1167,pH,6.413,-
20.1167,temp,30.05,degC
20.1333,DO,43.486,%
20.1333,feed_rate,8.724,mL/h
20.1333,pH,6.412,-
20.1333,temp,29.939,degC
20.15,DO,42.944,%
20.15,feed_rate,8.724,mL/h
20.15,pH,6.417,-
20.15,temp,30.072,degC
20.1667,DO,42.801,%
20.1667,feed_rate,8.724,mL/h
20.1667,pH,6.423,-
20.1667,temp,30.023,degC
20.1833,DO,42.956,%
20.1833,feed_rate,8.724,mL/h
20.1833,pH,6.419,-
20.1833,temp,29.863,degC
20.2,DO,43.087,%
20.2,feed_rate,8.724,mL/h
20.2,pH,6.419,-
20.2,temp,30.008,degC
20.2167,DO,42.678,%
20.2167,feed_rate,8.724,mL/h
20.2167,pH,6.406,-
20.2167,temp,30.013,degC
20.2333,DO,43.095,%
20.2333,feed_rate,8.724,mL/h
20.2333,pH,6.413,-
20.2333,temp,30.068,degC
20.25,DO,43.295,%
20.25,feed_rate,8.724,mL/h
20.25,pH,6.408,-
20.25,temp,29.99,degC
20.2667,DO,42.887,%
20.2667,feed_rate,8.724,mL/h
20.2667,pH,6.429,-
20.2667,temp,29.876,degC
20.2833,DO,42.635,%
20.2833,feed_rate,8.724,mL/h
20.2833,pH,6.418,-
20.2833,temp,29.91,degC
20.3,DO,42.893,%
20.3,feed_rate,8.724,mL/h
20.3,pH,6.426,-
20.3,temp,29.92,degC
20.3167,DO,42.415,%
20.3167,feed_rate,8.724,mL/h
20.3167,pH,6.406,-
20.3167,temp,30.022,degC
20.3333,DO,42.334,%
20.3333,feed_rate,8.724,mL/h
20.3333,pH,6.418,-
20.3333,temp,29.944,degC
20.35,DO,42.471,%
20.35,feed_rate,8.724,mL/h
20.35,pH,6.422,-
20.35,temp,29.931,degC
20.3667,DO,42.554,%
20.3667,feed_rate,8.724,mL/h
20.3667,pH,6.408,-
20.3667,temp,30.014,degC
20.3833,DO,42.637,%
20.3833,feed_rate,8.724,mL/h
20.3833,pH,6.412,-
20.3833,temp,30.038,degC
20.4,DO,42.834,%
20.4,feed_rate,8.724,mL/h
20.4,pH,6.413,-
20.4,temp,29.918,degC
20.4167,DO,42.63,%
20.4167,feed_rate,8.724,mL/h
20.4167,pH,6.42,-
20.4167,temp,29.998,degC
20.4333,DO,42.556,%
20.4333,feed_rate,8.724,mL/h
20.4333,pH,6.421,-
20.4333,temp,30.053,degC
20.45,DO,43.255,%
20.45,feed_rate,8.724,mL/h
20.45,pH,6.404,-
20.45,temp,30.032,degC
20.4667,DO,42.772,%
20.4667,feed_rate,8.724,mL/h
20.4667,pH,6.421,-
20.4667,temp,30.071,degC
20.4833,DO,42.668,%
20.4833,feed_rate,8.724,mL/h
20.4833,pH,6.42,-
20.4833,temp,30.067,degC
20.5,DO,42.749,%
20.5,feed_rate,8.724,mL/h
20.5,pH,6.421,-
20.5,temp,30.04,degC
20.5167,DO,42.582,%
20.5167,feed_rate,8.724,mL/h
20.5167,pH,6.409,-
20.5167,temp,29.971,degC
20.5333,DO,43.005,%
20.5333,feed_rate,8.724,mL/h
20.5333,pH,6.417,-
20.5333,temp,30.109,degC
20.55,DO,42.994,%
20.55,feed_rate,8.724,mL/h
20.55,pH,6.431,-
20.55,temp,30.039,degC
20.5667,DO,43.187,%
20.5667,feed_rate,8.724,mL/h
20.5667,pH,6.429,-
20.5667,temp,30.002,degC
20.5833,DO,42.324,%
20.5833,feed_rate,8.724,mL/h
20.5833,pH,6.412,-
20.5833,temp,29.983,degC
20.6,DO,42.772,%
20.6,feed_rate,8.724,mL/h
20.6,pH,6.434,-
20.6,temp,30.031,degC
20.6167,DO,43.114,%
20.6167,feed_rate,8.724,mL/h
20.6167,pH,6.413,-
20.6167,temp,29.975,degC
20.6333,DO,42.812,%
20.6333,feed_rate,8.724,mL/h
20.6333,pH,6.408,-
20.6333,temp,29.998,degC
20.65,DO,43.185,%
20.65,feed_rate,8.724,mL/h
20.65,pH,6.429,-
20.65,temp,30.061,degC
20.6667,DO,43.167,%
20.6667,feed_rate,8.724,mL/h
20.6667,pH,6.421,-
20.6667,temp,30.027,degC
20.6833,DO,43.348,%
20.6833,feed_rate,8.724,mL/h
20.6833,pH,6.44,-
20.6833,temp,29.941,degC
20.7,DO,43.754,%
20.7,feed_rate,8.724,mL/h
20.7,pH,6.415,-
20.7,temp,30.013,degC
20.7167,DO,43.561,%
20.7167,feed_rate,8.724,mL/h
20.7167,pH,6.418,-
20.7167,temp,29.982,degC
20.7333,DO,43.069,%
20.7333,feed_rate,8.724,mL/h
20.7333,pH,6.424,-
20.7333,temp,29.958,degC
20.75,DO,42.971,%
20.75,feed_rate,8.724,mL/h
20.75,pH,6.42,-
20.75,temp,29.95,degC
20.7667,DO,42.51,%
20.7667,feed_rate,8.724,mL/h
20.7667,pH,6.413,-
20.7667,temp,29.955,degC
20.7833,DO,42.279,%
20.7833,feed_rate,8.724,mL/h
20.7833,pH,6.417,-
20.7833,temp,30.009,degC
20.8,DO,42.102,%
20.8,feed_rate,8.724,mL/h
20.8,pH,6.417,-
20.8,temp,30.064,degC
20.8167,DO,41.973,%
20.8167,feed_rate,8.724,mL/h
20.8167,pH,6.417,-
20.8167,temp,29.991,degC
20.8333,DO,42.429,%
20.8333,feed_rate,8.724,mL/h
20.8333,pH,6.416,-
20.8333,temp,30.073,degC
20.85,DO,42.691,%
20.85,feed_rate,8.724,mL/h
20.85,pH,6.401,-
20.85,temp,29.958,degC
20.8667,DO,42.377,%
20.8667,feed_rate,8.724,mL/h
20.8667,pH,6.425,-
20.8667,temp,29.99,degC
20.8833,DO,42.73,%
20.8833,feed_rate,8.724,mL/h
20.8833,pH,6.41,-
20.8833,temp,30.08,degC
20.9,DO,42.166,%
20.9,feed_rate,8.724,mL/h
20.9,pH,6.414,-
20.9,temp,30.01,degC
20.9167,DO,42.018,%
20.9167,feed_rate,8.724,mL/h
20.9167,pH,6.408,-
20.9167,temp,30.016,degC
20.9333,DO,42.051,%
20.9333,feed_rate,8.724,mL/h
20.9333,pH,6.414,-
20.9333,temp,30.019,degC
20.95,DO,42.473,%
20.95,feed_rate,8.724,mL/h
20.95,pH,6.426,-
20.95,temp,29.973,degC
20.9667,DO,42.668,%
20.9667,feed_rate,8.724,mL/h
20.9667,pH,6.429,-
20.9667,temp,30.12,degC
20.9833,DO,42.739,%
20.9833,feed_rate,8.724,mL/h
20.9833,pH,6.419,-
20.9833,temp,30.003,degC
21.0,DO,43.047,%
21.0,feed_rate,8.724,mL/h
21.0,pH,6.418,-
21.0,temp,30.048,degC
21.0167,DO,43.114,%
21.0167,feed_rate,8.724,mL/h
21.0167,pH,6.411,-
21.0167,temp,30.028,degC
21.0333,DO,43.359,%
21.0333,feed_rate,8.724,mL/h
21.0333,pH,6.413,-
21.0333,temp,30.054,degC
21.05,DO,42.905,%
21.05,feed_rate,8.724,mL/h
21.05,pH,6.418,-
21.05,temp,30.08,degC
21.0667,DO,42.267,%
21.0667,feed_rate,8.724,mL/h
21.0667,pH,6.414,-
21.0667,temp,29.882,degC
21.0833,DO,42.136,%
21.0833,feed_rate,8.724,mL/h
21.0833,pH,6.406,-
21.0833,temp,29.927,degC
21.1,DO,42.402,%
21.1,feed_rate,8.724,mL/h
21.1,pH,6.416,-
21.1,temp,29.892,degC
21.1167,DO,42.44,%
21.1167,feed_rate,8.724,mL/h
21.1167,pH,6.405,-
21.1167,temp,29.957,degC
21.1333,DO,42.655,%
21.1333,feed_rate,8.724,mL/h
21.1333,pH,6.436,-
21.1333,temp,29.99,degC
21.15,DO,42.771,%
21.15,feed_rate,8.724,mL/h
21.15,pH,6.418,-
21.15,temp,30.015,degC
21.1667,DO,42.801,%
21.1667,feed_rate,8.724,mL/h
21.1667,pH,6.41,-
21.1667,temp,29.973,degC
21.1833,DO,42.912,%
21.1833,feed_rate,8.724,mL/h
21.1833,pH,6.42,-
21.1833,temp,30.029,degC
21.2,DO,42.537,%
21.2,feed_rate,8.724,mL/h
21.2,pH,6.408,-
21.2,temp,30.037,degC
21.2167,DO,42.777,%
21.2167,feed_rate,8.724,mL/h
21.2167,pH,6.413,-
21.2167,temp,30.006,degC
21.2333,DO,42.334,%
21.2333,feed_rate,8.724,mL/h
21.2333,pH,6.431,-
21.2333,temp,29.942,degC
21.25,DO,42.245,%
21.25,feed_rate,8.724,mL/h
21.25,pH,6.428,-
21.25,temp,29.97,degC
21.2667,DO,41.779,%
21.2667,feed_rate,8.724,mL/h
21.2667,pH,6.403,-
21.2667,temp,29.991,degC
21.2833,DO,41.979,%
21.2833,feed_rate,8.724,mL/h
21.2833,pH,6.404,-
21.2833,temp,30.038,degC
21.3,DO,41.518,%
21.3,feed_rate,8.724,mL/h
21.3,pH,6.41,-
21.3,temp,29.993,degC
21.3167,DO,42.033,%
21.3167,feed_rate,8.724,mL/h
21.3167,pH,6.437,-
21.3167,temp,30.018,degC
21.3333,DO,41.617,%
21.3333,feed_rate,8.724,mL/h
21.3333,pH,6.415,-
21.3333,temp,29.914,degC
21.35,DO,41.761,%
21.35,feed_rate,8.724,mL/h
21.35,pH,6.417,-
21.35,temp,29.854,degC
21.3667,DO,41.753,%
21.3667,feed_rate,8.724,mL/h
21.3667,pH,6.409,-
21.3667,temp,30.006,degC
21.3833,DO,41.522,%
21.3833,feed_rate,8.724,mL/h
21.3833,pH,6.428,-
21.3833,temp,30.006,degC
21.4,DO,41.972,%
21.4,feed_rate,8.724,mL/h
21.4,pH,6.424,-
21.4,temp,29.95,degC
21.4167,DO,41.825,%
21.4167,feed_rate,8.724,mL/h
21.4167,pH,6.397,-
21.4167,temp,29.977,degC
21.4333,DO,42.273,%
21.4333,feed_rate,8.724,mL/h
21.4333,pH,6.406,-
21.4333,temp,30.028,degC
21.45,DO,41.879,%
21.45,feed_rate,8.724,mL/h
21.45,pH,6.396,-
21.45,temp,30.03,degC
21.4667,DO,41.628,%
21.4667,feed_rate,8.724,mL/h
21.4667,pH,6.403,-
21.4667,temp,30.064,degC
21.4833,DO,41.064,%
21.4833,feed_rate,8.724,mL/h
21.4833,pH,6.406,-
21.4833,temp,30.038,degC
21.5,DO,41.376,%
21.5,feed_rate,8.724,mL/h
21.5,pH,6.401,-
21.5,temp,29.986,degC
21.5167,DO,41.732,%
21.5167,feed_rate,8.724,mL/h
21.5167,pH,6.408,-
21.5167,temp,30.027,degC
21.5333,DO,41.805,%
21.5333,feed_rate,8.724,mL/h
21.5333,pH,6.421,-
21.5333,temp,30.107,degC
21.55,DO,41.744,%
21.55,feed_rate,8.724,mL/h
21.55,pH,6.425,-
21.55,temp,30.086,degC
21.5667,DO,41.464,%
21.5667,feed_rate,8.724,mL/h
21.5667,pH,6.415,-
21.5667,temp,29.957,degC
21.5833,DO,42.219,%
21.5833,feed_rate,8.724,mL/h
21.5833,pH,6.421,-
21.5833,temp,30.018,degC
21.6,DO,42.337,%
21.6,feed_rate,8.724,mL/h
21.6,pH,6.4,-
21.6,temp,30.076,degC
21.6167,DO,41.652,%
21.6167,feed_rate,8.724,mL/h
21.6167,pH,6.428,-
21.6167,temp,30.008,degC
21.6333,DO,41.561,%
21.6333,feed_rate,8.724,mL/h
21.6333,pH,6.436,-
21.6333,temp,30.032,degC
21.65,DO,40.794,%
21.65,feed_rate,8.724,mL/h
21.65,pH,6.412,-
21.65,temp,30.066,degC
21.6667,DO,41.435,%
21.6667,feed_rate,8.724,mL/h
21.6667,pH,6.419,-
21.6667,temp,30.014,degC
21.6833,DO,42.065,%
21.6833,feed_rate,8.724,mL/h
21.6833,pH,6.417,-
21.6833,temp,30.024,degC
21.7,DO,42.411,%
21.7,feed_rate,8.724,mL/h
21.7,pH,6.391,-
21.7,temp,29.981,degC
21.7167,DO,42.229,%
21.7167,feed_rate,8.724,mL/h
21.7167,pH,6.423,-
21.7167,temp,29.95,degC
21.7333,DO,41.919,%
21.7333,feed_rate,8.724,mL/h
21.7333,pH,6.418,-
21.7333,temp,29.975,degC
21.75,DO,41.424,%
21.75,feed_rate,8.724,mL/h
21.75,pH,6.397,-
21.75,temp,30.035,degC
21.7667,DO,41.606,%
21.7667,feed_rate,8.724,mL/h
21.7667,pH,6.409,-
21.7667,temp,29.991,degC
21.7833,DO,41.365,%
21.7833,feed_rate,8.724,mL/h
21.7833,pH,6.424,-
21.7833,temp,30.007,degC
21.8,DO,41.28,%
21.8,feed_rate,8.724,mL/h
21.8,pH,6.419,-
21.8,temp,30.108,degC
21.8167,DO,41.13,%
21.8167,feed_rate,8.724,mL/h
21.8167,pH,6.399,-
21.8167,temp,29.96,degC
21.8333,DO,41.106,%
21.8333,feed_rate,8.724,mL/h
21.8333,pH,6.407,-
21.8333,temp,30.049,degC
21.85,DO,41.447,%
21.85,feed_rate,8.724,mL/h
21.85,pH,6.406,-
21.85,temp,29.973,degC
21.8667,DO,41.954,%
21.8667,feed_rate,8.724,mL/h
21.8667,pH,6.414,-
21.8667,temp,30.031,degC
21.8833,DO,41.895,%
21.8833,feed_rate,8.724,mL/h
21.8833,pH,6.405,-
21.8833,temp,30.045,degC
21.9,DO,41.805,%
21.9,feed_rate,8.724,mL/h
21.9,pH,6.413,-
21.9,temp,30.067,degC
21.9167,DO,41.389,%
21.9167,feed_rate,8.724,mL/h
21.9167,pH,6.411,-
21.9167,temp,29.961,degC
21.9333,DO,41.019,%
21.9333,feed_rate,8.724,mL/h
21.9333,pH,6.397,-
21.9333,temp,29.983,degC
21.95,DO,40.77,%
21.95,feed_rate,8.724,mL/h
21.95,pH,6.416,-
21.95,temp,30.008,degC
21.9667,DO,41.154,%
21.9667,feed_rate,8.724,mL/h
21.9667,pH,6.415,-
21.9667,temp,29.997,degC
21.9833,DO,41.266,%
21.9833,feed_rate,8.724,mL/h
21.9833,pH,6.405,-
21.9833,temp,29.859,degC
22.0,DO,41.57,%
22.0,feed_rate,8.724,mL/h
22.0,pH,6.419,-
22.0,temp,30.022,degC
22.0167,DO,41.647,%
22.0167,feed_rate,8.724,mL/h
22.0167,pH,6.435,-
22.0167,temp,29.939,degC
22.0333,DO,41.457,%
22.0333,feed_rate,8.724,mL/h
22.0333,pH,6.396,-
22.0333,temp,30.0,degC
22.05,DO,41.049,%
22.05,feed_rate,8.724,mL/h
22.05,pH,6.414,-
22.05,temp,29.934,degC
22.0667,DO,40.983,%
22.0667,feed_rate,8.724,mL/h
22.0667,pH,6.42,-
22.0667,temp,30.014,degC
22.0833,DO,41.001,%
22.0833,feed_rate,7.744,mL/h
22.0833,pH,6.412,-
22.0833,temp,29.998,degC
22.1,DO,42.045,%
22.1,feed_rate,7.744,mL/h
22.1,pH,6.406,-
22.1,temp,30.134,degC
22.1167,DO,42.355,%
22.1167,feed_rate,7.744,mL/h
22.1167,pH,6.434,-
22.1167,temp,30.036,degC
22.1333,DO,42.41,%
22.1333,feed_rate,7.744,mL/h
22.1333,pH,6.406,-
22.1333,temp,29.982,degC
22.15,DO,43.162,%
22.15,feed_rate,7.744,mL/h
22.15,pH,6.41,-
22.15,temp,30.041,degC
22.1667,DO,43.044,%
22.1667,feed_rate,7.744,mL/h
22.1667,pH,6.405,-
22.1667,temp,29.92,degC
22.1833,DO,43.231,%
22.1833,feed_rate,7.744,mL/h
22.1833,pH,6.423,-
22.1833,temp,30.05,degC
22.2,DO,43.16,%
22.2,feed_rate,7.744,mL/h
22.2,pH,6.39,-
22.2,temp,30.059,degC
22.2167,DO,43.258,%
22.2167,feed_rate,7.744,mL/h
22.2167,pH,6.402,-
22.2167,temp,29.978,degC
22.2333,DO,43.115,%
22.2333,feed_rate,7.744,mL/h
22.2333,pH,6.406,-
22.2333,temp,29.988,degC
22.25,DO,43.258,%
22.25,feed_rate,7.744,mL/h
22.25,pH,6.414,-
22.25,temp,29.91,degC
22.2667,DO,43.651,%
22.2667,feed_rate,7.744,mL/h
22.2667,pH,6.414,-
22.2667,temp,30.02,degC
22.2833,DO,43.151,%
22.2833,feed_rate,7.744,mL/h
22.2833,pH,6.421,-
22.2833,temp,30.044,degC
22.3,DO,42.459,%
22.3,feed_rate,7.744,mL/h
22.3,pH,6.41,-
22.3,temp,29.936,degC
22.3167,DO,42.982,%
22.3167,feed_rate,7.744,mL/h
22.3167,pH,6.403,-
22.3167,temp,30.036,degC
22.3333,DO,43.04,%
22.3333,feed_rate,7.744,mL/h
22.3333,pH,6.41,-
22.3333,temp,29.947,degC
22.35,DO,43.297,%
22.35,feed_rate,7.744,mL/h
22.35,pH,6.402,-
22.35,temp,30.08,degC
22.3667,DO,43.148,%
22.3667,feed_rate,7.744,mL/h
22.3667,pH,6.405,-
22.3667,temp,29.89,degC
22.3833,DO,43.581,%
22.3833,feed_rate,7.744,mL/h
22.3833,pH,6.406,-
22.3833,temp,29.989,degC
22.4,DO,44.009,%
22.4,feed_rate,7.744,mL/h
22.4,pH,6.413,-
22.4,temp,30.051,degC
22.4167,DO,43.444,%
22.4167,feed_rate,7.744,mL/h
22.4167,pH,6.419,-
22.4167,temp,29.94,degC
22.4333,DO,43.547,%
22.4333,feed_rate,7.744,mL/h
22.4333,pH,6.399,-
22.4333,temp,29.966,degC
22.45,DO,43.238,%
22.45,feed_rate,7.744,mL/h
22.45,pH,6.404,-
22.45,temp,30.004,degC
22.4667,DO,42.685,%
22.4667,feed_rate,7.744,mL/h
22.4667,pH,6.41,-
22.4667,temp,29.995,degC
22.4833,DO,42.635,%
22.4833,feed_rate,7.744,mL/h
22.4833,pH,6.41,-
22.4833,temp,29.963,degC
22.5,DO,42.856,%
22.5,feed_rate,7.744,mL/h
22.5,pH,6.407,-
22.5,temp,29.963,degC
22.5167,DO,42.443,%
22.5167,feed_rate,7.744,mL/h
22.5167,pH,6.416,-
22.5167,temp,29.98,degC
22.5333,DO,42.135,%
22.5333,feed_rate,7.744,mL/h
22.5333,pH,6.408,-
22.5333,temp,29.984,degC
22.55,DO,42.648,%
22.55,feed_rate,7.744,mL/h
22.55,pH,6.392,-
22.55,temp,29.976,degC
22.5667,DO,42.692,%
22.5667,feed_rate,7.744,mL/h
22.5667,pH,6.423,-
22.5667,temp,30.046,degC
22.5833,DO,42.836,%
22.5833,feed_rate,7.744,mL/h
22.5833,pH,6.397,-
22.5833,temp,30.01,degC
22.6,DO,42.48,%
22.6,feed_rate,7.744,mL/h
22.6,pH,6.426,-
22.6,temp,30.024,degC
22.6167,DO,42.34,%
22.6167,feed_rate,7.744,mL/h
22.6167,pH,6.412,-
22.6167,temp,30.029,degC
22.6333,DO,42.459,%
22.6333,feed_rate,7.744,mL/h
22.6333,pH,6.413,-
22.6333,temp,29.934,degC
22.65,DO,42.572,%
22.65,feed_rate,7.744,mL/h
22.65,pH,6.395,-
22.65,temp,29.943,degC
22.6667,DO,42.645,%
22.6667,feed_rate,7.744,mL/h
22.6667,pH,6.412,-
22.6667,temp,30.1,degC
22.6833,DO,43.139,%
22.6833,feed_rate,7.744,mL/h
22.6833,pH,6.407,-
22.6833,temp,29.892,degC
22.7,DO,43.099,%
22.7,feed_rate,7.744,mL/h
22.7,pH,6.401,-
22.7,temp,29.964,degC
22.7167,DO,42.549,%
22.7167,feed_rate,7.744,mL/h
22.7167,pH,6.415,-
22.7167,temp,30.032,degC
22.7333,DO,42.305,%
22.7333,feed_rate,7.744,mL/h
22.7333,pH,6.417,-
22.7333,temp,29.989,degC
22.75,DO,42.353,%
22.75,feed_rate,7.744,mL/h
22.75,pH,6.421,-
22.75,temp,29.983,degC
22.7667,DO,42.794,%
22.7667,feed_rate,7.744,mL/h
22.7667,pH,6.397,-
22.7667,temp,30.085,degC
22.7833,DO,42.547,%
22.7833,feed_rate,7.744,mL/h
22.7833,pH,6.401,-
22.7833,temp,29.943,degC
22.8,DO,42.436,%
22.8,feed_rate,7.744,mL/h
22.8,pH,6.423,-
22.8,temp,30.057,degC
22.8167,DO,42.455,%
22.8167,feed_rate,7.744,mL/h
22.8167,pH,6.414,-
22.8167,temp,29.923,degC
22.8333,DO,42.261,%
22.8333,feed_rate,7.744,mL/h
22.8333,pH,6.417,-
22.8333,temp,29.915,degC
22.85,DO,42.066,%
22.85,feed_rate,7.744,mL/h
22.85,pH,6.403,-
22.85,temp,29.982,degC
22.8667,DO,42.086,%
22.8667,feed_rate,7.744,mL/h
22.8667,pH,6.412,-
22.8667,temp,30.012,degC
22.8833,DO,42.471,%
22.8833,feed_rate,7.744,mL/h
22.8833,pH,6.417,-
22.8833,temp,30.121,degC
22.9,DO,42.622,%
22.9,feed_rate,7.744,mL/h
22.9,pH,6.396,-
22.9,temp,30.02,degC
22.9167,DO,42.506,%
22.9167,feed_rate,7.744,mL/h
22.9167,pH,6.402,-
22.9167,temp,30.012,degC
22.9333,DO,42.62,%
22.9333,feed_rate,7.744,mL/h
22.9333,pH,6.411,-
22.9333,temp,30.037,degC
22.95,DO,42.197,%
22.95,feed_rate,7.744,mL/h
22.95,pH,6.422,-
22.95,temp,30.0,degC
22.9667,DO,42.548,%
22.9667,feed_rate,7.744,mL/h
22.9667,pH,6.404,-
22.9667,temp,29.966,degC
22.9833,DO,42.748,%
22.9833,feed_rate,7.744,mL/h
22.9833,pH,6.415,-
22.9833,temp,29.974,degC
23.0,DO,42.771,%
23.0,feed_rate,7.744,mL/h
23.0,pH,6.4,-
23.0,temp,30.031,degC
23.0167,DO,42.202,%
23.0167,feed_rate,7.744,mL/h
23.0167,pH,6.396,-
23.0167,temp,29.978,degC
23.0333,DO,42.856,%
23.0333,feed_rate,7.744,mL/h
23.0333,pH,6.414,-
23.0333,temp,29.921,degC
23.05,DO,41.873,%
23.05,feed_rate,7.744,mL/h
23.05,pH,6.398,-
23.05,temp,29.965,degC
23.0667,DO,41.669,%
23.0667,feed_rate,7.744,mL/h
23.0667,pH,6.408,-
23.0667,temp,29.911,degC
23.0833,DO,41.527,%
23.0833,feed_rate,7.744,mL/h
23.0833,pH,6.402,-
23.0833,temp,30.072,degC
23.1,DO,41.901,%
23.1,feed_rate,7.744,mL/h
23.1,pH,6.413,-
23.1,temp,29.911,degC
23.1167,DO,41.533,%
23.1167,feed_rate,7.744,mL/h
23.1167,pH,6.395,-
23.1167,temp,30.031,degC
23.1333,DO,41.762,%
23.1333,feed_rate,7.744,mL/h
23.1333,pH,6.394,-
23.1333,temp,29.985,degC
23.15,DO,41.825,%
23.15,feed_rate,7.744,mL/h
23.15,pH,6.394,-
23.15,temp,30.065,degC
23.1667,DO,41.832,%
23.1667,feed_rate,7.744,mL/h
23.1667,pH,6.406,-
23.1667,temp,30.093,degC
23.1833,DO,42.183,%
23.1833,feed_rate,7.744,mL/h
23.1833,pH,6.42,-
23.1833,temp,29.982,degC
23.2,DO,42.634,%
23.2,feed_rate,7.744,mL/h
23.2,pH,6.415,-
23.2,temp,30.034,degC
23.2167,DO,42.682,%
23.2167,feed_rate,7.744,mL/h
23.2167,pH,6.409,-
23.2167,temp,30.012,degC
23.2333,DO,42.514,%
23.2333,feed_rate,7.744,mL/h
23.2333,pH,6.406,-
23.2333,temp,29.92,degC
23.25,DO,41.77,%
23.25,feed_rate,7.744,mL/h
23.25,pH,6.419,-
23.25,temp,30.078,degC
23.2667,DO,42.31,%
23.2667,feed_rate,7.744,mL/h
23.2667,pH,6.406,-
23.2667,temp,30.042,degC
23.2833,DO,42.203,%
23.2833,feed_rate,7.744,mL/h
23.2833,pH,6.417,-
23.2833,temp,30.031,degC
23.3,DO,41.645,%
23.3,feed_rate,7.744,mL/h
23.3,pH,6.42,-
23.3,temp,30.042,degC
23.3167,DO,41.807,%
23.3167,feed_rate,7.744,mL/h
23.3167,pH,6.414,-
23.3167,temp,30.018,degC
23.3333,DO,42.326,%
23.3333,feed_rate,7.744,mL/h
23.3333,pH,6.411,-
23.3333,temp,29.965,degC
23.35,DO,42.257,%
23.35,feed_rate,7.744,mL/h
23.35,pH,6.411,-
23.35,temp,30.017,degC
23.3667,DO,41.888,%
23.3667,feed_rate,7.744,mL/h
23.3667,pH,6.406,-
23.3667,temp,29.94,degC
23.3833,DO,42.631,%
23.3833,feed_rate,7.744,mL/h
23.3833,pH,6.409,-
23.3833,temp,30.115,degC
23.4,DO,42.725,%
23.4,feed_rate,7.744,mL/h
23.4,pH,6.398,-
23.4,temp,29.938,degC
23.4167,DO,42.718,%
23.4167,feed_rate,7.744,mL/h
23.4167,pH,6.398,-
23.4167,temp,30.056,degC
23.4333,DO,42.914,%
23.4333,feed_rate,7.744,mL/h
23.4333,pH,6.422,-
23.4333,temp,29.968,degC
23.45,DO,42.102,%
23.45,feed_rate,7.744,mL/h
23.45,pH,6.405,-
23.45,temp,30.007,degC
23.4667,DO,42.089,%
23.4667,feed_rate,7.744,mL/h
23.4667,pH,6.389,-
23.4667,temp,30.029,degC
23.4833,DO,42.048,%
23.4833,feed_rate,7.744,mL/h
23.4833,pH,6.419,-
23.4833,temp,29.951,degC
23.5,DO,42.752,%
23.5,feed_rate,7.744,mL/h
23.5,pH,6.419,-
23.5,temp,30.006,degC
23.5167,DO,42.454,%
23.5167,feed_rate,7.744,mL/h
23.5167,pH,6.41,-
23.5167,temp,29.857,degC
23.5333,DO,42.218,%
23.5333,feed_rate,7.744,mL/h
23.5333,pH,6.394,-
23.5333,temp,30.008,degC
23.55,DO,41.773,%
23.55,feed_rate,7.744,mL/h
23.55,pH,6.425,-
23.55,temp,30.067,degC
23.5667,DO,41.588,%
23.5667,feed_rate,7.744,mL/h
23.5667,pH,6.416,-
23.5667,temp,29.987,degC
23.5833,DO,41.625,%
23.5833,feed_rate,7.744,mL/h
23.5833,pH,6.418,-
23.5833,temp,29.959,degC
23.6,DO,41.796,%
23.6,feed_rate,7.744,mL/h
23.6,pH,6.403,-
23.6,temp,29.958,degC
23.6167,DO,41.791,%
23.6167,feed_rate,7.744,mL/h
23.6167,pH,6.41,-
23.6167,temp,29.868,degC
23.6333,DO,42.455,%
23.6333,feed_rate,7.744,mL/h
23.6333,pH,6.403,-
23.6333,temp,29.927,degC
23.65,DO,42.525,%
23.65,feed_rate,7.744,mL/h
23.65,pH,6.403,-
23.65,temp,30.018,degC
23.6667,DO,42.623,%
23.6667,feed_rate,7.744,mL/h
23.6667,pH,6.394,-
23.6667,temp,30.092,degC
23.6833,DO,42.922,%
23.6833,feed_rate,7.744,mL/h
23.6833,pH,6.398,-
23.6833,temp,30.038,degC
23.7,DO,42.937,%
23.7,feed_rate,7.744,mL/h
23.7,pH,6.4,-
23.7,temp,29.999,degC
23.7167,DO,42.596,%
23.7167,feed_rate,7.744,mL/h
23.7167,pH,6.405,-
23.7167,temp,29.997,degC
23.7333,DO,42.01,%
23.7333,feed_rate,7.744,mL/h
23.7333,pH,6.415,-
23.7333,temp,30.024,degC
23.75,DO,42.118,%
23.75,feed_rate,7.744,mL/h
23.75,pH,6.41,-
23.75,temp,30.09,degC
23.7667,DO,41.842,%
23.7667,feed_rate,7.744,mL/h
23.7667,pH,6.387,-
23.7667,temp,29.991,degC
23.7833,DO,42.272,%
23.7833,feed_rate,7.744,mL/h
23.7833,pH,6.415,-
23.7833,temp,30.002,degC
23.8,DO,41.981,%
23.8,feed_rate,7.744,mL/h
23.8,pH,6.39,-
23.8,temp,30.021,degC
23.8167,DO,41.302,%
23.8167,feed_rate,7.744,mL/h
23.8167,pH,6.409,-
23.8167,temp,30.03,degC
23.8333,DO,41.448,%
23.8333,feed_rate,7.744,mL/h
23.8333,pH,6.403,-
23.8333,temp,30.013,degC
23.85,DO,41.876,%
23.85,feed_rate,7.744,mL/h
23.85,pH,6.405,-
23.85,temp,29.929,degC
23.8667,DO,41.828,%
23.8667,feed_rate,7.744,mL/h
23.8667,pH,6.4,-
23.8667,temp,29.912,degC
23.8833,DO,41.906,%
23.8833,feed_rate,7.744,mL/h
23.8833,pH,6.394,-
23.8833,temp,29.998,degC
23.9,DO,41.958,%
23.9,feed_rate,7.744,mL/h
23.9,pH,6.42,-
23.9,temp,30.042,degC
23.9167,DO,42.475,%
23.9167,feed_rate,7.744,mL/h
23.9167,pH,6.38,-
23.9167,temp,30.1,degC
23.9333,DO,42.455,%
23.9333,feed_rate,7.744,mL/h
23.9333,pH,6.395,-
23.9333,temp,30.02,degC
23.95,DO,42.333,%
23.95,feed_rate,7.744,mL/h
23.95,pH,6.417,-
23.95,temp,29.94,degC
23.9667,DO,42.058,%
23.9667,feed_rate,7.744,mL/h
23.9667,pH,6.404,-
23.9667,temp,29.979,degC
23.9833,DO,41.525,%
23.9833,feed_rate,7.744,mL/h
23.9833,pH,6.404,-
23.9833,temp,29.919,degC
24.0,DO,42.024,%
24.0,feed_rate,7.744,mL/h
24.0,pH,6.395,-
24.0,temp,29.989,degC
24.0167,DO,42.343,%
24.0167,feed_rate,7.744,mL/h
24.0167,pH,6.393,-
24.0167,temp,30.057,degC
24.0333,DO,41.957,%
24.0333,feed_rate,7.744,mL/h
24.0333,pH,6.41,-
24.0333,temp,30.007,degC
24.05,DO,42.122,%
24.05,feed_rate,7.744,mL/h
24.05,pH,6.402,-
24.05,temp,30.11,degC
24.0667,DO,42.166,%
24.0667,feed_rate,7.744,mL/h
24.0667,pH,6.407,-
24.0667,temp,29.987,degC
24.0833,DO,41.984,%
24.0833,feed_rate,7.744,mL/h
24.0833,pH,6.411,-
24.0833,temp,30.004,degC
24.1,DO,41.858,%
24.1,feed_rate,7.744,mL/h
24.1,pH,6.386,-
24.1,temp,30.016,degC
24.1167,DO,42.08,%
24.1167,feed_rate,7.744,mL/h
24.1167,pH,6.393,-
24.1167,temp,30.022,degC
24.1333,DO,41.66,%
24.1333,feed_rate,7.744,mL/h
24.1333,pH,6.397,-
24.1333,temp,30.008,degC
24.15,DO,41.53,%
24.15,feed_rate,7.744,mL/h
24.15,pH,6.405,-
24.15,temp,30.015,degC
24.1667,DO,41.56,%
24.1667,feed_rate,7.744,mL/h
24.1667,pH,6.41,-
24.1667,temp,30.046,degC
24.1833,DO,41.603,%
24.1833,feed_rate,7.744,mL/h
24.1833,pH,6.393,-
24.1833,temp,29.972,degC
24.2,DO,41.575,%
24.2,feed_rate,7.744,mL/h
24.2,pH,6.401,-
24.2,temp,30.001,degC
24.2167,DO,41.681,%
24.2167,feed_rate,7.744,mL/h
24.2167,pH,6.402,-
24.2167,temp,30.021,degC
24.2333,DO,41.859,%
24.2333,feed_rate,7.744,mL/h
24.2333,pH,6.402,-
24.2333,temp,29.982,degC
24.25,DO,41.567,%
24.25,feed_rate,7.744,mL/h
24.25,pH,6.418,-
24.25,temp,29.946,degC
24.2667,DO,41.63,%
24.2667,feed_rate,7.744,mL/h
24.2667,pH,6.395,-
24.2667,temp,30.018,degC
24.2833,DO,41.492,%
24.2833,feed_rate,7.744,mL/h
24.2833,pH,6.404,-
24.2833,temp,30.018,degC
24.3,DO,42.0,%
24.3,feed_rate,7.744,mL/h
24.3,pH,6.38,-
24.3,temp,29.961,degC
24.3167,DO,41.517,%
24.3167,feed_rate,7.744,mL/h
24.3167,pH,6.401,-
24.3167,temp,29.95,degC
24.3333,DO,41.487,%
24.3333,feed_rate,7.744,mL/h
24.3333,pH,6.404,-
24.3333,temp,29.888,degC
24.35,DO,41.444,%
24.35,feed_rate,8.496,mL/h
24.35,pH,6.409,-
24.35,temp,29.934,degC
24.3667,DO,41.109,%
24.3667,feed_rate,8.496,mL/h
24.3667,pH,6.397,-
24.3667,temp,30.011,degC
24.3833,DO,40.826,%
24.3833,feed_rate,8.496,mL/h
24.3833,pH,6.397,-
24.3833,temp,29.882,degC
24.4,DO,40.535,%
24.4,feed_rate,8.496,mL/h
24.4,pH,6.39,-
24.4,temp,29.985,degC
24.4167,DO,40.56,%
24.4167,feed_rate,8.496,mL/h
24.4167,pH,6.397,-
24.4167,temp,30.004,degC
24.4333,DO,40.13,%
24.4333,feed_rate,8.496,mL/h
24.4333,pH,6.426,-
24.4333,temp,29.971,degC
24.45,DO,40.114,%
24.45,feed_rate,8.496,mL/h
24.45,pH,6.385,-
24.45,temp,29.961,degC
24.4667,DO,40.094,%
24.4667,feed_rate,8.496,mL/h
24.4667,pH,6.385,-
24.4667,temp,30.048,degC
24.4833,DO,39.662,%
24.4833,feed_rate,8.496,mL/h
24.4833,pH,6.403,-
24.4833,temp,30.021,degC
24.5,DO,39.845,%
24.5,feed_rate,8.496,mL/h
24.5,pH,6.392,-
24.5,temp,29.943,degC
24.5167,DO,39.765,%
24.5167,feed_rate,8.496,mL/h
24.5167,pH,6.414,-
24.5167,temp,30.05,degC
24.5333,DO,39.936,%
24.5333,feed_rate,8.496,mL/h
24.5333,pH,6.387,-
24.5333,temp,30.087,degC
24.55,DO,40.24,%
24.55,feed_rate,8.496,mL/h
24.55,pH,6.418,-
24.55,temp,29.954,degC
24.5667,DO,40.325,%
24.5667,feed_rate,8.496,mL/h
24.5667,pH,6.397,-
24.5667,temp,29.945,degC
24.5833,DO,39.928,%
24.5833,feed_rate,8.496,mL/h
24.5833,pH,6.385,-
24.5833,temp,29.968,degC
24.6,DO,40.067,%
24.6,feed_rate,8.496,mL/h
24.6,pH,6.379,-
24.6,temp,30.017,degC
24.6167,DO,39.592,%
24.6167,feed_rate,8.496,mL/h
24.6167,pH,6.392,-
24.6167,temp,29.996,degC
24.6333,DO,39.466,%
24.6333,feed_rate,8.496,mL/h
24.6333,pH,6.395,-
24.6333,temp,29.982,degC
24.65,DO,40.105,%
24.65,feed_rate,8.496,mL/h
24.65,pH,6.405,-
24.65,temp,29.941,degC
24.6667,DO,40.108,%
24.6667,feed_rate,8.496,mL/h
24.6667,pH,6.388,-
24.6667,temp,30.037,degC
24.6833,DO,40.583,%
24.6833,feed_rate,8.496,mL/h
24.6833,pH,6.431,-
24.6833,temp,29.998,degC
24.7,DO,40.433,%
24.7,feed_rate,8.496,mL/h
24.7,pH,6.409,-
24.7,temp,30.004,degC
24.7167,DO,40.37,%
24.7167,feed_rate,8.496,mL/h
24.7167,pH,6.399,-
24.7167,temp,29.998,degC
24.7333,DO,39.976,%
24.7333,feed_rate,8.496,mL/h
24.7333,pH,6.395,-
24.7333,temp,30.015,degC
24.75,DO,40.286,%
24.75,feed_rate,8.496,mL/h
24.75,pH,6.428,-
24.75,temp,29.92,degC
24.7667,DO,40.187,%
24.7667,feed_rate,8.496,mL/h
24.7667,pH,6.393,-
24.7667,temp,29.973,degC
24.7833,DO,40.357,%
24.7833,feed_rate,8.496,mL/h
24.7833,pH,6.408,-
24.7833,temp,30.002,degC
24.8,DO,40.434,%
24.8,feed_rate,8.496,mL/h
24.8,pH,6.415,-
24.8,temp,30.016,degC
24.8167,DO,40.526,%
24.8167,feed_rate,8.496,mL/h
24.8167,pH,6.391,-
24.8167,temp,30.024,degC
24.8333,DO,40.536,%
24.8333,feed_rate,8.496,mL/h
24.8333,pH,6.406,-
24.8333,temp,30.048,degC
24.85,DO,40.432,%
24.85,feed_rate,8.496,mL/h
24.85,pH,6.396,-
24.85,temp,29.997,degC
24.8667,DO,40.36,%
24.8667,feed_rate,8.496,mL/h
24.8667,pH,6.414,-
24.8667,temp,30.041,degC
24.8833,DO,40.092,%
24.8833,feed_rate,8.496,mL/h
24.8833,pH,6.415,-
24.8833,temp,30.034,degC
24.9,DO,39.441,%
24.9,feed_rate,8.496,mL/h
24.9,pH,6.406,-
24.9,temp,30.017,degC
24.9167,DO,39.714,%
24.9167,feed_rate,8.496,mL/h
24.9167,pH,6.402,-
24.9167,temp,29.991,degC
24.9333,DO,40.416,%
24.9333,feed_rate,8.496,mL/h
24.9333,pH,6.388,-
24.9333,temp,29.984,degC
24.95,DO,40.674,%
24.95,feed_rate,8.496,mL/h
24.95,pH,6.425,-
24.95,temp,30.001,degC
24.9667,DO,41.261,%
24.9667,feed_rate,8.496,mL/h
24.9667,pH,6.415,-
24.9667,temp,30.039,degC
24.9833,DO,41.168,%
24.9833,feed_rate,8.496,mL/h
24.9833,pH,6.407,-
24.9833,temp,29.961,degC
25.0,DO,40.654,%
25.0,feed_rate,8.496,mL/h
25.0,pH,6.415,-
25.0,temp,29.959,degC
25.0167,DO,40.235,%
25.0167,feed_rate,8.496,mL/h
25.0167,pH,6.4,-
25.0167,temp,30.024,degC
25.0333,DO,40.426,%
25.0333,feed_rate,8.496,mL/h
25.0333,pH,6.389,-
25.0333,temp,30.012,degC
25.05,DO,40.456,%
25.05,feed_rate,8.496,mL/h
25.05,pH,6.409,-
25.05,temp,30.051,degC
25.0667,DO,40.325,%
25.0667,feed_rate,8.496,mL/h
25.0667,pH,6.39,-
25.0667,temp,30.063,degC
25.0833,DO,40.496,%
25.0833,feed_rate,8.496,mL/h
25.0833,pH,6.394,-
25.0833,temp,30.024,degC
25.1,DO,40.14,%
25.1,feed_rate,8.496,mL/h
25.1,pH,6.407,-
25.1,temp,29.922,degC
25.1167,DO,40.28,%
25.1167,feed_rate,8.496,mL/h
25.1167,pH,6.384,-
25.1167,temp,30.053,degC
25.1333,DO,40.147,%
25.1333,feed_rate,8.496,mL/h
25.1333,pH,6.4,-
25.1333,temp,30.023,degC
25.15,DO,40.173,%
25.15,feed_rate,8.496,mL/h
25.15,pH,6.396,-
25.15,temp,30.04,degC
25.1667,DO,40.506,%
25.1667,feed_rate,8.496,mL/h
25.1667,pH,6.388,-
25.1667,temp,30.028,degC
25.1833,DO,40.369,%
25.1833,feed_rate,8.496,mL/h
25.1833,pH,6.387,-
25.1833,temp,30.002,degC
25.2,DO,40.719,%
25.2,feed_rate,8.496,mL/h
25.2,pH,6.397,-
25.2,temp,30.024,degC
25.2167,DO,40.984,%
25.2167,feed_rate,8.496,mL/h
25.2167,pH,6.396,-
25.2167,temp,29.939,degC
25.2333,DO,40.561,%
25.2333,feed_rate,8.496,mL/h
25.2333,pH,6.401,-
25.2333,temp,29.945,degC
25.25,DO,41.159,%
25.25,feed_rate,8.496,mL/h
25.25,pH,6.384,-
25.25,temp,30.001,degC
25.2667,DO,40.554,%
25.2667,feed_rate,8.496,mL/h
25.2667,pH,6.4,-
25.2667,temp,30.076,degC
25.2833,DO,40.415,%
25.2833,feed_rate,8.496,mL/h
25.2833,pH,6.386,-
25.2833,temp,30.015,degC
25.3,DO,40.558,%
25.3,feed_rate,8.496,mL/h
25.3,pH,6.391,-
25.3,temp,30.065,degC
25.3167,DO,39.755,%
25.3167,feed_rate,8.496,mL/h
25.3167,pH,6.408,-
25.3167,temp,30.001,degC
25.3333,DO,40.118,%
25.3333,feed_rate,8.496,mL/h
25.3333,pH,6.392,-
25.3333,temp,30.01,degC
25.35,DO,40.439,%
25.35,feed_rate,8.496,mL/h
25.35,pH,6.394,-
25.35,temp,30.05,degC
25.3667,DO,40.316,%
25.3667,feed_rate,8.496,mL/h
25.3667,pH,6.39,-
25.3667,temp,30.048,degC
25.3833,DO,40.334,%
25.3833,feed_rate,8.496,mL/h
25.3833,pH,6.398,-
25.3833,temp,30.006,degC
25.4,DO,40.329,%
25.4,feed_rate,8.496,mL/h
25.4,pH,6.407,-
25.4,temp,29.988,degC
25.4167,DO,40.196,%
25.4167,feed_rate,8.496,mL/h
25.4167,pH,6.395,-
25.4167,temp,30.047,degC
25.4333,DO,40.478,%
25.4333,feed_rate,8.496,mL/h
25.4333,pH,6.405,-
25.4333,temp,30.018,degC
25.45,DO,40.263,%
25.45,feed_rate,8.496,mL/h
25.45,pH,6.385,-
25.45,temp,29.982,degC
25.4667,DO,40.191,%
25.4667,feed_rate,8.496,mL/h
25.4667,pH,6.403,-
25.4667,temp,29.992,degC
25.4833,DO,40.256,%
25.4833,feed_rate,8.496,mL/h
25.4833,pH,6.397,-
25.4833,temp,29.956,degC
25.5,DO,40.455,%
25.5,feed_rate,8.496,mL/h
25.5,pH,6.399,-
25.5,temp,30.01,degC
25.5167,DO,40.689,%
25.5167,feed_rate,8.496,mL/h
25.5167,pH,6.389,-
25.5167,temp,30.044,degC
25.5333,DO,40.091,%
25.5333,feed_rate,8.496,mL/h
25.5333,pH,6.392,-
25.5333,temp,29.889,degC
25.55,DO,39.443,%
25.55,feed_rate,8.496,mL/h
25.55,pH,6.401,-
25.55,temp,29.984,degC
25.5667,DO,39.5,%
25.5667,feed_rate,8.496,mL/h
25.5667,pH,6.386,-
25.5667,temp,29.938,degC
25.5833,DO,39.57,%
25.5833,feed_rate,8.496,mL/h
25.5833,pH,6.405,-
25.5833,temp,29.98,degC
25.6,DO,39.312,%
25.6,feed_rate,8.496,mL/h
25.6,pH,6.393,-
25.6,temp,29.976,degC
25.6167,DO,39.526,%
25.6167,feed_rate,8.496,mL/h
25.6167,pH,6.402,-
25.6167,temp,29.943,degC
25.6333,DO,39.795,%
25.6333,feed_rate,8.496,mL/h
25.6333,pH,6.386,-
25.6333,temp,30.007,degC
25.65,DO,39.935,%
25.65,feed_rate,8.496,mL/h
25.65,pH,6.381,-
25.65,temp,29.935,degC
25.6667,DO,40.43,%
25.6667,feed_rate,8.496,mL/h
25.6667,pH,6.404,-
25.6667,temp,29.955,degC
25.6833,DO,40.009,%
25.6833,feed_rate,8.496,mL/h
25.6833,pH,6.404,-
25.6833,temp,29.929,degC
25.7,DO,39.993,%
25.7,feed_rate,8.496,mL/h
25.7,pH,6.397,-
25.7,temp,29.962,degC
25.7167,DO,40.559,%
25.7167,feed_rate,8.496,mL/h
25.7167,pH,6.404,-
25.7167,temp,30.025,degC
25.7333,DO,40.631,%
25.7333,feed_rate,8.496,mL/h
25.7333,pH,6.397,-
25.7333,temp,29.98,degC
25.75,DO,40.141,%
25.75,feed_rate,8.496,mL/h
25.75,pH,6.404,-
25.75,temp,30.063,degC
25.7667,DO,40.149,%
25.7667,feed_rate,8.496,mL/h
25.7667,pH,6.398,-
25.7667,temp,29.988,degC
25.7833,DO,40.452,%
25.7833,feed_rate,8.496,mL/h
25.7833,pH,6.387,-
25.7833,temp,29.968,degC
25.8,DO,40.968,%
25.8,feed_rate,8.496,mL/h
25.8,pH,6.408,-
25.8,temp,30.057,degC
25.8167,DO,40.948,%
25.8167,feed_rate,8.496,mL/h
25.8167,pH,6.387,-
25.8167,temp,30.018,degC
25.8333,DO,41.084,%
25.8333,feed_rate,8.496,mL/h
25.8333,pH,6.419,-
25.8333,temp,30.04,degC
25.85,DO,40.499,%
25.85,feed_rate,8.496,mL/h
25.85,pH,6.395,-
25.85,temp,30.024,degC
25.8667,DO,40.292,%
25.8667,feed_rate,8.496,mL/h
25.8667,pH,6.387,-
25.8667,temp,30.073,degC
25.8833,DO,40.565,%
25.8833,feed_rate,8.496,mL/h
25.8833,pH,6.394,-
25.8833,temp,30.046,degC
25.9,DO,40.126,%
25.9,feed_rate,8.496,mL/h
25.9,pH,6.397,-
25.9,temp,30.063,degC
25.9167,DO,40.048,%
25.9167,feed_rate,8.496,mL/h
25.9167,pH,6.398,-
25.9167,temp,29.957,degC
25.9333,DO,39.434,%
25.9333,feed_rate,8.496,mL/h
25.9333,pH,6.402,-
25.9333,temp,30.031,degC
25.95,DO,39.961,%
25.95,feed_rate,8.496,mL/h
25.95,pH,6.39,-
25.95,temp,30.045,degC
25.9667,DO,39.891,%
25.9667,feed_rate,8.496,mL/h
25.9667,pH,6.376,-
25.9667,temp,30.003,degC
25.9833,DO,40.047,%
25.9833,feed_rate,8.496,mL/h
25.9833,pH,6.388,-
25.9833,temp,30.062,degC
26.0,DO,39.54,%
26.0,feed_rate,8.496,mL/h
26.0,pH,6.4,-
26.0,temp,30.008,degC
26.0167,DO,39.192,%
26.0167,feed_rate,8.496,mL/h
26.0167,pH,6.407,-
26.0167,temp,29.991,degC
26.0333,DO,39.864,%
26.0333,feed_rate,8.496,mL/h
26.0333,pH,6.376,-
26.0333,temp,30.027,degC
26.05,DO,39.745,%
26.05,feed_rate,8.496,mL/h
26.05,pH,6.397,-
26.05,temp,29.941,degC
26.0667,DO,39.587,%
26.0667,feed_rate,8.496,mL/h
26.0667,pH,6.407,-
26.0667,temp,29.926,degC
26.0833,DO,39.781,%
26.0833,feed_rate,8.496,mL/h
26.0833,pH,6.382,-
26.0833,temp,29.991,degC
26.1,DO,39.948,%
26.1,feed_rate,8.496,mL/h
26.1,pH,6.413,-
26.1,temp,29.888,degC
26.1167,DO,39.316,%
26.1167,feed_rate,8.496,mL/h
26.1167,pH,6.388,-
26.1167,temp,30.053,degC
26.1333,DO,39.109,%
26.1333,feed_rate,8.496,mL/h
26.1333,pH,6.394,-
26.1333,temp,29.973,degC
26.15,DO,39.255,%
26.15,feed_rate,8.496,mL/h
26.15,pH,6.391,-
26.15,temp,30.079,degC
26.1667,DO,39.357,%
26.1667,feed_rate,8.496,mL/h
26.1667,pH,6.413,-
26.1667,temp,30.009,degC
26.1833,DO,39.543,%
26.1833,feed_rate,8.496,mL/h
26.1833,pH,6.404,-
26.1833,temp,29.968,degC
26.2,DO,39.454,%
26.2,feed_rate,8.496,mL/h
26.2,pH,6.397,-
26.2,temp,29.974,degC
26.2167,DO,39.427,%
26.2167,feed_rate,8.496,mL/h
26.2167,pH,6.392,-
26.2167,temp,30.031,degC
26.2333,DO,39.555,%
26.2333,feed_rate,8.496,mL/h
26.2333,pH,6.378,-
26.2333,temp,30.049,degC
26.25,DO,39.382,%
26.25,feed_rate,8.496,mL/h
26.25,pH,6.392,-
26.25,temp,29.993,degC
26.2667,DO,39.198,%
26.2667,feed_rate,8.496,mL/h
26.2667,pH,6.389,-
26.2667,temp,29.937,degC
26.2833,DO,39.137,%
26.2833,feed_rate,8.496,mL/h
26.2833,pH,6.394,-
26.2833,temp,30.011,degC
26.3,DO,39.256,%
26.3,feed_rate,8.496,mL/h
26.3,pH,6.376,-
26.3,temp,30.03,degC
26.3167,DO,39.304,%
26.3167,feed_rate,8.496,mL/h
26.3167,pH,6.408,-
26.3167,temp,30.037,degC
26.3333,DO,39.24,%
26.3333,feed_rate,8.496,mL/h
26.3333,pH,6.404,-
26.3333,temp,29.939,degC
26.35,DO,39.258,%
26.35,feed_rate,8.496,mL/h
26.35,pH,6.411,-
26.35,temp,29.974,degC
26.3667,DO,39.333,%
26.3667,feed_rate,8.496,mL/h
26.3667,pH,6.389,-
26.3667,temp,30.035,degC
26.3833,DO,39.504,%
26.3833,feed_rate,8.496,mL/h
26.3833,pH,6.394,-
26.3833,temp,30.093,degC
26.4,DO,39.653,%
26.4,feed_rate,8.496,mL/h
26.4,pH,6.382,-
26.4,temp,30.002,degC
26.4167,DO,39.269,%
26.4167,feed_rate,8.496,mL/h
26.4167,pH,6.403,-
26.4167,temp,29.944,degC
26.4333,DO,39.649,%
26.4333,feed_rate,8.496,mL/h
26.4333,pH,6.392,-
26.4333,temp,30.03,degC
26.45,DO,39.17,%
26.45,feed_rate,8.496,mL/h
26.45,pH,6.411,-
26.45,temp,29.846,degC
26.4667,DO,39.437,%
26.4667,feed_rate,8.496,mL/h
26.4667,pH,6.402,-
26.4667,temp,30.008,degC
26.4833,DO,39.27,%
26.4833,feed_rate,8.496,mL/h
26.4833,pH,6.402,-
26.4833,temp,29.977,degC
26.5,DO,39.526,%
26.5,feed_rate,8.496,mL/h
26.5,pH,6.4,-
26.5,temp,30.087,degC
26.5167,DO,39.876,%
26.5167,feed_rate,8.496,mL/h
26.5167,pH,6.379,-
26.5167,temp,29.978,degC
26.5333,DO,39.262,%
26.5333,feed_rate,8.496,mL/h
26.5333,pH,6.401,-
26.5333,temp,29.941,degC
26.55,DO,39.523,%
26.55,feed_rate,8.496,mL/h
26.55,pH,6.378,-
26.55,temp,30.128,degC
26.5667,DO,39.632,%
26.5667,feed_rate,8.496,mL/h
26.5667,pH,6.397,-
26.5667,temp,30.02,degC
26.5833,DO,39.494,%
26.5833,feed_rate,8.496,mL/h
26.5833,pH,6.4,-
26.5833,temp,30.003,degC
26.6,DO,39.64,%
26.6,feed_rate,8.496,mL/h
26.6,pH,6.382,-
26.6,temp,29.97,degC
26.6167,DO,39.489,%
26.6167,feed_rate,8.496,mL/h
26.6167,pH,6.387,-
26.6167,temp,29.956,degC
26.6333,DO,39.554,%
26.6333,feed_rate,8.496,mL/h
26.6333,pH,6.392,-
26.6333,temp,29.915,degC
26.65,DO,39.25,%
26.65,feed_rate,8.496,mL/h
26.65,pH,6.396,-
26.65,temp,30.031,degC
26.6667,DO,39.563,%
26.6667,feed_rate,8.496,mL/h
26.6667,pH,6.397,-
26.6667,temp,29.959,degC
26.6833,DO,39.753,%
26.6833,feed_rate,8.496,mL/h
26.6833,pH,6.394,-
26.6833,temp,30.04,degC
26.7,DO,39.951,%
26.7,feed_rate,8.496,mL/h
26.7,pH,6.385,-
26.7,temp,30.023,degC
26.7167,DO,39.685,%
26.7167,feed_rate,8.496,mL/h
26.7167,pH,6.396,-
26.7167,temp,30.047,degC
26.7333,DO,40.227,%
26.7333,feed_rate,8.496,mL/h
26.7333,pH,6.418,-
26.7333,temp,29.985,degC
26.75,DO,40.701,%
26.75,feed_rate,8.496,mL/h
26.75,pH,6.387,-
26.75,temp,30.007,degC
26.7667,DO,40.455,%
26.7667,feed_rate,8.496,mL/h
26.7667,pH,6.409,-
26.7667,temp,29.971,degC
26.7833,DO,40.157,%
26.7833,feed_rate,8.496,mL/h
26.7833,pH,6.381,-
26.7833,temp,29.987,degC
26.8,DO,39.921,%
26.8,feed_rate,8.496,mL/h
26.8,pH,6.387,-
26.8,temp,29.956,degC
26.8167,DO,40.063,%
26.8167,feed_rate,8.496,mL/h
26.8167,pH,6.406,-
26.8167,temp,29.886,degC
26.8333,DO,40.28,%
26.8333,feed_rate,8.496,mL/h
26.8333,pH,6.401,-
26.8333,temp,30.011,degC
26.85,DO,39.915,%
26.85,feed_rate,8.496,mL/h
26.85,pH,6.409,-
26.85,temp,29.938,degC
26.8667,DO,39.234,%
26.8667,feed_rate,8.496,mL/h
26.8667,pH,6.399,-
26.8667,temp,30.116,degC
26.8833,DO,39.441,%
26.8833,feed_rate,8.496,mL/h
26.8833,pH,6.386,-
26.8833,temp,30.0,degC
26.9,DO,39.455,%
26.9,feed_rate,8.496,mL/h
26.9,pH,6.393,-
26.9,temp,29.918,degC
26.9167,DO,39.53,%
26.9167,feed_rate,8.496,mL/h
26.9167,pH,6.388,-
26.9167,temp,29.989,degC
26.9333,DO,39.694,%
26.9333,feed_rate,8.496,mL/h
26.9333,pH,6.403,-
26.9333,temp,30.031,degC
26.95,DO,39.331,%
26.95,feed_rate,8.496,mL/h
26.95,pH,6.398,-
26.95,temp,30.023,degC
26.9667,DO,39.396,%
26.9667,feed_rate,8.496,mL/h
26.9667,pH,6.405,-
26.9667,temp,29.963,degC
26.9833,DO,39.338,%
26.9833,feed_rate,8.496,mL/h
26.9833,pH,6.385,-
26.9833,temp,30.014,degC
27.0,DO,39.494,%
27.0,feed_rate,8.496,mL/h
27.0,pH,6.39,-
27.0,temp,30.01,degC
27.0167,DO,39.873,%
27.0167,feed_rate,8.496,mL/h
27.0167,pH,6.388,-
27.0167,temp,29.98,degC
27.0333,DO,39.807,%
27.0333,feed_rate,8.496,mL/h
27.0333,pH,6.388,-
27.0333,temp,29.989,degC
27.05,DO,39.493,%
27.05,feed_rate,8.496,mL/h
27.05,pH,6.39,-
27.05,temp,30.013,degC
27.0667,DO,39.877,%
27.0667,feed_rate,8.496,mL/h
27.0667,pH,6.405,-
27.0667,temp,30.001,degC
27.0833,DO,40.021,%
27.0833,feed_rate,8.496,mL/h
27.0833,pH,6.393,-
27.0833,temp,30.027,degC
27.1,DO,39.859,%
27.1,feed_rate,8.496,mL/h
27.1,pH,6.404,-
27.1,temp,30.049,degC
27.1167,DO,39.245,%
27.1167,feed_rate,8.496,mL/h
27.1167,pH,6.394,-
27.1167,temp,30.066,degC
27.1333,DO,39.033,%
27.1333,feed_rate,8.496,mL/h
27.1333,pH,6.374,-
27.1333,temp,29.947,degC
27.15,DO,39.17,%
27.15,feed_rate,8.496,mL/h
27.15,pH,6.378,-
27.15,temp,29.981,degC
27.1667,DO,39.401,%
27.1667,feed_rate,8.496,mL/h
27.1667,pH,6.39,-
27.1667,temp,30.017,degC
27.1833,DO,39.26,%
27.1833,feed_rate,8.496,mL/h
27.1833,pH,6.403,-
27.1833,temp,30.016,degC
27.2,DO,39.437,%
27.2,feed_rate,8.496,mL/h
27.2,pH,6.391,-
27.2,temp,29.969,degC
27.2167,DO,39.254,%
27.2167,feed_rate,8.496,mL/h
27.2167,pH,6.376,-
27.2167,temp,29.995,degC
27.2333,DO,39.171,%
27.2333,feed_rate,8.496,mL/h
27.2333,pH,6.392,-
27.2333,temp,29.998,degC
27.25,DO,39.392,%
27.25,feed_rate,8.496,mL/h
27.25,pH,6.389,-
27.25,temp,30.01,degC
27.2667,DO,39.326,%
27.2667,feed_rate,8.496,mL/h
27.2667,pH,6.397,-
27.2667,temp,30.032,degC
27.2833,DO,39.396,%
27.2833,feed_rate,8.496,mL/h
27.2833,pH,6.399,-
27.2833,temp,29.977,degC
27.3,DO,39.673,%
27.3,feed_rate,8.496,mL/h
27.3,pH,6.394,-
27.3,temp,29.912,degC
27.3167,DO,39.971,%
27.3167,feed_rate,8.496,mL/h
27.3167,pH,6.384,-
27.3167,temp,29.983,degC
27.3333,DO,39.689,%
27.3333,feed_rate,8.496,mL/h
27.3333,pH,6.38,-
27.3333,temp,29.989,degC
27.35,DO,39.564,%
27.35,feed_rate,8.496,mL/h
27.35,pH,6.387,-
27.35,temp,29.991,degC
27.3667,DO,39.14,%
27.3667,feed_rate,8.496,mL/h
27.3667,pH,6.39,-
27.3667,temp,30.047,degC
27.3833,DO,38.806,%
27.3833,feed_rate,8.496,mL/h
27.3833,pH,6.394,-
27.3833,temp,29.951,degC
27.4,DO,39.022,%
27.4,feed_rate,8.496,mL/h
27.4,pH,6.386,-
27.4,temp,30.028,degC
27.4167,DO,38.946,%
27.4167,feed_rate,8.496,mL/h
27.4167,pH,6.384,-
27.4167,temp,30.086,degC
27.4333,DO,38.483,%
27.4333,feed_rate,8.496,mL/h
27.4333,pH,6.395,-
27.4333,temp,29.943,degC
27.45,DO,38.831,%
27.45,feed_rate,8.496,mL/h
27.45,pH,6.398,-
27.45,temp,29.992,degC
27.4667,DO,38.695,%
27.4667,feed_rate,8.496,mL/h
27.4667,pH,6.393,-
27.4667,temp,30.0,degC
27.4833,DO,38.745,%
27.4833,feed_rate,8.496,mL/h
27.4833,pH,6.38,-
27.4833,temp,30.035,degC
27.5,DO,39.004,%
27.5,feed_rate,8.496,mL/h
27.5,pH,6.387,-
27.5,temp,30.03,degC
27.5167,DO,39.205,%
27.5167,feed_rate,8.496,mL/h
27.5167,pH,6.412,-
27.5167,temp,29.974,degC
27.5333,DO,39.228,%
27.5333,feed_rate,8.496,mL/h
27.5333,pH,6.379,-
27.5333,temp,30.136,degC
27.55,DO,38.662,%
27.55,feed_rate,8.496,mL/h
27.55,pH,6.386,-
27.55,temp,29.99,degC
27.5667,DO,38.98,%
27.5667,feed_rate,8.496,mL/h
27.5667,pH,6.399,-
27.5667,temp,30.012,degC
27.5833,DO,38.884,%
27.5833,feed_rate,8.496,mL/h
27.5833,pH,6.38,-
27.5833,temp,30.028,degC
27.6,DO,38.559,%
27.6,feed_rate,8.496,mL/h
27.6,pH,6.386,-
27.6,temp,30.016,degC
27.6167,DO,38.061,%
27.6167,feed_rate,8.496,mL/h
27.6167,pH,6.402,-
27.6167,temp,30.003,degC
27.6333,DO,38.724,%
27.6333,feed_rate,8.496,mL/h
27.6333,pH,6.399,-
27.6333,temp,29.975,degC
27.65,DO,38.899,%
27.65,feed_rate,8.496,mL/h
27.65,pH,6.371,-
27.65,temp,29.984,degC
27.6667,DO,39.03,%
27.6667,feed_rate,8.496,mL/h
27.6667,pH,6.395,-
27.6667,temp,29.991,degC
27.6833,DO,39.284,%
27.6833,feed_rate,8.496,mL/h
27.6833,pH,6.386,-
27.6833,temp,30.068,degC
27.7,DO,39.28,%
27.7,feed_rate,8.496,mL/h
27.7,pH,6.375,-
27.7,temp,29.93,degC
27.7167,DO,38.854,%
27.7167,feed_rate,8.496,mL/h
27.7167,pH,6.4,-
27.7167,temp,29.978,degC
27.7333,DO,39.163,%
27.7333,feed_rate,8.496,mL/h
27.7333,pH,6.384,-
27.7333,temp,29.981,degC
27.75,DO,39.507,%
27.75,feed_rate,8.496,mL/h
27.75,pH,6.389,-
27.75,temp,29.96,degC
27.7667,DO,39.636,%
27.7667,feed_rate,8.496,mL/h
27.7667,pH,6.38,-
27.7667,temp,30.043,degC
27.7833,DO,40.045,%
27.7833,feed_rate,8.496,mL/h
27.7833,pH,6.397,-
27.7833,temp,29.988,degC
27.8,DO,40.483,%
27.8,feed_rate,8.496,mL/h
27.8,pH,6.398,-
27.8,temp,29.972,degC
27.8167,DO,40.02,%
27.8167,feed_rate,8.496,mL/h
27.8167,pH,6.397,-
27.8167,temp,29.971,degC
27.8333,DO,39.756,%
27.8333,feed_rate,8.496,mL/h
27.8333,pH,6.413,-
27.8333,temp,30.045,degC
27.85,DO,39.944,%
27.85,feed_rate,8.496,mL/h
27.85,pH,6.395,-
27.85,temp,30.025,degC
27.8667,DO,39.881,%
27.8667,feed_rate,8.496,mL/h
27.8667,pH,6.386,-
27.8667,temp,29.974,degC
27.8833,DO,39.84,%
27.8833,feed_rate,8.496,mL/h
27.8833,pH,6.394,-
27.8833,temp,30.018,degC
27.9,DO,40.025,%
27.9,feed_rate,8.496,mL/h
27.9,pH,6.392,-
27.9,temp,30.006,degC
27.9167,DO,40.114,%
27.9167,feed_rate,8.496,mL/h
27.9167,pH,6.396,-
27.9167,temp,30.073,degC
27.9333,DO,39.83,%
27.9333,feed_rate,8.496,mL/h
27.9333,pH,6.365,-
27.9333,temp,29.947,degC
27.95,DO,39.772,%
27.95,feed_rate,8.496,mL/h
27.95,pH,6.398,-
27.95,temp,29.905,degC
27.9667,DO,39.474,%
27.9667,feed_rate,8.496,mL/h
27.9667,pH,6.409,-
27.9667,temp,29.978,degC
27.9833,DO,39.391,%
27.9833,feed_rate,8.496,mL/h
27.9833,pH,6.398,-
27.9833,temp,29.965,degC
28.0,DO,39.048,%
28.0,feed_rate,8.496,mL/h
28.0,pH,6.383,-
28.0,temp,29.957,degC
28.0167,DO,38.518,%
28.0167,feed_rate,8.496,mL/h
28.0167,pH,6.411,-
28.0167,temp,29.997,degC
28.0333,DO,38.534,%
28.0333,feed_rate,8.496,mL/h
28.0333,pH,6.397,-
28.0333,temp,30.014,degC
28.05,DO,38.519,%
28.05,feed_rate,8.496,mL/h
28.05,pH,6.41,-
28.05,temp,30.011,degC
28.0667,DO,38.952,%
28.0667,feed_rate,8.496,mL/h
28.0667,pH,6.4,-
28.0667,temp,30.008,degC
28.0833,DO,39.503,%
28.0833,feed_rate,8.496,mL/h
28.0833,pH,6.387,-
28.0833,temp,29.963,degC
28.1,DO,39.478,%
28.1,feed_rate,8.496,mL/h
28.1,pH,6.373,-
28.1,temp,30.084,degC
28.1167,DO,39.592,%
28.1167,feed_rate,8.496,mL/h
28.1167,pH,6.391,-
28.1167,temp,29.979,degC
28.1333,DO,39.351,%
28.1333,feed_rate,8.496,mL/h
28.1333,pH,6.395,-
28.1333,temp,29.949,degC
28.15,DO,39.07,%
28.15,feed_rate,8.496,mL/h
28.15,pH,6.386,-
28.15,temp,30.0,degC
28.1667,DO,39.038,%
28.1667,feed_rate,8.496,mL/h
28.1667,pH,6.377,-
28.1667,temp,30.023,degC
28.1833,DO,39.012,%
28.1833,feed_rate,8.496,mL/h
28.1833,pH,6.398,-
28.1833,temp,29.912,degC
28.2,DO,39.166,%
28.2,feed_rate,8.496,mL/h
28.2,pH,6.382,-
28.2,temp,30.035,degC
28.2167,DO,39.233,%
28.2167,feed_rate,8.496,mL/h
28.2167,pH,6.404,-
28.2167,temp,30.017,degC
28.2333,DO,39.751,%
28.2333,feed_rate,8.496,mL/h
28.2333,pH,6.384,-
28.2333,temp,30.006,degC
28.25,DO,39.81,%
28.25,feed_rate,7.978,mL/h
28.25,pH,6.393,-
28.25,temp,29.996,degC
28.2667,DO,39.426,%
28.2667,feed_rate,7.978,mL/h
28.2667,pH,6.386,-
28.2667,temp,30.085,degC
28.2833,DO,39.651,%
28.2833,feed_rate,7.978,mL/h
28.2833,pH,6.394,-
28.2833,temp,30.096,degC
28.3,DO,39.596,%
28.3,feed_rate,7.978,mL/h
28.3,pH,6.395,-
28.3,temp,29.94,degC
28.3167,DO,39.811,%
28.3167,feed_rate,7.978,mL/h
28.3167,pH,6.368,-
28.3167,temp,29.98,degC
28.3333,DO,40.259,%
28.3333,feed_rate,7.978,mL/h
28.3333,pH,6.382,-
28.3333,temp,29.969,degC
28.35,DO,40.087,%
28.35,feed_rate,7.978,mL/h
28.35,pH,6.383,-
28.35,temp,29.992,degC
28.3667,DO,40.119,%
28.3667,feed_rate,7.978,mL/h
28.3667,pH,6.383,-
28.3667,temp,29.95,degC
28.3833,DO,40.323,%
28.3833,feed_rate,7.978,mL/h
28.3833,pH,6.388,-
28.3833,temp,29.938,degC
28.4,DO,40.046,%
28.4,feed_rate,7.978,mL/h
28.4,pH,6.4,-
28.4,temp,29.978,degC
28.4167,DO,40.173,%
28.4167,feed_rate,7.978,mL/h
28.4167,pH,6.379,-
28.4167,temp,29.98,degC
28.4333,DO,40.373,%
28.4333,feed_rate,7.978,mL/h
28.4333,pH,6.394,-
28.4333,temp,30.043,degC
28.45,DO,40.614,%
28.45,feed_rate,7.978,mL/h
28.45,pH,6.385,-
28.45,temp,30.041,degC
28.4667,DO,40.891,%
28.4667,feed_rate,7.978,mL/h
28.4667,pH,6.381,-
28.4667,temp,30.031,degC
28.4833,DO,40.95,%
28.4833,feed_rate,7.978,mL/h
28.4833,pH,6.373,-
28.4833,temp,30.024,degC
28.5,DO,40.948,%
28.5,feed_rate,7.978,mL/h
28.5,pH,6.38,-
28.5,temp,30.079,degC
28.5167,DO,40.412,%
28.5167,feed_rate,7.978,mL/h
28.5167,pH,6.377,-
28.5167,temp,29.96,degC
28.5333,DO,39.596,%
28.5333,feed_rate,7.978,mL/h
28.5333,pH,6.392,-
28.5333,temp,29.985,degC
28.55,DO,39.458,%
28.55,feed_rate,7.978,mL/h
28.55,pH,6.403,-
28.55,temp,30.034,degC
28.5667,DO,40.063,%
28.5667,feed_rate,7.978,mL/h
28.5667,pH,6.393,-
28.5667,temp,29.956,degC
28.5833,DO,40.155,%
28.5833,feed_rate,7.978,mL/h
28.5833,pH,6.395,-
28.5833,temp,30.034,degC
28.6,DO,39.518,%
28.6,feed_rate,7.978,mL/h
28.6,pH,6.379,-
28.6,temp,29.96,degC
28.6167,DO,39.557,%
28.6167,feed_rate,7.978,mL/h
28.6167,pH,6.394,-
28.6167,temp,29.983,degC
28.6333,DO,39.823,%
28.6333,feed_rate,7.978,mL/h
28.6333,pH,6.379,-
28.6333,temp,29.967,degC
28.65,DO,39.373,%
28.65,feed_rate,7.978,mL/h
28.65,pH,6.378,-
28.65,temp,30.036,degC
28.6667,DO,39.739,%
28.6667,feed_rate,7.978,mL/h
28.6667,pH,6.39,-
28.6667,temp,29.964,degC
28.6833,DO,39.516,%
28.6833,feed_rate,7.978,mL/h
28.6833,pH,6.381,-
28.6833,temp,30.006,degC
28.7,DO,39.994,%
28.7,feed_rate,7.978,mL/h
28.7,pH,6.393,-
28.7,temp,30.036,degC
28.7167,DO,40.072,%
28.7167,feed_rate,7.978,mL/h
28.7167,pH,6.388,-
28.7167,temp,30.029,degC
28.7333,DO,41.054,%
28.7333,feed_rate,7.978,mL/h
28.7333,pH,6.384,-
28.7333,temp,30.001,degC
28.75,DO,40.513,%
28.75,feed_rate,7.978,mL/h
28.75,pH,6.381,-
28.75,temp,29.945,degC
28.7667,DO,40.563,%
28.7667,feed_rate,7.978,mL/h
28.7667,pH,6.389,-
28.7667,temp,30.028,degC
28.7833,DO,40.076,%
28.7833,feed_rate,7.978,mL/h
28.7833,pH,6.389,-
28.7833,temp,29.957,degC
28.8,DO,40.473,%
28.8,feed_rate,7.978,mL/h
28.8,pH,6.387,-
28.8,temp,30.038,degC
28.8167,DO,40.484,%
28.8167,feed_rate,7.978,mL/h
28.8167,pH,6.398,-
28.8167,temp,29.986,degC
28.8333,DO,40.731,%
28.8333,feed_rate,7.978,mL/h
28.8333,pH,6.381,-
28.8333,temp,30.05,degC
28.85,DO,40.684,%
28.85,feed_rate,7.978,mL/h
28.85,pH,6.373,-
28.85,temp,29.995,degC
28.8667,DO,40.264,%
28.8667,feed_rate,7.978,mL/h
28.8667,pH,6.373,-
28.8667,temp,30.002,degC
28.8833,DO,40.083,%
28.8833,feed_rate,7.978,mL/h
28.8833,pH,6.377,-
28.8833,temp,29.947,degC
28.9,DO,39.763,%
28.9,feed_rate,7.978,mL/h
28.9,pH,6.377,-
28.9,temp,30.005,degC
28.9167,DO,39.564,%
28.9167,feed_rate,7.978,mL/h
28.9167,pH,6.385,-
28.9167,temp,30.056,degC
28.9333,DO,39.762,%
28.9333,feed_rate,7.978,mL/h
28.9333,pH,6.402,-
28.9333,temp,30.006,degC
28.95,DO,40.197,%
28.95,feed_rate,7.978,mL/h
28.95,pH,6.376,-
28.95,temp,30.018,degC
28.9667,DO,40.481,%
28.9667,feed_rate,7.978,mL/h
28.9667,pH,6.378,-
28.9667,temp,29.955,degC
28.9833,DO,40.605,%
28.9833,feed_rate,7.978,mL/h
28.9833,pH,6.381,-
28.9833,temp,30.074,degC
29.0,DO,40.381,%
29.0,feed_rate,7.978,mL/h
29.0,pH,6.376,-
29.0,temp,29.942,degC
29.0167,DO,40.523,%
29.0167,feed_rate,7.978,mL/h
29.0167,pH,6.378,-
29.0167,temp,30.075,degC
29.0333,DO,40.228,%
29.0333,feed_rate,7.978,mL/h
29.0333,pH,6.393,-
29.0333,temp,29.979,degC
29.05,DO,40.309,%
29.05,feed_rate,7.978,mL/h
29.05,pH,6.398,-
29.05,temp,29.882,degC
29.0667,DO,40.563,%
29.0667,feed_rate,7.978,mL/h
29.0667,pH,6.379,-
29.0667,temp,30.01,degC
29.0833,DO,40.459,%
29.0833,feed_rate,7.978,mL/h
29.0833,pH,6.385,-
29.0833,temp,29.992,degC
29.1,DO,40.29,%
29.1,feed_rate,7.978,mL/h
29.1,pH,6.395,-
29.1,temp,29.954,degC
29.1167,DO,40.167,%
29.1167,feed_rate,7.978,mL/h
29.1167,pH,6.389,-
29.1167,temp,29.933,degC
29.1333,DO,40.38,%
29.1333,feed_rate,7.978,mL/h
29.1333,pH,6.383,-
29.1333,temp,30.013,degC
29.15,DO,40.275,%
29.15,feed_rate,7.978,mL/h
29.15,pH,6.389,-
29.15,temp,29.999,degC
29.1667,DO,39.857,%
29.1667,feed_rate,7.978,mL/h
29.1667,pH,6.384,-
29.1667,temp,29.99,degC
29.1833,DO,39.824,%
29.1833,feed_rate,7.978,mL/h
29.1833,pH,6.378,-
29.1833,temp,30.066,degC
29.2,DO,39.603,%
29.2,feed_rate,7.978,mL/h
29.2,pH,6.39,-
29.2,temp,29.999,degC
29.2167,DO,40.193,%
29.2167,feed_rate,7.978,mL/h
29.2167,pH,6.379,-
29.2167,temp,29.979,degC
29.2333,DO,40.22,%
29.2333,feed_rate,7.978,mL/h
29.2333,pH,6.38,-
29.2333,temp,29.922,degC
29.25,DO,39.797,%
29.25,feed_rate,7.978,mL/h
29.25,pH,6.388,-
29.25,temp,29.98,degC
29.2667,DO,39.978,%
29.2667,feed_rate,7.978,mL/h
29.2667,pH,6.373,-
29.2667,temp,30.027,degC
29.2833,DO,40.259,%
29.2833,feed_rate,7.978,mL/h
29.2833,pH,6.392,-
29.2833,temp,30.025,degC
29.3,DO,40.381,%
29.3,feed_rate,7.978,mL/h
29.3,pH,6.377,-
29.3,temp,30.027,degC
29.3167,DO,40.257,%
29.3167,feed_rate,7.978,mL/h
29.3167,pH,6.375,-
29.3167,temp,29.987,degC
29.3333,DO,40.31,%
29.3333,feed_rate,7.978,mL/h
29.3333,pH,6.39,-
29.3333,temp,30.023,degC
29.35,DO,40.391,%
29.35,feed_rate,7.978,mL/h
29.35,pH,6.391,-
29.35,temp,29.901,degC
29.3667,DO,40.672,%
29.3667,feed_rate,7.978,mL/h
29.3667,pH,6.394,-
29.3667,temp,29.983,degC
29.3833,DO,40.706,%
29.3833,feed_rate,7.978,mL/h
29.3833,pH,6.397,-
29.3833,temp,30.116,degC
29.4,DO,41.302,%
29.4,feed_rate,7.978,mL/h
29.4,pH,6.374,-
29.4,temp,30.034,degC
29.4167,DO,41.036,%
29.4167,feed_rate,7.978,mL/h
29.4167,pH,6.381,-
29.4167,temp,30.008,degC
29.4333,DO,41.344,%
29.4333,feed_rate,7.978,mL/h
29.4333,pH,6.373,-
29.4333,temp,30.033,degC
29.45,DO,41.139,%
29.45,feed_rate,7.978,mL/h
29.45,pH,6.376,-
29.45,temp,30.087,degC
29.4667,DO,40.459,%
29.4667,feed_rate,7.978,mL/h
29.4667,pH,6.392,-
29.4667,temp,29.999,degC
29.4833,DO,40.074,%
29.4833,feed_rate,7.978,mL/h
29.4833,pH,6.387,-
29.4833,temp,30.024,degC
29.5,DO,39.573,%
29.5,feed_rate,7.978,mL/h
29.5,pH,6.386,-
29.5,temp,30.045,degC
29.5167,DO,39.202,%
29.5167,feed_rate,7.978,mL/h
29.5167,pH,6.387,-
29.5167,temp,30.002,degC
29.5333,DO,39.778,%
29.5333,feed_rate,7.978,mL/h
29.5333,pH,6.379,-
29.5333,temp,30.04,degC
29.55,DO,39.682,%
29.55,feed_rate,7.978,mL/h
29.55,pH,6.396,-
29.55,temp,29.966,degC
29.5667,DO,39.982,%
29.5667,feed_rate,7.978,mL/h
29.5667,pH,6.373,-
29.5667,temp,30.119,degC
29.5833,DO,39.776,%
29.5833,feed_rate,7.978,mL/h
29.5833,pH,6.39,-
29.5833,temp,29.988,degC
29.6,DO,39.873,%
29.6,feed_rate,7.978,mL/h
29.6,pH,6.377,-
29.6,temp,30.013,degC
29.6167,DO,39.639,%
29.6167,feed_rate,7.978,mL/h
29.6167,pH,6.374,-
29.6167,temp,30.087,degC
29.6333,DO,40.026,%
29.6333,feed_rate,7.978,mL/h
29.6333,pH,6.402,-
29.6333,temp,30.117,degC
29.65,DO,40.0,%
29.65,feed_rate,7.978,mL/h
29.65,pH,6.379,-
29.65,temp,30.051,degC
29.6667,DO,39.92,%
29.6667,feed_rate,7.978,mL/h
29.6667,pH,6.389,-
29.6667,temp,30.026,degC
29.6833,DO,39.942,%
29.6833,feed_rate,7.978,mL/h
29.6833,pH,6.375,-
29.6833,temp,30.052,degC
29.7,DO,40.658,%
29.7,feed_rate,7.978,mL/h
29.7,pH,6.375,-
29.7,temp,29.887,degC
29.7167,DO,40.714,%
29.7167,feed_rate,7.978,mL/h
29.7167,pH,6.394,-
29.7167,temp,30.003,degC
29.7333,DO,40.875,%
29.7333,feed_rate,7.978,mL/h
29.7333,pH,6.386,-
29.7333,temp,30.07,degC
29.75,DO,40.383,%
29.75,feed_rate,7.978,mL/h
29.75,pH,6.383,-
29.75,temp,29.994,degC
29.7667,DO,40.166,%
29.7667,feed_rate,7.978,mL/h
29.7667,pH,6.387,-
29.7667,temp,30.086,degC
29.7833,DO,40.274,%
29.7833,feed_rate,7.978,mL/h
29.7833,pH,6.388,-
29.7833,temp,30.072,degC
29.8,DO,39.717,%
29.8,feed_rate,7.978,mL/h
29.8,pH,6.39,-
29.8,temp,30.0,degC
29.8167,DO,40.226,%
29.8167,feed_rate,7.978,mL/h
29.8167,pH,6.387,-
29.8167,temp,30.029,degC
29.8333,DO,40.314,%
29.8333,feed_rate,7.978,mL/h
29.8333,pH,6.388,-
29.8333,temp,30.041,degC
29.85,DO,40.298,%
29.85,feed_rate,7.978,mL/h
29.85,pH,6.385,-
29.85,temp,30.07,degC
29.8667,DO,40.231,%
29.8667,feed_rate,7.978,mL/h
29.8667,pH,6.383,-
29.8667,temp,29.994,degC
29.8833,DO,40.166,%
29.8833,feed_rate,7.978,mL/h
29.8833,pH,6.392,-
29.8833,temp,29.919,degC
29.9,DO,40.034,%
29.9,feed_rate,7.978,mL/h
29.9,pH,6.36,-
29.9,temp,30.01,degC
29.9167,DO,40.494,%
29.9167,feed_rate,7.978,mL/h
29.9167,pH,6.389,-
29.9167,temp,30.142,degC
29.9333,DO,40.651,%
29.9333,feed_rate,7.978,mL/h
29.9333,pH,6.382,-
29.9333,temp,29.962,degC
29.95,DO,40.943,%
29.95,feed_rate,7.978,mL/h
29.95,pH,6.383,-
29.95,temp,30.019,degC
29.9667,DO,40.714,%
29.9667,feed_rate,7.978,mL/h
29.9667,pH,6.379,-
29.9667,temp,29.989,degC
29.9833,DO,40.359,%
29.9833,feed_rate,7.978,mL/h
29.9833,pH,6.374,-
29.9833,temp,30.025,degC
30.0,DO,40.742,%
30.0,feed_rate,7.978,mL/h
30.0,pH,6.387,-
30.0,temp,30.115,degC
30.0167,DO,40.28,%
30.0167,feed_rate,7.978,mL/h
30.0167,pH,6.369,-
30.0167,temp,30.074,degC
30.0333,DO,40.091,%
30.0333,feed_rate,7.978,mL/h
30.0333,pH,6.371,-
30.0333,temp,29.931,degC
30.05,DO,40.335,%
30.05,feed_rate,7.978,mL/h
30.05,pH,6.371,-
30.05,temp,30.0,degC
30.0667,DO,40.641,%
30.0667,feed_rate,7.978,mL/h
30.0667,pH,6.396,-
30.0667,temp,30.007,degC
30.0833,DO,40.168,%
30.0833,feed_rate,7.978,mL/h
30.0833,pH,6.38,-
30.0833,temp,30.002,degC
30.1,DO,40.101,%
30.1,feed_rate,7.978,mL/h
30.1,pH,6.38,-
30.1,temp,29.987,degC
30.1167,DO,40.137,%
30.1167,feed_rate,7.978,mL/h
30.1167,pH,6.366,-
30.1167,temp,29.951,degC
30.1333,DO,40.118,%
30.1333,feed_rate,7.978,mL/h
30.1333,pH,6.381,-
30.1333,temp,29.935,degC
30.15,DO,39.885,%
30.15,feed_rate,7.978,mL/h
30.15,pH,6.388,-
30.15,temp,29.992,degC
30.1667,DO,40.157,%
30.1667,feed_rate,7.978,mL/h
30.1667,pH,6.369,-
30.1667,temp,30.024,degC
30.1833,DO,40.016,%
30.1833,feed_rate,7.978,mL/h
30.1833,pH,6.38,-
30.1833,temp,29.989,degC
30.2,DO,39.988,%
30.2,feed_rate,7.978,mL/h
30.2,pH,6.381,-
30.2,temp,29.993,degC
30.2167,DO,39.365,%
30.2167,feed_rate,7.978,mL/h
30.2167,pH,6.385,-
30.2167,temp,30.092,degC
30.2333,DO,39.506,%
30.2333,feed_rate,7.978,mL/h
30.2333,pH,6.389,-
30.2333,temp,29.99,degC
30.25,DO,39.071,%
30.25,feed_rate,7.978,mL/h
30.25,pH,6.398,-
30.25,temp,30.033,degC
30.2667,DO,39.514,%
30.2667,feed_rate,7.978,mL/h
30.2667,pH,6.379,-
30.2667,temp,30.035,degC
30.2833,DO,39.804,%
30.2833,feed_rate,7.978,mL/h
30.2833,pH,6.379,-
30.2833,temp,29.971,degC
30.3,DO,39.737,%
30.3,feed_rate,7.978,mL/h
30.3,pH,6.373,-
30.3,temp,30.08,degC
30.3167,DO,39.883,%
30.3167,feed_rate,7.978,mL/h
30.3167,pH,6.388,-
30.3167,temp,29.937,degC
30.3333,DO,39.984,%
30.3333,feed_rate,7.978,mL/h
30.3333,pH,6.378,-
30.3333,temp,29.971,degC
30.35,DO,39.988,%
30.35,feed_rate,7.978,mL/h
30.35,pH,6.383,-
30.35,temp,30.009,degC
30.3667,DO,40.143,%
30.3667,feed_rate,7.978,mL/h
30.3667,pH,6.385,-
30.3667,temp,30.06,degC
30.3833,DO,40.122,%
30.3833,feed_rate,7.978,mL/h
30.3833,pH,6.377,-
30.3833,temp,30.073,degC
30.4,DO,39.999,%
30.4,feed_rate,7.978,mL/h
30.4,pH,6.377,-
30.4,temp,29.957,degC
30.4167,DO,40.299,%
30.4167,feed_rate,6.747,mL/h
30.4167,pH,6.38,-
30.4167,temp,29.992,degC
30.4333,DO,41.275,%
30.4333,feed_rate,6.747,mL/h
30.4333,pH,6.38,-
30.4333,temp,29.932,degC
30.45,DO,41.613,%
30.45,feed_rate,6.747,mL/h
30.45,pH,6.379,-
30.45,temp,29.942,degC
30.4667,DO,41.82,%
30.4667,feed_rate,6.747,mL/h
30.4667,pH,6.377,-
30.4667,temp,30.083,degC
30.4833,DO,42.207,%
30.4833,feed_rate,6.747,mL/h
30.4833,pH,6.378,-
30.4833,temp,30.026,degC
30.5,DO,42.185,%
30.5,feed_rate,6.747,mL/h
30.5,pH,6.39,-
30.5,temp,30.033,degC
30.5167,DO,42.169,%
30.5167,feed_rate,6.747,mL/h
30.5167,pH,6.372,-
30.5167,temp,29.954,degC
30.5333,DO,42.468,%
30.5333,feed_rate,6.747,mL/h
30.5333,pH,6.379,-
30.5333,temp,30.01,degC
30.55,DO,42.816,%
30.55,feed_rate,6.747,mL/h
30.55,pH,6.378,-
30.55,temp,29.893,degC
30.5667,DO,42.987,%
30.5667,feed_rate,6.747,mL/h
30.5667,pH,6.388,-
30.5667,temp,30.011,degC
30.5833,DO,42.482,%
30.5833,feed_rate,6.747,mL/h
30.5833,pH,6.373,-
30.5833,temp,30.019,degC
30.6,DO,42.537,%
30.6,feed_rate,6.747,mL/h
30.6,pH,6.375,-
30.6,temp,30.09,degC
30.6167,DO,42.556,%
30.6167,feed_rate,6.747,mL/h
30.6167,pH,6.373,-
30.6167,temp,30.007,degC
30.6333,DO,42.714,%
30.6333,feed_rate,6.747,mL/h
30.6333,pH,6.385,-
30.6333,temp,30.016,degC
30.65,DO,42.441,%
30.65,feed_rate,6.747,mL/h
30.65,pH,6.384,-
30.65,temp,30.041,degC
30.6667,DO,42.173,%
30.6667,feed_rate,6.747,mL/h
30.6667,pH,6.382,-
30.6667,temp,30.122,degC
30.6833,DO,42.236,%
30.6833,feed_rate,6.747,mL/h
30.6833,pH,6.379,-
30.6833,temp,30.067,degC
30.7,DO,42.057,%
30.7,feed_rate,6.747,mL/h
30.7,pH,6.399,-
30.7,temp,30.056,degC
30.7167,DO,41.861,%
30.7167,feed_rate,6.747,mL/h
30.7167,pH,6.38,-
30.7167,temp,29.978,degC
30.7333,DO,42.0,%
30.7333,feed_rate,6.747,mL/h
30.7333,pH,6.359,-
30.7333,temp,30.008,degC
30.75,DO,42.407,%
30.75,feed_rate,6.747,mL/h
30.75,pH,6.363,-
30.75,temp,29.992,degC
30.7667,DO,42.498,%
30.7667,feed_rate,6.747,mL/h
30.7667,pH,6.364,-
30.7667,temp,29.952,degC
30.7833,DO,42.862,%
30.7833,feed_rate,6.747,mL/h
30.7833,pH,6.373,-
30.7833,temp,30.04,degC
30.8,DO,42.524,%
30.8,feed_rate,6.747,mL/h
30.8,pH,6.362,-
30.8,temp,29.981,degC
30.8167,DO,42.761,%
30.8167,feed_rate,6.747,mL/h
30.8167,pH,6.377,-
30.8167,temp,30.026,degC
30.8333,DO,42.736,%
30.8333,feed_rate,6.747,mL/h
30.8333,pH,6.363,-
30.8333,temp,29.96,degC
30.85,DO,42.458,%
30.85,feed_rate,6.747,mL/h
30.85,pH,6.376,-
30.85,temp,30.016,degC
30.8667,DO,42.372,%
30.8667,feed_rate,6.747,mL/h
30.8667,pH,6.37,-
30.8667,temp,29.911,degC
30.8833,DO,42.173,%
30.8833,feed_rate,6.747,mL/h
30.8833,pH,6.381,-
30.8833,temp,30.0,degC
30.9,DO,42.204,%
30.9,feed_rate,6.747,mL/h
30.9,pH,6.378,-
30.9,temp,30.075,degC
30.9167,DO,42.07,%
30.9167,feed_rate,6.747,mL/h
30.9167,pH,6.367,-
30.9167,temp,29.983,degC
30.9333,DO,42.56,%
30.9333,feed_rate,6.747,mL/h
30.9333,pH,6.394,-
30.9333,temp,29.965,degC
30.95,DO,42.47,%
30.95,feed_rate,6.747,mL/h
30.95,pH,6.365,-
30.95,temp,30.015,degC
30.9667,DO,42.083,%
30.9667,feed_rate,6.747,mL/h
30.9667,pH,6.371,-
30.9667,temp,29.975,degC
30.9833,DO,42.137,%
30.9833,feed_rate,6.747,mL/h
30.9833,pH,6.362,-
30.9833,temp,29.991,degC
31.0,DO,42.353,%
31.0,feed_rate,6.747,mL/h
31.0,pH,6.385,-
31.0,temp,30.026,degC
31.0167,DO,42.316,%
31.0167,feed_rate,6.747,mL/h
31.0167,pH,6.385,-
31.0167,temp,29.983,degC
31.0333,DO,42.636,%
31.0333,feed_rate,6.747,mL/h
31.0333,pH,6.375,-
31.0333,temp,29.973,degC
31.05,DO,42.367,%
31.05,feed_rate,6.747,mL/h
31.05,pH,6.352,-
31.05,temp,29.902,degC
31.0667,DO,42.168,%
31.0667,feed_rate,6.747,mL/h
31.0667,pH,6.383,-
31.0667,temp,29.927,degC
31.0833,DO,42.744,%
31.0833,feed_rate,6.747,mL/h
31.0833,pH,6.393,-
31.0833,temp,29.958,degC
31.1,DO,42.724,%
31.1,feed_rate,6.747,mL/h
31.1,pH,6.367,-
31.1,temp,30.019,degC
31.1167,DO,42.867,%
31.1167,feed_rate,6.747,mL/h
31.1167,pH,6.38,-
31.1167,temp,30.026,degC
31.1333,DO,42.968,%
31.1333,feed_rate,6.747,mL/h
31.1333,pH,6.384,-
31.1333,temp,30.017,degC
31.15,DO,43.072,%
31.15,feed_rate,6.747,mL/h
31.15,pH,6.376,-
31.15,temp,29.98,degC
31.1667,DO,42.997,%
31.1667,feed_rate,6.747,mL/h
31.1667,pH,6.364,-
31.1667,temp,30.008,degC
31.1833,DO,42.868,%
31.1833,feed_rate,6.747,mL/h
31.1833,pH,6.373,-
31.1833,temp,30.006,degC
31.2,DO,43.142,%
31.2,feed_rate,6.747,mL/h
31.2,pH,6.369,-
31.2,temp,30.081,degC
31.2167,DO,42.895,%
31.2167,feed_rate,6.747,mL/h
31.2167,pH,6.38,-
31.2167,temp,29.999,degC
31.2333,DO,42.877,%
31.2333,feed_rate,6.747,mL/h
31.2333,pH,6.358,-
31.2333,temp,29.964,degC
31.25,DO,43.031,%
31.25,feed_rate,6.747,mL/h
31.25,pH,6.38,-
31.25,temp,29.986,degC
31.2667,DO,42.834,%
31.2667,feed_rate,6.747,mL/h
31.2667,pH,6.376,-
31.2667,temp,30.03,degC
31.2833,DO,42.34,%
31.2833,feed_rate,6.747,mL/h
31.2833,pH,6.36,-
31.2833,temp,30.036,degC
31.3,DO,42.534,%
31.3,feed_rate,6.747,mL/h
31.3,pH,6.365,-
31.3,temp,29.964,degC
31.3167,DO,42.872,%
31.3167,feed_rate,6.747,mL/h
31.3167,pH,6.38,-
31.3167,temp,30.037,degC
31.3333,DO,42.899,%
31.3333,feed_rate,6.747,mL/h
31.3333,pH,6.387,-
31.3333,temp,29.975,degC
31.35,DO,42.35,%
31.35,feed_rate,6.747,mL/h
31.35,pH,6.383,-
31.35,temp,30.093,degC
31.3667,DO,42.595,%
31.3667,feed_rate,6.747,mL/h
31.3667,pH,6.403,-
31.3667,temp,29.999,degC
31.3833,DO,43.183,%
31.3833,feed_rate,6.747,mL/h
31.3833,pH,6.376,-
31.3833,temp,29.982,degC
31.4,DO,42.616,%
31.4,feed_rate,6.747,mL/h
31.4,pH,6.363,-
31.4,temp,29.901,degC
31.4167,DO,41.818,%
31.4167,feed_rate,6.747,mL/h
31.4167,pH,6.374,-
31.4167,temp,30.076,degC
31.4333,DO,41.908,%
31.4333,feed_rate,6.747,mL/h
31.4333,pH,6.367,-
31.4333,temp,29.962,degC
31.45,DO,42.075,%
31.45,feed_rate,6.747,mL/h
31.45,pH,6.351,-
31.45,temp,30.011,degC
31.4667,DO,42.416,%
31.4667,feed_rate,6.747,mL/h
31.4667,pH,6.384,-
31.4667,temp,29.983,degC
31.4833,DO,42.7,%
31.4833,feed_rate,6.747,mL/h
31.4833,pH,6.364,-
31.4833,temp,29.893,degC
31.5,DO,42.713,%
31.5,feed_rate,6.747,mL/h
31.5,pH,6.365,-
31.5,temp,30.003,degC
31.5167,DO,42.856,%
31.5167,feed_rate,6.747,mL/h
31.5167,pH,6.391,-
31.5167,temp,29.982,degC
31.5333,DO,42.909,%
31.5333,feed_rate,6.747,mL/h
31.5333,pH,6.367,-
31.5333,temp,29.99,degC
31.55,DO,42.89,%
31.55,feed_rate,6.747,mL/h
31.55,pH,6.365,-
31.55,temp,29.971,degC
31.5667,DO,42.821,%
31.5667,feed_rate,6.747,mL/h
31.5667,pH,6.382,-
31.5667,temp,29.983,degC
31.5833,DO,42.737,%
31.5833,feed_rate,6.747,mL/h
31.5833,pH,6.392,-
31.5833,temp,30.058,degC
31.6,DO,42.922,%
31.6,feed_rate,6.747,mL/h
31.6,pH,6.355,-
31.6,temp,30.014,degC
31.6167,DO,42.982,%
31.6167,feed_rate,6.747,mL/h
31.6167,pH,6.363,-
31.6167,temp,30.044,degC
31.6333,DO,42.786,%
31.6333,feed_rate,6.747,mL/h
31.6333,pH,6.367,-
31.6333,temp,29.978,degC
31.65,DO,43.075,%
31.65,feed_rate,6.747,mL/h
31.65,pH,6.381,-
31.65,temp,29.986,degC
31.6667,DO,42.772,%
31.6667,feed_rate,6.747,mL/h
31.6667,pH,6.376,-
31.6667,temp,29.96,degC
31.6833,DO,42.675,%
31.6833,feed_rate,6.747,mL/h
31.6833,pH,6.384,-
31.6833,temp,30.018,degC
31.7,DO,42.704,%
31.7,feed_rate,6.747,mL/h
31.7,pH,6.359,-
31.7,temp,29.987,degC
31.7167,DO,42.13,%
31.7167,feed_rate,6.747,mL/h
31.7167,pH,6.372,-
31.7167,temp,29.979,degC
31.7333,DO,42.118,%
31.7333,feed_rate,6.747,mL/h
31.7333,pH,6.387,-
31.7333,temp,29.985,degC
31.75,DO,42.47,%
31.75,feed_rate,6.747,mL/h
31.75,pH,6.355,-
31.75,temp,29.963,degC
31.7667,DO,42.739,%
31.7667,feed_rate,6.747,mL/h
31.7667,pH,6.383,-
31.7667,temp,30.046,degC
31.7833,DO,42.366,%
31.7833,feed_rate,6.747,mL/h
31.7833,pH,6.364,-
31.7833,temp,29.95,degC
31.8,DO,42.174,%
31.8,feed_rate,6.747,mL/h
31.8,pH,6.375,-
31.8,temp,30.07,degC
31.8167,DO,41.948,%
31.8167,feed_rate,6.747,mL/h
31.8167,pH,6.362,-
31.8167,temp,30.012,degC
31.8333,DO,42.013,%
31.8333,feed_rate,6.747,mL/h
31.8333,pH,6.379,-
31.8333,temp,30.066,degC
31.85,DO,42.116,%
31.85,feed_rate,6.747,mL/h
31.85,pH,6.38,-
31.85,temp,30.108,degC
31.8667,DO,41.749,%
31.8667,feed_rate,6.747,mL/h
31.8667,pH,6.371,-
31.8667,temp,30.026,degC
31.8833,DO,42.016,%
31.8833,feed_rate,6.747,mL/h
31.8833,pH,6.389,-
31.8833,temp,30.033,degC
31.9,DO,42.157,%
31.9,feed_rate,6.747,mL/h
31.9,pH,6.362,-
31.9,temp,30.011,degC
31.9167,DO,42.228,%
31.9167,feed_rate,6.747,mL/h
31.9167,pH,6.382,-
31.9167,temp,30.037,degC
31.9333,DO,42.109,%
31.9333,feed_rate,6.747,mL/h
31.9333,pH,6.361,-
31.9333,temp,30.061,degC
31.95,DO,42.156,%
31.95,feed_rate,6.747,mL/h
31.95,pH,6.382,-
31.95,temp,30.007,degC
31.9667,DO,41.727,%
31.9667,feed_rate,6.747,mL/h
31.9667,pH,6.38,-
31.9667,temp,30.015,degC
31.9833,DO,41.973,%
31.9833,feed_rate,6.747,mL/h
31.9833,pH,6.365,-
31.9833,temp,29.988,degC
32.0,DO,42.163,%
32.0,feed_rate,6.747,mL/h
32.0,pH,6.387,-
32.0,temp,29.955,degC
32.0167,DO,42.222,%
32.0167,feed_rate,6.747,mL/h
32.0167,pH,6.371,-
32.0167,temp,30.065,degC
32.0333,DO,41.955,%
32.0333,feed_rate,6.747,mL/h
32.0333,pH,6.358,-
32.0333,temp,30.05,degC
32.05,DO,42.459,%
32.05,feed_rate,6.747,mL/h
32.05,pH,6.369,-
32.05,temp,30.076,degC
32.0667,DO,42.821,%
32.0667,feed_rate,6.747,mL/h
32.0667,pH,6.381,-
32.0667,temp,29.949,degC
32.0833,DO,42.231,%
32.0833,feed_rate,6.747,mL/h
32.0833,pH,6.372,-
32.0833,temp,30.024,degC
32.1,DO,42.428,%
32.1,feed_rate,6.747,mL/h
32.1,pH,6.381,-
32.1,temp,30.034,degC
32.1167,DO,42.509,%
32.1167,feed_rate,6.747,mL/h
32.1167,pH,6.386,-
32.1167,temp,30.072,degC
32.1333,DO,41.778,%
32.1333,feed_rate,6.747,mL/h
32.1333,pH,6.38,-
32.1333,temp,30.025,degC
32.15,DO,42.096,%
32.15,feed_rate,6.747,mL/h
32.15,pH,6.377,-
32.15,temp,29.988,degC
32.1667,DO,42.389,%
32.1667,feed_rate,6.747,mL/h
32.1667,pH,6.373,-
32.1667,temp,30.018,degC
32.1833,DO,42.643,%
32.1833,feed_rate,6.747,mL/h
32.1833,pH,6.376,-
32.1833,temp,30.074,degC
32.2,DO,42.684,%
32.2,feed_rate,6.747,mL/h
32.2,pH,6.386,-
32.2,temp,29.994,degC
32.2167,DO,42.478,%
32.2167,feed_rate,6.747,mL/h
32.2167,pH,6.365,-
32.2167,temp,30.015,degC
32.2333,DO,42.354,%
32.2333,feed_rate,6.747,mL/h
32.2333,pH,6.369,-
32.2333,temp,30.01,degC
32.25,DO,42.554,%
32.25,feed_rate,6.747,mL/h
32.25,pH,6.379,-
32.25,temp,30.024,degC
32.2667,DO,42.907,%
32.2667,feed_rate,6.747,mL/h
32.2667,pH,6.361,-
32.2667,temp,30.035,degC
32.2833,DO,42.704,%
32.2833,feed_rate,6.747,mL/h
32.2833,pH,6.381,-
32.2833,temp,29.963,degC
32.3,DO,42.603,%
32.3,feed_rate,6.747,mL/h
32.3,pH,6.371,-
32.3,temp,30.111,degC
32.3167,DO,42.808,%
32.3167,feed_rate,6.747,mL/h
32.3167,pH,6.376,-
32.3167,temp,29.961,degC
32.3333,DO,42.138,%
32.3333,feed_rate,6.747,mL/h
32.3333,pH,6.365,-
32.3333,temp,29.961,degC
32.35,DO,42.363,%
32.35,feed_rate,6.747,mL/h
32.35,pH,6.369,-
32.35,temp,30.008,degC
32.3667,DO,42.344,%
32.3667,feed_rate,6.747,mL/h
32.3667,pH,6.383,-
32.3667,temp,30.061,degC
32.3833,DO,41.755,%
32.3833,feed_rate,6.747,mL/h
32.3833,pH,6.36,-
32.3833,temp,30.068,degC
32.4,DO,42.151,%
32.4,feed_rate,6.747,mL/h
32.4,pH,6.381,-
32.4,temp,30.109,degC
32.4167,DO,41.974,%
32.4167,feed_rate,6.747,mL/h
32.4167,pH,6.382,-
32.4167,temp,30.02,degC
32.4333,DO,42.332,%
32.4333,feed_rate,6.747,mL/h
32.4333,pH,6.371,-
32.4333,temp,29.976,degC
32.45,DO,42.201,%
32.45,feed_rate,8.217,mL/h
32.45,pH,6.351,-
32.45,temp,29.954,degC
32.4667,DO,41.33,%
32.4667,feed_rate,8.217,mL/h
32.4667,pH,6.359,-
32.4667,temp,29.984,degC
32.4833,DO,40.647,%
32.4833,feed_rate,8.217,mL/h
32.4833,pH,6.374,-
32.4833,temp,30.023,degC
32.5,DO,40.447,%
32.5,feed_rate,8.217,mL/h
32.5,pH,6.381,-
32.5,temp,30.003,degC
32.5167,DO,39.78,%
32.5167,feed_rate,8.217,mL/h
32.5167,pH,6.356,-
32.5167,temp,29.892,degC
32.5333,DO,39.97,%
32.5333,feed_rate,8.217,mL/h
32.5333,pH,6.374,-
32.5333,temp,29.999,degC
32.55,DO,39.964,%
32.55,feed_rate,8.217,mL/h
32.55,pH,6.372,-
32.55,temp,30.023,degC
32.5667,DO,40.191,%
32.5667,feed_rate,8.217,mL/h
32.5667,pH,6.355,-
32.5667,temp,29.96,degC
32.5833,DO,39.551,%
32.5833,feed_rate,8.217,mL/h
32.5833,pH,6.372,-
32.5833,temp,29.962,degC
32.6,DO,39.633,%
32.6,feed_rate,8.217,mL/h
32.6,pH,6.362,-
32.6,temp,29.948,degC
32.6167,DO,39.776,%
32.6167,feed_rate,8.217,mL/h
32.6167,pH,6.355,-
32.6167,temp,30.055,degC
32.6333,DO,39.229,%
32.6333,feed_rate,8.217,mL/h
32.6333,pH,6.387,-
32.6333,temp,30.087,degC
32.65,DO,39.578,%
32.65,feed_rate,8.217,mL/h
32.65,pH,6.362,-
32.65,temp,30.053,degC
32.6667,DO,39.194,%
32.6667,feed_rate,8.217,mL/h
32.6667,pH,6.355,-
32.6667,temp,29.973,degC
32.6833,DO,39.342,%
32.6833,feed_rate,8.217,mL/h
32.6833,pH,6.355,-
32.6833,temp,29.978,degC
32.7,DO,39.024,%
32.7,feed_rate,8.217,mL/h
32.7,pH,6.388,-
32.7,temp,30.093,degC
32.7167,DO,39.383,%
32.7167,feed_rate,8.217,mL/h
32.7167,pH,6.379,-
32.7167,temp,30.108,degC
32.7333,DO,39.94,%
32.7333,feed_rate,8.217,mL/h
32.7333,pH,6.375,-
32.7333,temp,30.063,degC
32.75,DO,39.905,%
32.75,feed_rate,8.217,mL/h
32.75,pH,6.361,-
32.75,temp,30.0,degC
32.7667,DO,39.869,%
32.7667,feed_rate,8.217,mL/h
32.7667,pH,6.373,-
32.7667,temp,29.924,degC
32.7833,DO,40.211,%
32.7833,feed_rate,8.217,mL/h
32.7833,pH,6.37,-
32.7833,temp,30.037,degC
32.8,DO,39.975,%
32.8,feed_rate,8.217,mL/h
32.8,pH,6.376,-
32.8,temp,30.078,degC
32.8167,DO,39.932,%
32.8167,feed_rate,8.217,mL/h
32.8167,pH,6.354,-
32.8167,temp,30.003,degC
32.8333,DO,40.123,%
32.8333,feed_rate,8.217,mL/h
32.8333,pH,6.376,-
32.8333,temp,29.962,degC
32.85,DO,40.16,%
32.85,feed_rate,8.217,mL/h
32.85,pH,6.378,-
32.85,temp,30.014,degC
32.8667,DO,40.528,%
32.8667,feed_rate,8.217,mL/h
32.8667,pH,6.36,-
32.8667,temp,30.015,degC
32.8833,DO,40.713,%
32.8833,feed_rate,8.217,mL/h
32.8833,pH,6.359,-
32.8833,temp,29.984,degC
32.9,DO,41.075,%
32.9,feed_rate,8.217,mL/h
32.9,pH,6.367,-
32.9,temp,29.989,degC
32.9167,DO,40.798,%
32.9167,feed_rate,8.217,mL/h
32.9167,pH,6.355,-
32.9167,temp,29.902,degC
32.9333,DO,40.911,%
32.9333,feed_rate,8.217,mL/h
32.9333,pH,6.365,-
32.9333,temp,29.995,degC
32.95,DO,40.436,%
32.95,feed_rate,8.217,mL/h
32.95,pH,6.365,-
32.95,temp,29.911,degC
32.9667,DO,40.562,%
32.9667,feed_rate,8.217,mL/h
32.9667,pH,6.382,-
32.9667,temp,29.964,degC
32.9833,DO,40.912,%
32.9833,feed_rate,8.217,mL/h
32.9833,pH,6.358,-
32.9833,temp,29.961,degC
33.0,DO,41.368,%
33.0,feed_rate,8.217,mL/h
33.0,pH,6.365,-
33.0,temp,29.994,degC
33.0167,DO,40.68,%
33.0167,feed_rate,8.217,mL/h
33.0167,pH,6.381,-
33.0167,temp,30.049,degC
33.0333,DO,40.446,%
33.0333,feed_rate,8.217,mL/h
33.0333,pH,6.351,-
33.0333,temp,29.956,degC
33.05,DO,40.519,%
33.05,feed_rate,8.217,mL/h
33.05,pH,6.378,-
33.05,temp,30.011,degC
33.0667,DO,40.112,%
33.0667,feed_rate,8.217,mL/h
33.0667,pH,6.363,-
33.0667,temp,29.935,degC
33.0833,DO,40.205,%
33.0833,feed_rate,8.217,mL/h
33.0833,pH,6.373,-
33.0833,temp,29.998,degC
33.1,DO,40.276,%
33.1,feed_rate,8.217,mL/h
33.1,pH,6.367,-
33.1,temp,29.988,degC
33.1167,DO,40.034,%
33.1167,feed_rate,8.217,mL/h
33.1167,pH,6.374,-
33.1167,temp,29.978,degC
33.1333,DO,39.825,%
33.1333,feed_rate,8.217,mL/h
33.1333,pH,6.334,-
33.1333,temp,29.966,degC
33.15,DO,39.545,%
33.15,feed_rate,8.217,mL/h
33.15,pH,6.36,-
33.15,temp,29.956,degC
33.1667,DO,39.681,%
33.1667,feed_rate,8.217,mL/h
33.1667,pH,6.346,-
33.1667,temp,29.911,degC
33.1833,DO,40.071,%
33.1833,feed_rate,8.217,mL/h
33.1833,pH,6.364,-
33.1833,temp,29.929,degC
33.2,DO,40.098,%
33.2,feed_rate,8.217,mL/h
33.2,pH,6.361,-
33.2,temp,29.912,degC
33.2167,DO,40.846,%
33.2167,feed_rate,8.217,mL/h
33.2167,pH,6.368,-
33.2167,temp,30.023,degC
33.2333,DO,40.198,%
33.2333,feed_rate,8.217,mL/h
33.2333,pH,6.384,-
33.2333,temp,29.953,degC
33.25,DO,39.944,%
33.25,feed_rate,8.217,mL/h
33.25,pH,6.372,-
33.25,temp,30.047,degC
33.2667,DO,40.108,%
33.2667,feed_rate,8.217,mL/h
33.2667,pH,6.371,-
33.2667,temp,30.033,degC
33.2833,DO,39.707,%
33.2833,feed_rate,8.217,mL/h
33.2833,pH,6.373,-
33.2833,temp,29.99,degC
33.3,DO,39.823,%
33.3,feed_rate,8.217,mL/h
33.3,pH,6.364,-
33.3,temp,30.06,degC
33.3167,DO,40.052,%
33.3167,feed_rate,8.217,mL/h
33.3167,pH,6.382,-
33.3167,temp,29.984,degC
33.3333,DO,40.05,%
33.3333,feed_rate,8.217,mL/h
33.3333,pH,6.373,-
33.3333,temp,29.907,degC
33.35,DO,39.929,%
33.35,feed_rate,8.217,mL/h
33.35,pH,6.367,-
33.35,temp,29.971,degC
33.3667,DO,40.174,%
33.3667,feed_rate,8.217,mL/h
33.3667,pH,6.379,-
33.3667,temp,30.0,degC
33.3833,DO,40.217,%
33.3833,feed_rate,8.217,mL/h
33.3833,pH,6.363,-
33.3833,temp,29.994,degC
33.4,DO,40.341,%
33.4,feed_rate,8.217,mL/h
33.4,pH,6.361,-
33.4,temp,29.937,degC
33.4167,DO,40.388,%
33.4167,feed_rate,8.217,mL/h
33.4167,pH,6.358,-
33.4167,temp,30.035,degC
33.4333,DO,40.068,%
33.4333,feed_rate,8.217,mL/h
33.4333,pH,6.352,-
33.4333,temp,29.968,degC
33.45,DO,39.686,%
33.45,feed_rate,8.217,mL/h
33.45,pH,6.354,-
33.45,temp,30.055,degC
33.4667,DO,39.592,%
33.4667,feed_rate,8.217,mL/h
33.4667,pH,6.378,-
33.4667,temp,30.012,degC
33.4833,DO,39.68,%
33.4833,feed_rate,8.217,mL/h
33.4833,pH,6.362,-
33.4833,temp,30.074,degC
33.5,DO,39.642,%
33.5,feed_rate,8.217,mL/h
33.5,pH,6.366,-
33.5,temp,30.049,degC
33.5167,DO,39.946,%
33.5167,feed_rate,8.217,mL/h
33.5167,pH,6.373,-
33.5167,temp,29.984,degC
33.5333,DO,39.985,%
33.5333,feed_rate,8.217,mL/h
33.5333,pH,6.364,-
33.5333,temp,30.069,degC
33.55,DO,40.227,%
33.55,feed_rate,8.217,mL/h
33.55,pH,6.356,-
33.55,temp,29.99,degC
33.5667,DO,40.169,%
33.5667,feed_rate,8.217,mL/h
33.5667,pH,6.357,-
33.5667,temp,30.018,degC
33.5833,DO,39.876,%
33.5833,feed_rate,8.217,mL/h
33.5833,pH,6.361,-
33.5833,temp,30.062,degC
33.6,DO,40.101,%
33.6,feed_rate,8.217,mL/h
33.6,pH,6.376,-
33.6,temp,30.014,degC
33.6167,DO,40.18,%
33.6167,feed_rate,8.217,mL/h
33.6167,pH,6.36,-
33.6167,temp,30.056,degC
33.6333,DO,39.848,%
33.6333,feed_rate,8.217,mL/h
33.6333,pH,6.36,-
33.6333,temp,30.052,degC
33.65,DO,39.709,%
33.65,feed_rate,8.217,mL/h
33.65,pH,6.371,-
33.65,temp,30.035,degC
33.6667,DO,40.54,%
33.6667,feed_rate,8.217,mL/h
33.6667,pH,6.366,-
33.6667,temp,29.98,degC
33.6833,DO,39.386,%
33.6833,feed_rate,8.217,mL/h
33.6833,pH,6.366,-
33.6833,temp,29.924,degC
33.7,DO,39.79,%
33.7,feed_rate,8.217,mL/h
33.7,pH,6.367,-
33.7,temp,29.963,degC
33.7167,DO,39.798,%
33.7167,feed_rate,8.217,mL/h
33.7167,pH,6.382,-
33.7167,temp,29.964,degC
33.7333,DO,39.766,%
33.7333,feed_rate,8.217,mL/h
33.7333,pH,6.362,-
33.7333,temp,30.07,degC
33.75,DO,39.672,%
33.75,feed_rate,8.217,mL/h
33.75,pH,6.36,-
33.75,temp,30.008,degC
33.7667,DO,39.533,%
33.7667,feed_rate,8.217,mL/h
33.7667,pH,6.383,-
33.7667,temp,30.017,degC
33.7833,DO,40.27,%
33.7833,feed_rate,8.217,mL/h
33.7833,pH,6.356,-
33.7833,temp,29.99,degC
33.8,DO,40.03,%
33.8,feed_rate,8.217,mL/h
33.8,pH,6.347,-
33.8,temp,29.926,degC
33.8167,DO,39.878,%
33.8167,feed_rate,8.217,mL/h
33.8167,pH,6.373,-
33.8167,temp,29.972,degC
33.8333,DO,40.082,%
33.8333,feed_rate,8.217,mL/h
33.8333,pH,6.36,-
33.8333,temp,30.026,degC
33.85,DO,40.122,%
33.85,feed_rate,8.217,mL/h
33.85,pH,6.364,-
33.85,temp,30.062,degC
33.8667,DO,39.986,%
33.8667,feed_rate,8.217,mL/h
33.8667,pH,6.365,-
33.8667,temp,30.09,degC
33.8833,DO,39.846,%
33.8833,feed_rate,8.217,mL/h
33.8833,pH,6.353,-
33.8833,temp,30.055,degC
33.9,DO,39.424,%
33.9,feed_rate,8.217,mL/h
33.9,pH,6.369,-
33.9,temp,30.071,degC
33.9167,DO,39.799,%
33.9167,feed_rate,8.217,mL/h
33.9167,pH,6.352,-
33.9167,temp,29.984,degC
33.9333,DO,39.466,%
33.9333,feed_rate,8.217,mL/h
33.9333,pH,6.373,-
33.9333,temp,30.053,degC
33.95,DO,38.794,%
33.95,feed_rate,8.217,mL/h
33.95,pH,6.375,-
33.95,temp,30.042,degC
33.9667,DO,39.283,%
33.9667,feed_rate,8.217,mL/h
33.9667,pH,6.357,-
33.9667,temp,29.944,degC
33.9833,DO,39.586,%
33.9833,feed_rate,8.217,mL/h
33.9833,pH,6.375,-
33.9833,temp,30.008,degC
34.0,DO,39.707,%
34.0,feed_rate,8.217,mL/h
34.0,pH,6.366,-
34.0,temp,30.002,degC
34.0167,DO,39.548,%
34.0167,feed_rate,8.217,mL/h
34.0167,pH,6.382,-
34.0167,temp,30.077,degC
34.0333,DO,39.927,%
34.0333,feed_rate,8.217,mL/h
34.0333,pH,6.364,-
34.0333,temp,30.008,degC
34.05,DO,39.556,%
34.05,feed_rate,8.217,mL/h
34.05,pH,6.346,-
34.05,temp,29.933,degC
34.0667,DO,38.93,%
34.0667,feed_rate,8.217,mL/h
34.0667,pH,6.345,-
34.0667,temp,30.005,degC
34.0833,DO,39.126,%
34.0833,feed_rate,8.217,mL/h
34.0833,pH,6.372,-
34.0833,temp,30.116,degC
34.1,DO,39.474,%
34.1,feed_rate,8.217,mL/h
34.1,pH,6.359,-
34.1,temp,29.936,degC
34.1167,DO,39.696,%
34.1167,feed_rate,8.217,mL/h
34.1167,pH,6.367,-
34.1167,temp,29.999,degC
34.1333,DO,40.307,%
34.1333,feed_rate,8.217,mL/h
34.1333,pH,6.352,-
34.1333,temp,30.023,degC
34.15,DO,40.426,%
34.15,feed_rate,8.217,mL/h
34.15,pH,6.357,-
34.15,temp,30.004,degC
34.1667,DO,40.205,%
34.1667,feed_rate,8.217,mL/h
34.1667,pH,6.341,-
34.1667,temp,30.025,degC
34.1833,DO,40.039,%
34.1833,feed_rate,8.217,mL/h
34.1833,pH,6.367,-
34.1833,temp,29.952,degC
34.2,DO,40.228,%
34.2,feed_rate,8.217,mL/h
34.2,pH,6.371,-
34.2,temp,29.98,degC
34.2167,DO,40.096,%
34.2167,feed_rate,8.217,mL/h
34.2167,pH,6.355,-
34.2167,temp,29.985,degC
34.2333,DO,39.968,%
34.2333,feed_rate,8.217,mL/h
34.2333,pH,6.368,-
34.2333,temp,30.015,degC
34.25,DO,39.381,%
34.25,feed_rate,8.217,mL/h
34.25,pH,6.356,-
34.25,temp,29.96,degC
34.2667,DO,39.343,%
34.2667,feed_rate,8.217,mL/h
34.2667,pH,6.366,-
34.2667,temp,29.927,degC
34.2833,DO,39.019,%
34.2833,feed_rate,8.217,mL/h
34.2833,pH,6.358,-
34.2833,temp,30.047,degC
34.3,DO,39.215,%
34.3,feed_rate,8.217,mL/h
34.3,pH,6.354,-
34.3,temp,30.069,degC
34.3167,DO,39.342,%
34.3167,feed_rate,8.217,mL/h
34.3167,pH,6.367,-
34.3167,temp,30.039,degC
34.3333,DO,39.616,%
34.3333,feed_rate,8.217,mL/h
34.3333,pH,6.344,-
34.3333,temp,30.014,degC
34.35,DO,40.155,%
34.35,feed_rate,8.217,mL/h
34.35,pH,6.38,-
34.35,temp,30.048,degC
34.3667,DO,40.0,%
34.3667,feed_rate,8.217,mL/h
34.3667,pH,6.346,-
34.3667,temp,29.993,degC
34.3833,DO,40.36,%
34.3833,feed_rate,8.217,mL/h
34.3833,pH,6.342,-
34.3833,temp,30.025,degC
34.4,DO,39.88,%
34.4,feed_rate,8.217,mL/h
34.4,pH,6.365,-
34.4,temp,29.948,degC
34.4167,DO,39.88,%
34.4167,feed_rate,8.217,mL/h
34.4167,pH,6.351,-
34.4167,temp,29.932,degC
34.4333,DO,40.118,%
34.4333,feed_rate,8.217,mL/h
34.4333,pH,6.368,-
34.4333,temp,29.98,degC
34.45,DO,40.607,%
34.45,feed_rate,8.217,mL/h
34.45,pH,6.348,-
34.45,temp,30.006,degC
34.4667,DO,40.086,%
34.4667,feed_rate,8.217,mL/h
34.4667,pH,6.376,-
34.4667,temp,30.021,degC
34.4833,DO,39.921,%
34.4833,feed_rate,8.217,mL/h
34.4833,pH,6.374,-
34.4833,temp,30.031,degC
34.5,DO,39.908,%
34.5,feed_rate,8.217,mL/h
34.5,pH,6.351,-
34.5,temp,29.942,degC
34.5167,DO,39.825,%
34.5167,feed_rate,8.217,mL/h
34.5167,pH,6.381,-
34.5167,temp,30.03,degC
34.5333,DO,39.504,%
34.5333,feed_rate,8.217,mL/h
34.5333,pH,6.357,-
34.5333,temp,30.059,degC
34.55,DO,39.043,%
34.55,feed_rate,8.217,mL/h
34.55,pH,6.361,-
34.55,temp,29.987,degC
34.5667,DO,38.797,%
34.5667,feed_rate,8.217,mL/h
34.5667,pH,6.355,-
34.5667,temp,29.97,degC
34.5833,DO,38.941,%
34.5833,feed_rate,8.217,mL/h
34.5833,pH,6.364,-
34.5833,temp,29.962,degC
34.6,DO,38.68,%
34.6,feed_rate,8.217,mL/h
34.6,pH,6.365,-
34.6,temp,30.022,degC
34.6167,DO,39.403,%
34.6167,feed_rate,8.217,mL/h
34.6167,pH,6.36,-
34.6167,temp,29.944,degC
34.6333,DO,39.817,%
34.6333,feed_rate,8.217,mL/h
34.6333,pH,6.364,-
34.6333,temp,30.058,degC
34.65,DO,39.212,%
34.65,feed_rate,8.217,mL/h
34.65,pH,6.362,-
34.65,temp,30.019,degC
34.6667,DO,39.15,%
34.6667,feed_rate,8.217,mL/h
34.6667,pH,6.366,-
34.6667,temp,29.98,degC
34.6833,DO,39.644,%
34.6833,feed_rate,8.217,mL/h
34.6833,pH,6.348,-
34.6833,temp,30.028,degC
34.7,DO,40.076,%
34.7,feed_rate,8.217,mL/h
34.7,pH,6.357,-
34.7,temp,30.047,degC
34.7167,DO,40.323,%
34.7167,feed_rate,8.217,mL/h
34.7167,pH,6.349,-
34.7167,temp,29.987,degC
34.7333,DO,39.757,%
34.7333,feed_rate,8.217,mL/h
34.7333,pH,6.36,-
34.7333,temp,29.946,degC
34.75,DO,39.623,%
34.75,feed_rate,8.217,mL/h
34.75,pH,6.36,-
34.75,temp,29.981,degC
34.7667,DO,40.008,%
34.7667,feed_rate,8.217,mL/h
34.7667,pH,6.359,-
34.7667,temp,29.961,degC
34.7833,DO,39.965,%
34.7833,feed_rate,8.217,mL/h
34.7833,pH,6.354,-
34.7833,temp,30.03,degC
34.8,DO,39.762,%
34.8,feed_rate,8.217,mL/h
34.8,pH,6.379,-
34.8,temp,30.029,degC
34.8167,DO,39.887,%
34.8167,feed_rate,8.217,mL/h
34.8167,pH,6.351,-
34.8167,temp,30.077,degC
34.8333,DO,40.132,%
34.8333,feed_rate,8.217,mL/h
34.8333,pH,6.365,-
34.8333,temp,30.007,degC
34.85,DO,40.074,%
34.85,feed_rate,8.217,mL/h
34.85,pH,6.356,-
34.85,temp,30.03,degC
34.8667,DO,40.059,%
34.8667,feed_rate,8.217,mL/h
34.8667,pH,6.375,-
34.8667,temp,29.915,degC
34.8833,DO,40.295,%
34.8833,feed_rate,8.217,mL/h
34.8833,pH,6.372,-
34.8833,temp,29.929,degC
34.9,DO,39.994,%
34.9,feed_rate,8.217,mL/h
34.9,pH,6.364,-
34.9,temp,29.933,degC
34.9167,DO,39.648,%
34.9167,feed_rate,8.217,mL/h
34.9167,pH,6.367,-
34.9167,temp,29.848,degC
34.9333,DO,39.874,%
34.9333,feed_rate,8.217,mL/h
34.9333,pH,6.351,-
34.9333,temp,30.011,degC
34.95,DO,39.466,%
34.95,feed_rate,8.217,mL/h
34.95,pH,6.35,-
34.95,temp,29.887,degC
34.9667,DO,39.648,%
34.9667,feed_rate,8.217,mL/h
34.9667,pH,6.367,-
34.9667,temp,30.097,degC
34.9833,DO,39.425,%
34.9833,feed_rate,8.217,mL/h
34.9833,pH,6.36,-
34.9833,temp,29.919,degC
35.0,DO,39.717,%
35.0,feed_rate,8.217,mL/h
35.0,pH,6.344,-
35.0,temp,29.992,degC
35.0167,DO,39.343,%
35.0167,feed_rate,8.217,mL/h
35.0167,pH,6.358,-
35.0167,temp,29.991,degC
35.0333,DO,39.74,%
35.0333,feed_rate,8.217,mL/h
35.0333,pH,6.346,-
35.0333,temp,30.062,degC
35.05,DO,39.803,%
35.05,feed_rate,8.217,mL/h
35.05,pH,6.345,-
35.05,temp,29.965,degC
35.0667,DO,39.676,%
35.0667,feed_rate,8.217,mL/h
35.0667,pH,6.359,-
35.0667,temp,30.011,degC
35.0833,DO,39.408,%
35.0833,feed_rate,8.217,mL/h
35.0833,pH,6.36,-
35.0833,temp,29.981,degC
35.1,DO,39.405,%
35.1,feed_rate,8.217,mL/h
35.1,pH,6.356,-
35.1,temp,30.013,degC
35.1167,DO,39.171,%
35.1167,feed_rate,8.217,mL/h
35.1167,pH,6.354,-
35.1167,temp,29.988,degC
35.1333,DO,38.902,%
35.1333,feed_rate,8.217,mL/h
35.1333,pH,6.349,-
35.1333,temp,29.922,degC
35.15,DO,39.368,%
35.15,feed_rate,8.217,mL/h
35.15,pH,6.357,-
35.15,temp,29.968,degC
35.1667,DO,39.597,%
35.1667,feed_rate,8.217,mL/h
35.1667,pH,6.358,-
35.1667,temp,29.967,degC
35.1833,DO,39.971,%
35.1833,feed_rate,8.217,mL/h
35.1833,pH,6.354,-
35.1833,temp,30.03,degC
35.2,DO,39.495,%
35.2,feed_rate,8.217,mL/h
35.2,pH,6.382,-
35.2,temp,29.922,degC
35.2167,DO,38.936,%
35.2167,feed_rate,8.217,mL/h
35.2167,pH,6.356,-
35.2167,temp,30.095,degC
35.2333,DO,38.597,%
35.2333,feed_rate,8.217,mL/h
35.2333,pH,6.36,-
35.2333,temp,29.95,degC
35.25,DO,38.996,%
35.25,feed_rate,8.217,mL/h
35.25,pH,6.351,-
35.25,temp,30.011,degC
35.2667,DO,39.362,%
35.2667,feed_rate,8.217,mL/h
35.2667,pH,6.357,-
35.2667,temp,30.015,degC
35.2833,DO,38.857,%
35.2833,feed_rate,8.217,mL/h
35.2833,pH,6.359,-
35.2833,temp,30.011,degC
35.3,DO,39.315,%
35.3,feed_rate,8.217,mL/h
35.3,pH,6.364,-
35.3,temp,29.936,degC
35.3167,DO,39.243,%
35.3167,feed_rate,8.217,mL/h
35.3167,pH,6.328,-
35.3167,temp,30.025,degC
35.3333,DO,38.958,%
35.3333,feed_rate,8.217,mL/h
35.3333,pH,6.369,-
35.3333,temp,29.921,degC
35.35,DO,39.064,%
35.35,feed_rate,8.217,mL/h
35.35,pH,6.364,-
35.35,temp,29.984,degC
35.3667,DO,39.344,%
35.3667,feed_rate,8.217,mL/h
35.3667,pH,6.361,-
35.3667,temp,29.98,degC
35.3833,DO,39.332,%
35.3833,feed_rate,8.217,mL/h
35.3833,pH,6.348,-
35.3833,temp,29.944,degC
35.4,DO,39.334,%
35.4,feed_rate,8.217,mL/h
35.4,pH,6.34,-
35.4,temp,30.05,degC
35.4167,DO,39.136,%
35.4167,feed_rate,8.217,mL/h
35.4167,pH,6.347,-
35.4167,temp,29.897,degC
35.4333,DO,38.803,%
35.4333,feed_rate,8.217,mL/h
35.4333,pH,6.365,-
35.4333,temp,30.05,degC
35.45,DO,38.85,%
35.45,feed_rate,8.217,mL/h
35.45,pH,6.364,-
35.45,temp,29.974,degC
35.4667,DO,38.512,%
35.4667,feed_rate,8.217,mL/h
35.4667,pH,6.358,-
35.4667,temp,29.927,degC
35.4833,DO,38.91,%
35.4833,feed_rate,8.217,mL/h
35.4833,pH,6.365,-
35.4833,temp,30.014,degC
35.5,DO,38.792,%
35.5,feed_rate,8.217,mL/h
35.5,pH,6.348,-
35.5,temp,30.012,degC
35.5167,DO,39.347,%
35.5167,feed_rate,8.217,mL/h
35.5167,pH,6.347,-
35.5167,temp,29.943,degC
35.5333,DO,38.92,%
35.5333,feed_rate,8.217,mL/h
35.5333,pH,6.37,-
35.5333,temp,29.993,degC
35.55,DO,39.478,%
35.55,feed_rate,8.217,mL/h
35.55,pH,6.369,-
35.55,temp,30.084,degC
35.5667,DO,39.236,%
35.5667,feed_rate,8.217,mL/h
35.5667,pH,6.365,-
35.5667,temp,29.995,degC
35.5833,DO,39.041,%
35.5833,feed_rate,8.217,mL/h
35.5833,pH,6.368,-
35.5833,temp,29.988,degC
35.6,DO,39.24,%
35.6,feed_rate,8.217,mL/h
35.6,pH,6.357,-
35.6,temp,30.127,degC
35.6167,DO,39.581,%
35.6167,feed_rate,8.217,mL/h
35.6167,pH,6.334,-
35.6167,temp,30.005,degC
35.6333,DO,39.572,%
35.6333,feed_rate,8.217,mL/h
35.6333,pH,6.355,-
35.6333,temp,30.008,degC
35.65,DO,39.469,%
35.65,feed_rate,8.217,mL/h
35.65,pH,6.368,-
35.65,temp,30.009,degC
35.6667,DO,40.093,%
35.6667,feed_rate,8.217,mL/h
35.6667,pH,6.355,-
35.6667,temp,29.973,degC
35.6833,DO,40.146,%
35.6833,feed_rate,8.217,mL/h
35.6833,pH,6.364,-
35.6833,temp,29.942,degC
35.7,DO,39.674,%
35.7,feed_rate,8.217,mL/h
35.7,pH,6.363,-
35.7,temp,30.029,degC
35.7167,DO,39.579,%
35.7167,feed_rate,8.217,mL/h
35.7167,pH,6.348,-
35.7167,temp,30.032,degC
35.7333,DO,40.09,%
35.7333,feed_rate,8.217,mL/h
35.7333,pH,6.362,-
35.7333,temp,29.987,degC
35.75,DO,40.09,%
35.75,feed_rate,8.217,mL/h
35.75,pH,6.358,-
35.75,temp,29.942,degC
35.7667,DO,40.239,%
35.7667,feed_rate,8.217,mL/h
35.7667,pH,6.342,-
35.7667,temp,29.981,degC
35.7833,DO,40.72,%
35.7833,feed_rate,8.217,mL/h
35.7833,pH,6.367,-
35.7833,temp,30.02,degC
35.8,DO,40.316,%
35.8,feed_rate,8.217,mL/h
35.8,pH,6.346,-
35.8,temp,30.05,degC
35.8167,DO,40.284,%
35.8167,feed_rate,8.217,mL/h
35.8167,pH,6.361,-
35.8167,temp,29.946,degC
35.8333,DO,39.945,%
35.8333,feed_rate,8.217,mL/h
35.8333,pH,6.362,-
35.8333,temp,29.981,degC
35.85,DO,39.873,%
35.85,feed_rate,8.217,mL/h
35.85,pH,6.349,-
35.85,temp,30.014,degC
35.8667,DO,39.978,%
35.8667,feed_rate,8.217,mL/h
35.8667,pH,6.347,-
35.8667,temp,30.021,degC
35.8833,DO,39.5,%
35.8833,feed_rate,8.217,mL/h
35.8833,pH,6.361,-
35.8833,temp,30.004,degC
35.9,DO,39.562,%
35.9,feed_rate,8.217,mL/h
35.9,pH,6.359,-
35.9,temp,29.985,degC
35.9167,DO,39.611,%
35.9167,feed_rate,8.217,mL/h
35.9167,pH,6.368,-
35.9167,temp,30.047,degC
35.9333,DO,39.924,%
35.9333,feed_rate,8.217,mL/h
35.9333,pH,6.358,-
35.9333,temp,30.028,degC
35.95,DO,39.679,%
35.95,feed_rate,8.217,mL/h
35.95,pH,6.361,-
35.95,temp,29.938,degC
35.9667,DO,39.279,%
35.9667,feed_rate,8.217,mL/h
35.9667,pH,6.358,-
35.9667,temp,30.156,degC
35.9833,DO,39.46,%
35.9833,feed_rate,8.217,mL/h
35.9833,pH,6.365,-
35.9833,temp,30.055,degC
36.0,DO,39.148,%
36.0,feed_rate,8.217,mL/h
36.0,pH,6.346,-
36.0,temp,29.954,degC
36.0167,DO,39.291,%
36.0167,feed_rate,8.217,mL/h
36.0167,pH,6.337,-
36.0167,temp,29.984,degC
36.0333,DO,39.521,%
36.0333,feed_rate,8.217,mL/h
36.0333,pH,6.361,-
36.0333,temp,29.919,degC
36.05,DO,39.27,%
36.05,feed_rate,8.217,mL/h
36.05,pH,6.354,-
36.05,temp,29.953,degC
36.0667,DO,39.297,%
36.0667,feed_rate,8.217,mL/h
36.0667,pH,6.349,-
36.0667,temp,29.948,degC
36.0833,DO,39.042,%
36.0833,feed_rate,8.217,mL/h
36.0833,pH,6.372,-
36.0833,temp,29.979,degC
36.1,DO,38.297,%
36.1,feed_rate,8.217,mL/h
36.1,pH,6.341,-
36.1,temp,30.052,degC
36.1167,DO,37.306,%
36.1167,feed_rate,10.244,mL/h
36.1167,pH,6.353,-
36.1167,temp,30.008,degC
36.1333,DO,36.322,%
36.1333,feed_rate,10.244,mL/h
36.1333,pH,6.364,-
36.1333,temp,29.988,degC
36.15,DO,36.167,%
36.15,feed_rate,10.244,mL/h
36.15,pH,6.353,-
36.15,temp,30.004,degC
36.1667,DO,35.717,%
36.1667,feed_rate,10.244,mL/h
36.1667,pH,6.351,-
36.1667,temp,29.976,degC
36.1833,DO,35.634,%
36.1833,feed_rate,10.244,mL/h
36.1833,pH,6.358,-
36.1833,temp,30.013,degC
36.2,DO,35.597,%
36.2,feed_rate,10.244,mL/h
36.2,pH,6.351,-
36.2,temp,30.04,degC
36.2167,DO,35.901,%
36.2167,feed_rate,10.244,mL/h
36.2167,pH,6.338,-
36.2167,temp,30.096,degC
36.2333,DO,35.72,%
36.2333,feed_rate,10.244,mL/h
36.2333,pH,6.342,-
36.2333,temp,30.0,degC
36.25,DO,35.558,%
36.25,feed_rate,10.244,mL/h
36.25,pH,6.362,-
36.25,temp,29.948,degC
36.2667,DO,35.702,%
36.2667,feed_rate,10.244,mL/h
36.2667,pH,6.361,-
36.2667,temp,30.039,degC
36.2833,DO,36.151,%
36.2833,feed_rate,10.244,mL/h
36.2833,pH,6.343,-
36.2833,temp,29.95,degC
36.3,DO,36.001,%
36.3,feed_rate,10.244,mL/h
36.3,pH,6.357,-
36.3,temp,29.95,degC
36.3167,DO,36.007,%
36.3167,feed_rate,10.244,mL/h
36.3167,pH,6.361,-
36.3167,temp,30.006,degC
36.3333,DO,35.851,%
36.3333,feed_rate,10.244,mL/h
36.3333,pH,6.361,-
36.3333,temp,30.063,degC
36.35,DO,35.573,%
36.35,feed_rate,10.244,mL/h
36.35,pH,6.369,-
36.35,temp,29.948,degC
36.3667,DO,35.098,%
36.3667,feed_rate,10.244,mL/h
36.3667,pH,6.364,-
36.3667,temp,30.073,degC
36.3833,DO,35.158,%
36.3833,feed_rate,10.244,mL/h
36.3833,pH,6.354,-
36.3833,temp,29.987,degC
36.4,DO,35.149,%
36.4,feed_rate,10.244,mL/h
36.4,pH,6.352,-
36.4,temp,30.046,degC
36.4167,DO,35.148,%
36.4167,feed_rate,10.244,mL/h
36.4167,pH,6.361,-
36.4167,temp,29.986,degC
36.4333,DO,35.818,%
36.4333,feed_rate,10.244,mL/h
36.4333,pH,6.343,-
36.4333,temp,29.975,degC
36.45,DO,35.657,%
36.45,feed_rate,10.244,mL/h
36.45,pH,6.338,-
36.45,temp,30.027,degC
36.4667,DO,35.729,%
36.4667,feed_rate,10.244,mL/h
36.4667,pH,6.362,-
36.4667,temp,29.96,degC
36.4833,DO,35.582,%
36.4833,feed_rate,10.244,mL/h
36.4833,pH,6.365,-
36.4833,temp,29.979,degC
36.5,DO,35.924,%
36.5,feed_rate,10.244,mL/h
36.5,pH,6.36,-
36.5,temp,30.054,degC
36.5167,DO,35.756,%
36.5167,feed_rate,10.244,mL/h
36.5167,pH,6.357,-
36.5167,temp,30.008,degC
36.5333,DO,36.269,%
36.5333,feed_rate,10.244,mL/h
36.5333,pH,6.338,-
36.5333,temp,30.017,degC
36.55,DO,36.04,%
36.55,feed_rate,10.244,mL/h
36.55,pH,6.34,-
36.55,temp,29.911,degC
36.5667,DO,36.17,%
36.5667,feed_rate,10.244,mL/h
36.5667,pH,6.348,-
36.5667,temp,29.981,degC
36.5833,DO,36.347,%
36.5833,feed_rate,10.244,mL/h
36.5833,pH,6.37,-
36.5833,temp,29.976,degC
36.6,DO,36.11,%
36.6,feed_rate,10.244,mL/h
36.6,pH,6.351,-
36.6,temp,29.982,degC
36.6167,DO,36.25,%
36.6167,feed_rate,10.244,mL/h
36.6167,pH,6.355,-
36.6167,temp,30.12,degC
36.6333,DO,36.124,%
36.6333,feed_rate,10.244,mL/h
36.6333,pH,6.346,-
36.6333,temp,29.958,degC
36.65,DO,35.775,%
36.65,feed_rate,10.244,mL/h
36.65,pH,6.367,-
36.65,temp,29.951,degC
36.6667,DO,35.523,%
36.6667,feed_rate,10.244,mL/h
36.6667,pH,6.335,-
36.6667,temp,29.982,degC
36.6833,DO,35.623,%
36.6833,feed_rate,10.244,mL/h
36.6833,pH,6.37,-
36.6833,temp,29.977,degC
36.7,DO,36.14,%
36.7,feed_rate,10.244,mL/h
36.7,pH,6.353,-
36.7,temp,29.883,degC
36.7167,DO,35.869,%
36.7167,feed_rate,10.244,mL/h
36.7167,pH,6.327,-
36.7167,temp,29.962,degC
36.7333,DO,35.964,%
36.7333,feed_rate,10.244,mL/h
36.7333,pH,6.354,-
36.7333,temp,30.041,degC
36.75,DO,35.633,%
36.75,feed_rate,10.244,mL/h
36.75,pH,6.359,-
36.75,temp,30.025,degC
36.7667,DO,35.688,%
36.7667,feed_rate,10.244,mL/h
36.7667,pH,6.359,-
36.7667,temp,30.025,degC
36.7833,DO,35.263,%
36.7833,feed_rate,10.244,mL/h
36.7833,pH,6.358,-
36.7833,temp,30.0,degC
36.8,DO,35.078,%
36.8,feed_rate,10.244,mL/h
36.8,pH,6.35,-
36.8,temp,29.995,degC
36.8167,DO,35.165,%
36.8167,feed_rate,10.244,mL/h
36.8167,pH,6.35,-
36.8167,temp,29.951,degC
36.8333,DO,35.011,%
36.8333,feed_rate,10.244,mL/h
36.8333,pH,6.354,-
36.8333,temp,30.01,degC
36.85,DO,35.032,%
36.85,feed_rate,10.244,mL/h
36.85,pH,6.347,-
36.85,temp,30.074,degC
36.8667,DO,35.433,%
36.8667,feed_rate,10.244,mL/h
36.8667,pH,6.37,-
36.8667,temp,29.982,degC
36.8833,DO,35.414,%
36.8833,feed_rate,10.244,mL/h
36.8833,pH,6.341,-
36.8833,temp,30.037,degC
36.9,DO,35.22,%
36.9,feed_rate,10.244,mL/h
36.9,pH,6.354,-
36.9,temp,30.074,degC
36.9167,DO,34.909,%
36.9167,feed_rate,10.244,mL/h
36.9167,pH,6.35,-
36.9167,temp,29.95,degC
36.9333,DO,34.872,%
36.9333,feed_rate,10.244,mL/h
36.9333,pH,6.338,-
36.9333,temp,30.016,degC
36.95,DO,35.348,%
36.95,feed_rate,10.244,mL/h
36.95,pH,6.366,-
36.95,temp,29.986,degC
36.9667,DO,35.359,%
36.9667,feed_rate,10.244,mL/h
36.9667,pH,6.355,-
36.9667,temp,29.987,degC
36.9833,DO,35.348,%
36.9833,feed_rate,10.244,mL/h
36.9833,pH,6.345,-
36.9833,temp,29.965,degC
37.0,DO,35.6,%
37.0,feed_rate,10.244,mL/h
37.0,pH,6.344,-
37.0,temp,30.007,degC
37.0167,DO,35.837,%
37.0167,feed_rate,10.244,mL/h
37.0167,pH,6.349,-
37.0167,temp,29.958,degC
37.0333,DO,36.076,%
37.0333,feed_rate,10.244,mL/h
37.0333,pH,6.368,-
37.0333,temp,29.938,degC
37.05,DO,35.858,%
37.05,feed_rate,10.244,mL/h
37.05,pH,6.354,-
37.05,temp,30.069,degC
37.0667,DO,35.516,%
37.0667,feed_rate,10.244,mL/h
37.0667,pH,6.343,-
37.0667,temp,29.998,degC
37.0833,DO,35.016,%
37.0833,feed_rate,10.244,mL/h
37.0833,pH,6.353,-
37.0833,temp,29.935,degC
37.1,DO,34.911,%
37.1,feed_rate,10.244,mL/h
37.1,pH,6.345,-
37.1,temp,30.005,degC
37.1167,DO,34.922,%
37.1167,feed_rate,10.244,mL/h
37.1167,pH,6.357,-
37.1167,temp,30.062,degC
37.1333,DO,35.261,%
37.1333,feed_rate,10.244,mL/h
37.1333,pH,6.356,-
37.1333,temp,30.051,degC
37.15,DO,35.409,%
37.15,feed_rate,10.244,mL/h
37.15,pH,6.359,-
37.15,temp,30.026,degC
37.1667,DO,35.261,%
37.1667,feed_rate,10.244,mL/h
37.1667,pH,6.355,-
37.1667,temp,29.971,degC
37.1833,DO,35.579,%
37.1833,feed_rate,10.244,mL/h
37.1833,pH,6.353,-
37.1833,temp,30.083,degC
37.2,DO,35.19,%
37.2,feed_rate,10.244,mL/h
37.2,pH,6.339,-
37.2,temp,30.031,degC
37.2167,DO,34.94,%
37.2167,feed_rate,10.244,mL/h
37.2167,pH,6.354,-
37.2167,temp,30.01,degC
37.2333,DO,34.702,%
37.2333,feed_rate,10.244,mL/h
37.2333,pH,6.362,-
37.2333,temp,30.024,degC
37.25,DO,34.538,%
37.25,feed_rate,10.244,mL/h
37.25,pH,6.337,-
37.25,temp,29.994,degC
37.2667,DO,34.657,%
37.2667,feed_rate,10.244,mL/h
37.2667,pH,6.36,-
37.2667,temp,30.046,degC
37.2833,DO,34.575,%
37.2833,feed_rate,10.244,mL/h
37.2833,pH,6.345,-
37.2833,temp,29.961,degC
37.3,DO,34.535,%
37.3,feed_rate,10.244,mL/h
37.3,pH,6.345,-
37.3,temp,30.006,degC
37.3167,DO,35.133,%
37.3167,feed_rate,10.244,mL/h
37.3167,pH,6.345,-
37.3167,temp,29.995,degC
37.3333,DO,34.77,%
37.3333,feed_rate,10.244,mL/h
37.3333,pH,6.358,-
37.3333,temp,29.946,degC
37.35,DO,34.609,%
37.35,feed_rate,10.244,mL/h
37.35,pH,6.351,-
37.35,temp,30.027,degC
37.3667,DO,34.718,%
37.3667,feed_rate,10.244,mL/h
37.3667,pH,6.353,-
37.3667,temp,29.973,degC
37.3833,DO,35.011,%
37.3833,feed_rate,10.244,mL/h
37.3833,pH,6.341,-
37.3833,temp,29.989,degC
37.4,DO,35.257,%
37.4,feed_rate,10.244,mL/h
37.4,pH,6.366,-
37.4,temp,30.084,degC
37.4167,DO,35.229,%
37.4167,feed_rate,10.244,mL/h
37.4167,pH,6.341,-
37.4167,temp,30.016,degC
37.4333,DO,35.176,%
37.4333,feed_rate,10.244,mL/h
37.4333,pH,6.364,-
37.4333,temp,30.043,degC
37.45,DO,35.163,%
37.45,feed_rate,10.244,mL/h
37.45,pH,6.363,-
37.45,temp,29.972,degC
37.4667,DO,35.457,%
37.4667,feed_rate,10.244,mL/h
37.4667,pH,6.358,-
37.4667,temp,30.046,degC
37.4833,DO,35.191,%
37.4833,feed_rate,10.244,mL/h
37.4833,pH,6.338,-
37.4833,temp,29.948,degC
37.5,DO,34.55,%
37.5,feed_rate,10.244,mL/h
37.5,pH,6.351,-
37.5,temp,29.97,degC
37.5167,DO,34.798,%
37.5167,feed_rate,10.244,mL/h
37.5167,pH,6.343,-
37.5167,temp,29.987,degC
37.5333,DO,34.59,%
37.5333,feed_rate,10.244,mL/h
37.5333,pH,6.366,-
37.5333,temp,30.055,degC
37.55,DO,34.757,%
37.55,feed_rate,10.244,mL/h
37.55,pH,6.353,-
37.55,temp,29.975,degC
37.5667,DO,35.325,%
37.5667,feed_rate,10.244,mL/h
37.5667,pH,6.355,-
37.5667,temp,30.006,degC
37.5833,DO,35.392,%
37.5833,feed_rate,10.244,mL/h
37.5833,pH,6.353,-
37.5833,temp,30.029,degC
37.6,DO,35.968,%
37.6,feed_rate,10.244,mL/h
37.6,pH,6.353,-
37.6,temp,29.913,degC
37.6167,DO,35.399,%
37.6167,feed_rate,10.244,mL/h
37.6167,pH,6.361,-
37.6167,temp,30.098,degC
37.6333,DO,35.494,%
37.6333,feed_rate,10.244,mL/h
37.6333,pH,6.371,-
37.6333,temp,30.051,degC
37.65,DO,35.615,%
37.65,feed_rate,10.244,mL/h
37.65,pH,6.358,-
37.65,temp,29.959,degC
37.6667,DO,35.843,%
37.6667,feed_rate,10.244,mL/h
37.6667,pH,6.362,-
37.6667,temp,29.973,degC
37.6833,DO,35.559,%
37.6833,feed_rate,10.244,mL/h
37.6833,pH,6.357,-
37.6833,temp,30.062,degC
37.7,DO,35.598,%
37.7,feed_rate,10.244,mL/h
37.7,pH,6.354,-
37.7,temp,30.053,degC
37.7167,DO,35.618,%
37.7167,feed_rate,10.244,mL/h
37.7167,pH,6.338,-
37.7167,temp,30.021,degC
37.7333,DO,35.625,%
37.7333,feed_rate,10.244,mL/h
37.7333,pH,6.346,-
37.7333,temp,29.954,degC
37.75,DO,35.191,%
37.75,feed_rate,10.244,mL/h
37.75,pH,6.344,-
37.75,temp,30.06,degC
37.7667,DO,34.738,%
37.7667,feed_rate,10.244,mL/h
37.7667,pH,6.356,-
37.7667,temp,30.073,degC
37.7833,DO,35.057,%
37.7833,feed_rate,10.244,mL/h
37.7833,pH,6.321,-
37.7833,temp,29.93,degC
37.8,DO,35.253,%
37.8,feed_rate,10.244,mL/h
37.8,pH,6.328,-
37.8,temp,30.003,degC
37.8167,DO,35.318,%
37.8167,feed_rate,10.244,mL/h
37.8167,pH,6.345,-
37.8167,temp,30.077,degC
37.8333,DO,35.55,%
37.8333,feed_rate,10.244,mL/h
37.8333,pH,6.354,-
37.8333,temp,29.947,degC
37.85,DO,35.869,%
37.85,feed_rate,10.244,mL/h
37.85,pH,6.346,-
37.85,temp,29.996,degC
37.8667,DO,35.452,%
37.8667,feed_rate,10.244,mL/h
37.8667,pH,6.349,-
37.8667,temp,30.05,degC
37.8833,DO,35.701,%
37.8833,feed_rate,10.244,mL/h
37.8833,pH,6.357,-
37.8833,temp,29.945,degC
37.9,DO,36.114,%
37.9,feed_rate,10.244,mL/h
37.9,pH,6.364,-
37.9,temp,30.01,degC
37.9167,DO,36.305,%
37.9167,feed_rate,10.244,mL/h
37.9167,pH,6.366,-
37.9167,temp,29.901,degC
37.9333,DO,36.328,%
37.9333,feed_rate,10.244,mL/h
37.9333,pH,6.355,-
37.9333,temp,30.047,degC
37.95,DO,36.382,%
37.95,feed_rate,10.244,mL/h
37.95,pH,6.36,-
37.95,temp,30.078,degC
37.9667,DO,35.781,%
37.9667,feed_rate,10.244,mL/h
37.9667,pH,6.346,-
37.9667,temp,30.011,degC
37.9833,DO,35.585,%
37.9833,feed_rate,10.244,mL/h
37.9833,pH,6.341,-
37.9833,temp,30.006,degC
38.0,DO,35.885,%
38.0,feed_rate,10.244,mL/h
38.0,pH,6.355,-
38.0,temp,30.009,degC
38.0167,DO,36.263,%
38.0167,feed_rate,10.244,mL/h
38.0167,pH,6.365,-
38.0167,temp,30.023,degC
38.0333,DO,36.26,%
38.0333,feed_rate,10.244,mL/h
38.0333,pH,6.355,-
38.0333,temp,29.978,degC
38.05,DO,35.983,%
38.05,feed_rate,10.244,mL/h
38.05,pH,6.331,-
38.05,temp,30.018,degC
38.0667,DO,34.673,%
38.0667,feed_rate,13.202,mL/h
38.0667,pH,6.36,-
38.0667,temp,30.038,degC
38.0833,DO,33.924,%
38.0833,feed_rate,13.202,mL/h
38.0833,pH,6.368,-
38.0833,temp,30.014,degC
38.1,DO,33.676,%
38.1,feed_rate,13.202,mL/h
38.1,pH,6.357,-
38.1,temp,30.031,degC
38.1167,DO,33.109,%
38.1167,feed_rate,13.202,mL/h
38.1167,pH,6.347,-
38.1167,temp,30.002,degC
38.1333,DO,32.262,%
38.1333,feed_rate,13.202,mL/h
38.1333,pH,6.341,-
38.1333,temp,30.039,degC
38.15,DO,31.929,%
38.15,feed_rate,13.202,mL/h
38.15,pH,6.338,-
38.15,temp,29.962,degC
38.1667,DO,31.607,%
38.1667,feed_rate,13.202,mL/h
38.1667,pH,6.364,-
38.1667,temp,29.988,degC
38.1833,DO,31.939,%
38.1833,feed_rate,13.202,mL/h
38.1833,pH,6.347,-
38.1833,temp,30.005,degC
38.2,DO,31.664,%
38.2,feed_rate,13.202,mL/h
38.2,pH,6.347,-
38.2,temp,30.103,degC
38.2167,DO,31.276,%
38.2167,feed_rate,13.202,mL/h
38.2167,pH,6.347,-
38.2167,temp,30.088,degC
38.2333,DO,30.932,%
38.2333,feed_rate,13.202,mL/h
38.2333,pH,6.348,-
38.2333,temp,29.97,degC
38.25,DO,30.311,%
38.25,feed_rate,13.202,mL/h
38.25,pH,6.353,-
38.25,temp,30.003,degC
38.2667,DO,29.868,%
38.2667,feed_rate,13.202,mL/h
38.2667,pH,6.345,-
38.2667,temp,29.988,degC
38.2833,DO,29.686,%
38.2833,feed_rate,13.202,mL/h
38.2833,pH,6.352,-
38.2833,temp,29.958,degC
38.3,DO,29.44,%
38.3,feed_rate,13.202,mL/h
38.3,pH,6.344,-
38.3,temp,29.971,degC
38.3167,DO,29.545,%
38.3167,feed_rate,13.202,mL/h
38.3167,pH,6.341,-
38.3167,temp,30.044,degC
38.3333,DO,29.601,%
38.3333,feed_rate,13.202,mL/h
38.3333,pH,6.332,-
38.3333,temp,29.924,degC
38.35,DO,29.898,%
38.35,feed_rate,13.202,mL/h
38.35,pH,6.35,-
38.35,temp,30.058,degC
38.3667,DO,30.309,%
38.3667,feed_rate,13.202,mL/h
38.3667,pH,6.361,-
38.3667,temp,29.972,degC
38.3833,DO,30.229,%
38.3833,feed_rate,13.202,mL/h
38.3833,pH,6.355,-
38.3833,temp,30.009,degC
38.4,DO,30.061,%
38.4,feed_rate,13.202,mL/h
38.4,pH,6.359,-
38.4,temp,30.002,degC
38.4167,DO,29.427,%
38.4167,feed_rate,13.202,mL/h
38.4167,pH,6.345,-
38.4167,temp,29.977,degC
38.4333,DO,29.591,%
38.4333,feed_rate,13.202,mL/h
38.4333,pH,6.341,-
38.4333,temp,30.028,degC
38.45,DO,29.807,%
38.45,feed_rate,13.202,mL/h
38.45,pH,6.341,-
38.45,temp,29.979,degC
38.4667,DO,29.551,%
38.4667,feed_rate,13.202,mL/h
38.4667,pH,6.337,-
38.4667,temp,30.007,degC
38.4833,DO,29.459,%
38.4833,feed_rate,13.202,mL/h
38.4833,pH,6.356,-
38.4833,temp,30.098,degC
38.5,DO,29.293,%
38.5,feed_rate,13.202,mL/h
38.5,pH,6.36,-
38.5,temp,29.976,degC
38.5167,DO,29.688,%
38.5167,feed_rate,13.202,mL/h
38.5167,pH,6.341,-
38.5167,temp,30.067,degC
38.5333,DO,29.872,%
38.5333,feed_rate,13.202,mL/h
38.5333,pH,6.352,-
38.5333,temp,29.942,degC
38.55,DO,30.198,%
38.55,feed_rate,13.202,mL/h
38.55,pH,6.334,-
38.55,temp,30.113,degC
38.5667,DO,29.733,%
38.5667,feed_rate,13.202,mL/h
38.5667,pH,6.351,-
38.5667,temp,29.886,degC
38.5833,DO,30.52,%
38.5833,feed_rate,13.202,mL/h
38.5833,pH,6.355,-
38.5833,temp,29.994,degC
38.6,DO,30.094,%
38.6,feed_rate,13.202,mL/h
38.6,pH,6.339,-
38.6,temp,29.906,degC
38.6167,DO,29.703,%
38.6167,feed_rate,13.202,mL/h
38.6167,pH,6.36,-
38.6167,temp,29.994,degC
38.6333,DO,29.754,%
38.6333,feed_rate,13.202,mL/h
38.6333,pH,6.343,-
38.6333,temp,29.991,degC
38.65,DO,29.571,%
38.65,feed_rate,13.202,mL/h
38.65,pH,6.35,-
38.65,temp,29.927,degC
38.6667,DO,30.136,%
38.6667,feed_rate,13.202,mL/h
38.6667,pH,6.364,-
38.6667,temp,30.005,degC
38.6833,DO,29.919,%
38.6833,feed_rate,13.202,mL/h
38.6833,pH,6.332,-
38.6833,temp,30.052,degC
38.7,DO,29.662,%
38.7,feed_rate,13.202,mL/h
38.7,pH,6.352,-
38.7,temp,30.018,degC
38.7167,DO,29.956,%
38.7167,feed_rate,13.202,mL/h
38.7167,pH,6.344,-
38.7167,temp,29.978,degC
38.7333,DO,30.264,%
38.7333,feed_rate,13.202,mL/h
38.7333,pH,6.362,-
38.7333,temp,30.056,degC
38.75,DO,29.892,%
38.75,feed_rate,13.202,mL/h
38.75,pH,6.347,-
38.75,temp,30.079,degC
38.7667,DO,29.702,%
38.7667,feed_rate,13.202,mL/h
38.7667,pH,6.345,-
38.7667,temp,29.958,degC
38.7833,DO,29.585,%
38.7833,feed_rate,13.202,mL/h
38.7833,pH,6.352,-
38.7833,temp,30.022,degC
38.8,DO,29.551,%
38.8,feed_rate,13.202,mL/h
38.8,pH,6.364,-
38.8,temp,29.942,degC
38.8167,DO,30.085,%
38.8167,feed_rate,13.202,mL/h
38.8167,pH,6.341,-
38.8167,temp,29.966,degC
38.8333,DO,30.376,%
38.8333,feed_rate,13.202,mL/h
38.8333,pH,6.337,-
38.8333,temp,30.03,degC
38.85,DO,30.552,%
38.85,feed_rate,13.202,mL/h
38.85,pH,6.339,-
38.85,temp,30.033,degC
38.8667,DO,30.754,%
38.8667,feed_rate,13.202,mL/h
38.8667,pH,6.356,-
38.8667,temp,30.047,degC
38.8833,DO,30.538,%
38.8833,feed_rate,13.202,mL/h
38.8833,pH,6.328,-
38.8833,temp,29.981,degC
38.9,DO,30.622,%
38.9,feed_rate,13.202,mL/h
38.9,pH,6.335,-
38.9,temp,30.05,degC
38.9167,DO,30.405,%
38.9167,feed_rate,13.202,mL/h
38.9167,pH,6.339,-
38.9167,temp,30.098,degC
38.9333,DO,30.027,%
38.9333,feed_rate,13.202,mL/h
38.9333,pH,6.337,-
38.9333,temp,30.029,degC
38.95,DO,30.45,%
38.95,feed_rate,13.202,mL/h
38.95,pH,6.344,-
38.95,temp,30.048,degC
38.9667,DO,29.761,%
38.9667,feed_rate,13.202,mL/h
38.9667,pH,6.338,-
38.9667,temp,30.004,degC
38.9833,DO,29.738,%
38.9833,feed_rate,13.202,mL/h
38.9833,pH,6.325,-
38.9833,temp,30.046,degC
39.0,DO,29.545,%
39.0,feed_rate,13.202,mL/h
39.0,pH,6.368,-
39.0,temp,30.094,degC
39.0167,DO,29.064,%
39.0167,feed_rate,13.202,mL/h
39.0167,pH,6.355,-
39.0167,temp,30.015,degC
39.0333,DO,29.063,%
39.0333,feed_rate,13.202,mL/h
39.0333,pH,6.343,-
39.0333,temp,29.964,degC
39.05,DO,29.197,%
39.05,feed_rate,13.202,mL/h
39.05,pH,6.339,-
39.05,temp,29.994,degC
39.0667,DO,29.421,%
39.0667,feed_rate,13.202,mL/h
39.0667,pH,6.338,-
39.0667,temp,30.026,degC
39.0833,DO,29.215,%
39.0833,feed_rate,13.202,mL/h
39.0833,pH,6.326,-
39.0833,temp,29.981,degC
39.1,DO,29.522,%
39.1,feed_rate,13.202,mL/h
39.1,pH,6.333,-
39.1,temp,30.099,degC
39.1167,DO,29.635,%
39.1167,feed_rate,13.202,mL/h
39.1167,pH,6.346,-
39.1167,temp,29.914,degC
39.1333,DO,29.875,%
39.1333,feed_rate,13.202,mL/h
39.1333,pH,6.347,-
39.1333,temp,30.01,degC
39.15,DO,29.246,%
39.15,feed_rate,13.202,mL/h
39.15,pH,6.358,-
39.15,temp,30.016,degC
39.1667,DO,29.184,%
39.1667,feed_rate,13.202,mL/h
39.1667,pH,6.344,-
39.1667,temp,30.049,degC
39.1833,DO,29.085,%
39.1833,feed_rate,13.202,mL/h
39.1833,pH,6.338,-
39.1833,temp,30.052,degC
39.2,DO,29.363,%
39.2,feed_rate,13.202,mL/h
39.2,pH,6.353,-
39.2,temp,29.994,degC
39.2167,DO,29.191,%
39.2167,feed_rate,13.202,mL/h
39.2167,pH,6.35,-
39.2167,temp,30.018,degC
39.2333,DO,29.121,%
39.2333,feed_rate,13.202,mL/h
39.2333,pH,6.331,-
39.2333,temp,29.965,degC
39.25,DO,28.875,%
39.25,feed_rate,13.202,mL/h
39.25,pH,6.337,-
39.25,temp,29.962,degC
39.2667,DO,28.663,%
39.2667,feed_rate,13.202,mL/h
39.2667,pH,6.353,-
39.2667,temp,30.009,degC
39.2833,DO,28.57,%
39.2833,feed_rate,13.202,mL/h
39.2833,pH,6.336,-
39.2833,temp,29.998,degC
39.3,DO,29.066,%
39.3,feed_rate,13.202,mL/h
39.3,pH,6.345,-
39.3,temp,30.023,degC
39.3167,DO,28.853,%
39.3167,feed_rate,13.202,mL/h
39.3167,pH,6.334,-
39.3167,temp,29.978,degC
39.3333,DO,28.271,%
39.3333,feed_rate,13.202,mL/h
39.3333,pH,6.354,-
39.3333,temp,29.933,degC
39.35,DO,28.623,%
39.35,feed_rate,13.202,mL/h
39.35,pH,6.364,-
39.35,temp,30.045,degC
39.3667,DO,28.681,%
39.3667,feed_rate,13.202,mL/h
39.3667,pH,6.323,-
39.3667,temp,30.055,degC
39.3833,DO,29.028,%
39.3833,feed_rate,13.202,mL/h
39.3833,pH,6.333,-
39.3833,temp,30.006,degC
39.4,DO,29.3,%
39.4,feed_rate,13.202,mL/h
39.4,pH,6.35,-
39.4,temp,30.047,degC
39.4167,DO,29.263,%
39.4167,feed_rate,13.202,mL/h
39.4167,pH,6.346,-
39.4167,temp,29.965,degC
39.4333,DO,29.201,%
39.4333,feed_rate,13.202,mL/h
39.4333,pH,6.342,-
39.4333,temp,30.057,degC
39.45,DO,29.112,%
39.45,feed_rate,13.202,mL/h
39.45,pH,6.33,-
39.45,temp,29.959,degC
39.4667,DO,29.203,%
39.4667,feed_rate,13.202,mL/h
39.4667,pH,6.325,-
39.4667,temp,30.033,degC
39.4833,DO,29.046,%
39.4833,feed_rate,13.202,mL/h
39.4833,pH,6.339,-
39.4833,temp,30.012,degC
39.5,DO,29.211,%
39.5,feed_rate,13.202,mL/h
39.5,pH,6.353,-
39.5,temp,30.064,degC
39.5167,DO,29.7,%
39.5167,feed_rate,13.202,mL/h
39.5167,pH,6.353,-
39.5167,temp,30.04,degC
39.5333,DO,29.476,%
39.5333,feed_rate,13.202,mL/h
39.5333,pH,6.367,-
39.5333,temp,30.048,degC
39.55,DO,29.309,%
39.55,feed_rate,13.202,mL/h
39.55,pH,6.326,-
39.55,temp,30.012,degC
39.5667,DO,29.172,%
39.5667,feed_rate,13.202,mL/h
39.5667,pH,6.345,-
39.5667,temp,30.081,degC
39.5833,DO,29.438,%
39.5833,feed_rate,13.202,mL/h
39.5833,pH,6.346,-
39.5833,temp,30.1,degC
39.6,DO,29.663,%
39.6,feed_rate,13.202,mL/h
39.6,pH,6.362,-
39.6,temp,29.975,degC
39.6167,DO,30.077,%
39.6167,feed_rate,13.202,mL/h
39.6167,pH,6.336,-
39.6167,temp,30.016,degC
39.6333,DO,30.193,%
39.6333,feed_rate,13.202,mL/h
39.6333,pH,6.357,-
39.6333,temp,30.03,degC
39.65,DO,30.11,%
39.65,feed_rate,13.202,mL/h
39.65,pH,6.327,-
39.65,temp,30.022,degC
39.6667,DO,30.142,%
39.6667,feed_rate,13.202,mL/h
39.6667,pH,6.353,-
39.6667,temp,29.965,degC
39.6833,DO,29.64,%
39.6833,feed_rate,13.202,mL/h
39.6833,pH,6.333,-
39.6833,temp,29.989,degC
39.7,DO,29.799,%
39.7,feed_rate,13.202,mL/h
39.7,pH,6.332,-
39.7,temp,29.973,degC
39.7167,DO,29.81,%
39.7167,feed_rate,13.202,mL/h
39.7167,pH,6.346,-
39.7167,temp,29.96,degC
39.7333,DO,30.389,%
39.7333,feed_rate,13.202,mL/h
39.7333,pH,6.338,-
39.7333,temp,29.988,degC
39.75,DO,30.642,%
39.75,feed_rate,13.202,mL/h
39.75,pH,6.345,-
39.75,temp,30.022,degC
39.7667,DO,30.186,%
39.7667,feed_rate,13.202,mL/h
39.7667,pH,6.341,-
39.7667,temp,29.975,degC
39.7833,DO,29.899,%
39.7833,feed_rate,13.202,mL/h
39.7833,pH,6.334,-
39.7833,temp,29.938,degC
39.8,DO,30.102,%
39.8,feed_rate,13.202,mL/h
39.8,pH,6.35,-
39.8,temp,29.981,degC
39.8167,DO,29.381,%
39.8167,feed_rate,13.202,mL/h
39.8167,pH,6.339,-
39.8167,temp,29.979,degC
39.8333,DO,29.15,%
39.8333,feed_rate,13.202,mL/h
39.8333,pH,6.334,-
39.8333,temp,30.009,degC
39.85,DO,29.35,%
39.85,feed_rate,13.202,mL/h
39.85,pH,6.334,-
39.85,temp,30.066,degC
39.8667,DO,29.593,%
39.8667,feed_rate,13.202,mL/h
39.8667,pH,6.322,-
39.8667,temp,30.059,degC
39.8833,DO,29.65,%
39.8833,feed_rate,13.202,mL/h
39.8833,pH,6.328,-
39.8833,temp,29.861,degC
39.9,DO,29.989,%
39.9,feed_rate,13.202,mL/h
39.9,pH,6.344,-
39.9,temp,30.173,degC
39.9167,DO,29.83,%
39.9167,feed_rate,13.202,mL/h
39.9167,pH,6.343,-
39.9167,temp,30.087,degC
39.9333,DO,29.813,%
39.9333,feed_rate,13.202,mL/h
39.9333,pH,6.339,-
39.9333,temp,29.947,degC
39.95,DO,29.712,%
39.95,feed_rate,13.202,mL/h
39.95,pH,6.354,-
39.95,temp,30.021,degC
39.9667,DO,29.363,%
39.9667,feed_rate,13.202,mL/h
39.9667,pH,6.341,-
39.9667,temp,29.956,degC
39.9833,DO,29.424,%
39.9833,feed_rate,13.202,mL/h
39.9833,pH,6.341,-
39.9833,temp,30.115,degC
